Entity,Year,electricity_access,Access to clean fuels for cooking,Renewable-electricity-generating-capacity-per-capita,Financial flows to developing countries (US $),renewable_share,fossil_electricity,Electricity from nuclear (TWh),Electricity from renewables (TWh),Low-carbon electricity (% electricity),energy_per_capita,energy_intensity,co2_emissions,Renewables (% equivalent primary energy),gdp_growth,gdp_per_capita,Density\n(P/Km2),Land Area(Km2),Latitude,Longitude,Entity_wb,Economy,income_group,region,log_co2,log_gdp,renew_x_gdp,renew_x_growth,log_gdp_sq
Afghanistan,2003,14.738506,9.5,8.09,25970000.0,36.66,0.31,0.0,0.63,67.02128,229.96822,1.4,1220.000029,,8.832277813,190.6838143,60,652230.0,33.93911,67.709953,Afghanistan,Afghanistan,Low income,"Middle East, North Africa, Afghanistan & Pakistan",7.107425497861728,5.255847214040448,192.6793588667228,323.79130462457994,27.623929937336737
Afghanistan,2004,20.064968,10.9,7.75,,44.24,0.33,0.0,0.56,62.92135,204.23125,1.2,1029.999971,,1.414117981,211.3820742,60,652230.0,33.93911,67.709953,Afghanistan,Afghanistan,Low income,"Middle East, North Africa, Afghanistan & Pakistan",6.938284455888929,5.35838688938436,237.05503598636412,62.56057947944,28.7123100563262
Afghanistan,2005,25.390894,12.2,7.51,9830000.0,33.88,0.34,0.0,0.59,63.440857,252.06912,1.41,1549.999952,,11.22971482,242.0313132,60,652230.0,33.93911,67.709953,Afghanistan,Afghanistan,Low income,"Middle East, North Africa, Afghanistan & Pakistan",7.346655132228762,5.493190295944045,186.10928722658426,380.46273810160005,30.17513962745382
Afghanistan,2006,30.71869,13.85,7.4,10620000.0,31.89,0.2,0.0,0.64,76.190475,304.4209,1.5,1759.99999,,5.357403251,263.7336019,60,652230.0,33.93911,67.709953,Afghanistan,Afghanistan,Low income,"Middle East, North Africa, Afghanistan & Pakistan",7.473637102817614,5.5787240445085065,177.90550977937627,170.84758967439,31.122161964777348
Afghanistan,2007,36.05101,15.3,7.25,15750000.0,28.78,0.2,0.0,0.75,78.94737,354.2799,1.53,1769.999981,,13.82631955,359.6931579,60,652230.0,33.93911,67.709953,Afghanistan,Afghanistan,Low income,"Middle East, North Africa, Afghanistan & Pakistan",7.479299627054432,5.888027618780315,169.45743486849747,397.921476649,34.668869239519786
Afghanistan,2008,42.4,16.7,7.49,16170000.0,21.17,0.19,0.0,0.54,73.9726,607.8335,1.94,3559.999943,,3.924983822,364.663542,60,652230.0,33.93911,67.709953,Afghanistan,Afghanistan,Low income,"Middle East, North Africa, Afghanistan & Pakistan",8.177796667271037,5.901713626447548,124.9392774718946,83.09190751174,34.83022372859667
Afghanistan,2009,46.74005,18.4,7.5,9960000.0,16.53,0.16,0.0,0.78,82.97872,975.04816,2.25,4880.000114,,21.39052839,437.2687402,60,652230.0,33.93911,67.709953,Afghanistan,Afghanistan,Low income,"Middle East, North Africa, Afghanistan & Pakistan",8.493105419243017,6.082832284324636,100.54921765988624,353.58543428670004,37.00084859922207
Afghanistan,2010,42.7,20.0,8.27,36500000.0,15.15,0.19,0.0,0.75,79.78723,1182.892,2.46,7110.000134,,14.36244147,543.3065262,60,652230.0,33.93911,67.709953,Afghanistan,Afghanistan,Low income,"Middle East, North Africa, Afghanistan & Pakistan",8.869398178727563,6.299512555447275,95.43761521502621,217.59098827050002,39.683858436237855
Afghanistan,2011,43.22202,21.8,8.13,28690000.0,12.61,0.18,0.0,0.6,76.92309,1436.1143,3.23,8930.000305,,0.426354785,591.1900302,60,652230.0,33.93911,67.709953,Afghanistan,Afghanistan,Low income,"Middle East, North Africa, Afghanistan & Pakistan",9.097283683834597,6.383827580334963,80.50006578802389,5.37633383885,40.753254575445354
Afghanistan,2012,69.1,23.0,9.29,62630000.0,15.36,0.14,0.0,0.74,84.09091,1324.1211,2.61,8079.999924,,12.75228709,638.8458516,60,652230.0,33.93911,67.709953,Afghanistan,Afghanistan,Low income,"Middle East, North Africa, Afghanistan & Pakistan",8.99727089682867,6.461227290468042,99.24445118158911,195.8751297024,41.747458099088995
Afghanistan,2013,68.29065,24.8,9.1,268460000.0,16.86,0.22,0.0,0.89,80.180176,1060.7926,2.46,5989.999771,,5.600744658,624.3154545,60,652230.0,33.93911,67.709953,Afghanistan,Afghanistan,Low income,"Middle East, North Africa, Afghanistan & Pakistan",8.698013583859922,6.438256249604471,108.54900036833138,94.42855493388,41.451143535571035
Afghanistan,2014,89.5,26.1,8.95,6940000.0,18.93,0.16,0.0,1.0,86.2069,868.5762,2.25,4880.000114,,2.724543364,614.2233424,60,652230.0,33.93911,67.709953,Afghanistan,Afghanistan,Low income,"Middle East, North Africa, Afghanistan & Pakistan",8.493105419243017,6.421985360254459,121.56818286961692,51.57560588052,41.2418959673226
Afghanistan,2015,71.5,27.4,8.79,4890000.0,17.53,0.15,0.0,1.03,87.28814,970.0803,2.37,5949.999809,,1.45131466,556.0072209,60,652230.0,33.93911,67.709953,Afghanistan,Afghanistan,Low income,"Middle East, North Africa, Afghanistan & Pakistan",8.691314519549405,6.322578203757077,110.83479591186156,25.4415459898,39.97499514262407
Afghanistan,2016,97.7,28.6,9.87,860000.0,19.92,0.15,0.0,1.06,87.603294,862.79114,2.24,5300.000191,,2.260314201,512.0127781,60,652230.0,33.93911,67.709953,Afghanistan,Afghanistan,Low income,"Middle East, North Africa, Afghanistan & Pakistan",8.575650797018744,6.2403007534375545,124.3067910084761,45.02545888392,38.94135349335331
Afghanistan,2017,97.7,29.7,9.79,50330000.0,19.21,0.18,0.0,1.09,85.826775,829.31195,2.3,4780.00021,,2.647003202,516.6798622,60,652230.0,33.93911,67.709953,Afghanistan,Afghanistan,Low income,"Middle East, North Africa, Afghanistan & Pakistan",8.472405052549968,6.249357024561369,120.0501484418239,50.84893151042,39.05446322043453
Afghanistan,2018,96.616135,30.9,9.55,70100000.0,17.96,0.2,0.0,0.97,82.90598,924.25085,2.44,6070.000172,,1.189228128,485.6684187,60,652230.0,33.93911,67.709953,Afghanistan,Afghanistan,Low income,"Middle East, North Africa, Afghanistan & Pakistan",8.711278643461846,6.187583026096285,111.12899114868928,21.358537178880002,38.28618370483486
Afghanistan,2019,97.7,31.9,9.58,4620000.0,18.51,0.18,0.0,0.89,83.17757,802.61255,2.41,6079.999924,,3.911603419,494.1793499,60,652230.0,33.93911,67.709953,Afghanistan,Afghanistan,Low income,"Middle East, North Africa, Afghanistan & Pakistan",8.712924422622166,6.204920019975855,114.85306956975309,72.40377928569,38.50103245429717
Algeria,2000,98.9731,97.1,8.91,,0.43,23.84,0.0,0.05,0.20929259,9746.524,4.18,80050.0,0.053235482,3.8,1765.027146,18,2381741.0,28.033886,1.659626,Algeria,Algeria,Upper middle income,"Middle East, North Africa, Afghanistan & Pakistan",11.290419210539214,7.476487752506694,3.2148897335778783,1.634,55.8978691133826
Algeria,2001,98.96687,97.3,8.79,810000.0,0.43,24.96,0.0,0.07,0.2796644,9961.64,4.07,78650.0,0.065218486,3.0,1740.606654,18,2381741.0,28.033886,1.659626,Algeria,Algeria,Upper middle income,"Middle East, North Africa, Afghanistan & Pakistan",11.272775622963763,7.462563330537752,3.2089022321312335,1.29,55.689851462286704
Algeria,2002,98.95306,97.8,8.68,310000.0,0.51,25.94,0.0,0.06,0.23076923,10180.35,4.12,82400.00153,0.05167677,5.6,1781.828908,18,2381741.0,28.033886,1.659626,Algeria,Algeria,Upper middle income,"Middle East, North Africa, Afghanistan & Pakistan",11.319352870313988,7.485956655883727,3.8178378945007005,2.856,56.039547053769866
Algeria,2003,98.93401,98.0,8.57,90000.0,0.47,27.54,0.0,0.26,0.93525183,10510.461,4.08,88190.00244,0.228104,7.2,2103.381291,18,2381741.0,28.033886,1.659626,Algeria,Algeria,Upper middle income,"Middle East, North Africa, Afghanistan & Pakistan",11.38726022363926,7.65177677939706,3.5963350863166177,3.384,58.54968788172004
Algeria,2004,98.91208,98.2,8.46,140000.0,0.44,29.14,0.0,0.25,0.8506295,10759.022,3.96,89489.99786,0.2067869,4.3,2610.185422,18,2381741.0,28.033886,1.659626,Algeria,Algeria,Upper middle income,"Middle East, North Africa, Afghanistan & Pakistan",11.401893316634348,7.867559581880429,3.461726216027389,1.892,61.898493774438556
Algeria,2005,98.88961,98.5,8.34,160000.0,0.58,31.36,0.0,0.55,1.7235976,11113.723,3.9,94190.00244,0.43411878,5.9,3113.094883,18,2381741.0,28.033886,1.659626,Algeria,Algeria,Upper middle income,"Middle East, North Africa, Afghanistan & Pakistan",11.45307994050362,8.043693821743492,4.665342416611225,3.422,64.70101029795443
Algeria,2006,98.86901,98.7,7.42,,0.41,32.9,0.0,0.22,0.6642512,11341.98,4.1,99809.99756,0.16327195,1.7,3478.710002,18,2381741.0,28.033886,1.659626,Algeria,Algeria,Upper middle income,"Middle East, North Africa, Afghanistan & Pakistan",11.511033652220407,8.154704236537532,3.3434287369803877,0.697,66.49920118540317
Algeria,2007,98.852936,98.8,7.3,,0.41,34.75,0.0,0.22,0.62911063,11759.701,4.21,102750.0,0.15990457,3.4,3950.512993,18,2381741.0,28.033886,1.659626,Algeria,Algeria,Upper middle income,"Middle East, North Africa, Afghanistan & Pakistan",11.54006386467122,8.28185382075806,3.3955600665108046,1.394,68.58910270840488
Algeria,2008,99.3,99.0,6.64,,0.3,37.55,0.0,0.28,0.74015325,12252.297,4.16,107750.0,0.1877543,2.4,4923.631615,18,2381741.0,28.033886,1.659626,Algeria,Algeria,Upper middle income,"Middle East, North Africa, Afghanistan & Pakistan",11.587578288665387,8.502004751823835,2.5506014255471503,0.72,72.28408480003506
Algeria,2009,98.845184,99.1,6.44,2190000.0,0.31,35.91,0.0,0.3,0.8285005,12753.12,4.48,112169.9982,0.21278548,1.6,3883.2709,18,2381741.0,28.033886,1.659626,Algeria,Algeria,Upper middle income,"Middle East, North Africa, Afghanistan & Pakistan",11.627779755592274,8.26469057466176,2.5620540781451457,0.496,68.30511029490293
Algeria,2010,98.85893,99.2,7.02,400000.0,0.26,42.82,0.0,0.17,0.3954408,12243.156,4.42,114180.0003,0.11513238,3.6,4480.786318,18,2381741.0,28.033886,1.659626,Algeria,Algeria,Upper middle income,"Middle East, North Africa, Afghanistan & Pakistan",11.64554019020855,8.407776977633102,2.1860220141846067,0.936,70.69071370561721
Algeria,2011,98.88803,99.3,6.89,0.0,0.18,47.67,0.0,0.5,1.0379905,12710.541,4.47,120790.0009,0.2352599,2.9,5455.679403,18,2381741.0,28.033886,1.659626,Algeria,Algeria,Upper middle income,"Middle East, North Africa, Afghanistan & Pakistan",11.70181706584697,8.604595715781091,1.5488272288405964,0.522,74.03906743203831
Algeria,2012,98.76466,99.4,6.76,940000.0,0.18,53.36,0.0,0.62,1.1485735,13624.909,4.72,134929.9927,0.22453195,3.4,5592.220115,18,2381741.0,28.033886,1.659626,Algeria,Algeria,Upper middle income,"Middle East, North Africa, Afghanistan & Pakistan",11.81251876154592,8.629310449491488,1.5532758809084677,0.612,74.46499883370298
Algeria,2013,99.002205,99.4,6.62,940000.0,0.13,55.99,0.0,0.33,0.5859375,14130.735,4.76,139020.0043,0.064763196,2.8,5499.587331,18,2381741.0,28.033886,1.659626,Algeria,Algeria,Upper middle income,"Middle East, North Africa, Afghanistan & Pakistan",11.842380310768794,8.612610152973733,1.1196393198865853,0.364,74.17705364710623
Algeria,2014,99.08701,99.5,6.78,940000.0,0.07,60.15,0.0,0.25,0.41390726,15108.635,5.0,147740.0055,0.117502466,3.8,5493.056695,18,2381741.0,28.033886,1.659626,Algeria,Algeria,Upper middle income,"Middle East, North Africa, Afghanistan & Pakistan",11.903216056934754,8.611422186041363,0.6027995530228955,0.266,74.15659206624541
Algeria,2015,99.18666,99.5,7.85,890000.0,0.06,64.46,0.0,0.22,0.34013605,15616.311,5.05,156270.0043,0.096813366,3.7,4177.889542,18,2381741.0,28.033886,1.659626,Algeria,Algeria,Upper middle income,"Middle East, North Africa, Afghanistan & Pakistan",11.959346986084078,8.337800830416372,0.5002680498249823,0.222,69.51892268769194
Algeria,2016,99.35025,99.6,11.88,160000.0,0.08,66.43,0.0,0.34,0.50921077,15295.143,4.85,154910.0037,0.14580712,3.2,3946.452447,18,2381741.0,28.033886,1.659626,Algeria,Algeria,Upper middle income,"Middle East, North Africa, Afghanistan & Pakistan",11.950606061325432,8.280825699698784,0.6624660559759028,0.256,68.57207426879187
Algeria,2017,99.63549,99.6,16.02,10000.0,0.14,70.86,0.0,0.64,0.8951049,15164.0,4.93,158339.9963,0.24701829,1.3,4109.698217,18,2381741.0,28.033886,1.659626,Algeria,Algeria,Upper middle income,"Middle East, North Africa, Afghanistan & Pakistan",11.972506190861749,8.321348175543637,1.1649887445761093,0.18200000000000002,69.24483545862341
Algeria,2018,99.69784,99.6,16.25,50000.0,0.19,71.32,0.0,0.78,1.0818309,15971.084,5.19,165539.9933,0.28767928,1.1,4142.018558,18,2381741.0,28.033886,1.659626,Algeria,Algeria,Upper middle income,"Middle East, North Africa, Afghanistan & Pakistan",12.016974136783835,8.32917992143015,1.5825441850717286,0.20900000000000002,69.37523816355515
Algeria,2019,99.5,99.7,15.93,60000.0,0.16,75.85,0.0,0.84,1.0953188,16259.053,5.32,171250.0,0.29474697,1.0,3989.668276,18,2381741.0,28.033886,1.659626,Algeria,Algeria,Upper middle income,"Middle East, North Africa, Afghanistan & Pakistan",12.05088559552348,8.291713983578704,1.3266742373725928,0.16,68.75252078547463
Angola,2000,24.212744,41.1,14.37,,73.44,0.5,0.0,0.9,64.28571,1979.2562,3.68,16200.0,,3.054624234,556.8386317,26,1246700.0,-11.202692,17.873887,Angola,Angola,Lower middle income,Sub-Saharan Africa,9.692828247710418,6.324069730055882,464.439680975304,224.33160374495998,39.993857950609076
Angola,2001,20.0,41.7,13.9,,72.34,0.58,0.0,1.01,63.52201,2079.732,3.65,15960.0,,4.205998556,527.3335285,26,1246700.0,-11.202692,17.873887,Angola,Angola,Lower middle income,Sub-Saharan Africa,9.677903525682558,6.269727767043834,453.55210666795097,304.26193554104003,39.309486272840466
Angola,2002,26.352118,41.7,13.46,,70.42,0.58,0.0,1.13,66.08187,2143.528,3.34,15689.99958,,13.66568652,872.4944418,26,1246700.0,-11.202692,17.873887,Angola,Angola,Lower middle income,Sub-Saharan Africa,9.66084255179213,6.772501766417061,476.91957439108944,962.3376447384,45.866780176122205
Angola,2003,27.412777,42.0,13.01,50000.0,65.14,0.71,0.0,1.23,63.40206,2298.9023,3.49,16760.00023,,2.98985001,982.9610078,26,1246700.0,-11.202692,17.873887,Angola,Angola,Lower middle income,Sub-Saharan Africa,9.72681005184959,6.891586270047601,448.91792963090074,194.7588296514,47.493961317508614
Angola,2004,28.47055,41.9,26.44,40000.0,61.92,0.45,0.0,1.73,79.357796,2454.67,3.17,17450.00076,,10.95286177,1255.564513,26,1246700.0,-11.202692,17.873887,Angola,Angola,Lower middle income,Sub-Saharan Africa,9.767152276129384,7.136136699079865,441.86958440702523,678.2012007984,50.92444698795447
Angola,2005,29.527786,42.6,25.53,,68.38,0.53,0.0,2.2,80.58608,2016.8517,2.6,15810.00042,,15.02891532,1902.42215,26,1246700.0,-11.202692,17.873887,Angola,Angola,Lower middle income,Sub-Saharan Africa,9.66846120587393,7.551408676641039,516.3653253087142,1027.6772295816,57.023773001649566
Angola,2006,30.586895,42.9,24.63,,62.13,0.6,0.0,2.64,81.48148,2453.2468,2.62,16559.99947,,11.54768318,2599.565948,26,1246700.0,-11.202692,17.873887,Angola,Angola,Lower middle income,Sub-Saharan Africa,9.714805780586593,7.8634843726300865,488.5582840715073,717.4575559734001,61.83438647859759
Angola,2007,37.5,43.5,36.27,760000.0,58.49,0.68,0.0,2.47,78.4127,2719.0603,2.5,16969.99931,,14.01001824,3121.996085,26,1246700.0,-11.202692,17.873887,Angola,Angola,Lower middle income,Sub-Saharan Africa,9.739261243353672,8.046548103679987,470.6425985842424,819.4459668576001,64.74693638483599
Angola,2008,38.49,43.6,36.52,,54.88,0.96,0.0,3.1,76.35468,3072.024,2.48,19280.00069,,11.16613833,4080.941034,26,1246700.0,-11.202692,17.873887,Angola,Angola,Lower middle income,Sub-Saharan Africa,9.86687546982592,8.314327897895538,456.29031503650714,612.7976715504001,69.12804839372403
Angola,2009,33.80219,43.8,35.22,,52.41,1.54,0.0,3.06,66.52174,3368.8357,2.71,21149.99962,,0.858712615,3122.781599,26,1246700.0,-11.202692,17.873887,Angola,Angola,Lower middle income,Sub-Saharan Africa,9.95944244671452,8.04679959782429,421.732766921971,45.00512815214999,64.75098376754515
Angola,2010,34.895638,44.3,34.02,20000.0,52.51,1.64,0.0,3.68,69.17293,3560.0942,2.61,22799.99924,,4.403932543,3587.883645,26,1246700.0,-11.202692,17.873887,Angola,Angola,Lower middle income,Sub-Saharan Africa,10.034559640297976,8.18559647072795,429.8256706779246,231.25049783293,67.00398958159386
Angola,2011,34.6,44.8,32.83,220000.0,51.06,1.55,0.0,3.98,71.97106,3594.49,2.62,23870.00084,,3.471976345,4615.468219,26,1246700.0,-11.202692,17.873887,Angola,Angola,Lower middle income,Sub-Saharan Africa,10.080419647234786,8.43738523696934,430.8128901996545,177.2791121757,71.18946963702815
Angola,2012,37.13132,45.2,35.16,10000.0,49.47,2.29,0.0,3.74,62.023216,3615.5242,2.71,23870.00084,,8.542187643,5100.097027,26,1246700.0,-11.202692,17.873887,Angola,Angola,Lower middle income,Sub-Saharan Africa,10.080419647234786,8.537210898914346,422.33582316929267,422.58202269921,72.88396993254189
Angola,2013,38.27803,45.8,37.05,,47.95,3.24,0.0,4.73,59.347553,3897.9126,2.6,26959.99908,,4.954544646,5254.881126,26,1246700.0,-11.202692,17.873887,Angola,Angola,Lower middle income,Sub-Saharan Africa,10.20214662220312,8.56710294308981,410.7925861211564,237.57041577570004,73.39525283749806
Angola,2014,32.0,46.5,38.31,,48.23,3.98,0.0,5.24,56.83297,4135.0474,3.28,29629.99916,,4.822627568,5408.4117,26,1246700.0,-11.202692,17.873887,Angola,Angola,Lower middle income,Sub-Saharan Africa,10.296576361227547,8.59589562285918,414.58004589049824,232.59532760463998,73.88942155908961
Angola,2015,42.0,47.2,37.05,10000.0,47.84,4.03,0.0,5.28,56.713207,4159.5776,2.86,31649.99962,,0.943571561,4166.979833,26,1246700.0,-11.202692,17.873887,Angola,Angola,Lower middle income,Sub-Saharan Africa,10.362525010643871,8.335186744889826,398.75533387552935,45.14046347824,69.47533807218706
Angola,2016,41.81313,47.8,61.19,93960000.0,49.03,4.2,0.0,6.01,58.863857,3661.5513,2.61,29760.00023,,-2.580049644,3506.073128,26,1246700.0,-11.202692,17.873887,Angola,Angola,Lower middle income,Sub-Saharan Africa,10.300954098261261,8.162537101933044,400.20919410777714,-126.49983404532,66.62701194043349
Angola,2017,43.01326,48.4,82.43,,56.25,2.99,0.0,7.69,72.003746,3370.8962,2.51,24250.0,,-0.147212941,4095.810057,26,1246700.0,-11.202692,17.873887,Angola,Angola,Lower middle income,Sub-Saharan Africa,10.096213132628804,8.317963914988132,467.88547021808245,-8.28072793125,69.1885236910447
Angola,2018,45.29,49.1,101.45,120000.0,57.36,2.93,0.0,9.9,77.162895,3366.3933,2.95,23959.99908,,-2.003629727,3289.643995,26,1246700.0,-11.202692,17.873887,Angola,Angola,Lower middle income,Sub-Saharan Africa,10.084182749189772,8.098838567765318,464.54938024701863,-114.92820114071999,65.59118614672299
Angola,2019,45.6428,49.5,108.71,60000.0,54.69,4.38,0.0,11.02,71.55844,3667.4238,2.94,25209.99908,,-0.624644318,2809.626088,26,1246700.0,-11.202692,17.873887,Angola,Angola,Lower middle income,Sub-Saharan Africa,10.13503564970214,7.94116254462741,434.30217956567304,-34.161797751419996,63.06206256019328
Antigua and Barbuda,2000,97.68926,100.0,0.0,,0.0,0.14,0.0,0.0,0.0,28457.223,3.13,330.0,,6.203431254,10872.29295,223,443.0,17.060816,-61.796428,Antigua and Barbuda,Antigua and Barbuda,High income,Latin America & Caribbean,5.802118375377063,9.294064873520844,0.0,0.0,86.37964187321401
Antigua and Barbuda,2001,97.785255,100.0,0.0,,0.0,0.16,0.0,0.0,0.0,28025.29,3.31,350.0,,-4.548003473,10367.31961,223,443.0,17.060816,-61.796428,Antigua and Barbuda,Antigua and Barbuda,High income,Latin America & Caribbean,5.860786223465865,9.246510244698717,0.0,-0.0,85.49795170531833
Antigua and Barbuda,2002,100.0,100.0,0.0,,0.0,0.18,0.0,0.0,0.0,29660.344,3.59,389.9999857,,1.02744197,10401.05088,223,443.0,17.060816,-61.796428,Antigua and Barbuda,Antigua and Barbuda,High income,Latin America & Caribbean,5.968707523412475,9.2497582656881,0.0,0.0,85.55802797366535
Antigua and Barbuda,2003,97.956825,100.0,0.0,,0.0,0.2,0.0,0.0,0.0,30824.252,3.63,409.9999964,,6.076543688,10797.95106,223,443.0,17.060816,-61.796428,Antigua and Barbuda,Antigua and Barbuda,High income,Latin America & Caribbean,6.01859320573711,9.287204284321389,0.0,0.0,86.25216341871756
Antigua and Barbuda,2004,98.0371,100.0,0.0,,0.0,0.21,0.0,0.0,0.0,31622.059,3.57,400.000006,,5.767028612,11446.96914,223,443.0,17.060816,-61.796428,Antigua and Barbuda,Antigua and Barbuda,High income,Latin America & Caribbean,5.993961442269162,9.345567625565288,0.0,0.0,87.33963424401401
Antigua and Barbuda,2005,92.2,100.0,0.0,,0.0,0.23,0.0,0.0,0.0,31734.295,3.4,409.9999964,,6.473831316,12557.54785,223,443.0,17.060816,-61.796428,Antigua and Barbuda,Antigua and Barbuda,High income,Latin America & Caribbean,6.01859320573711,9.438156816299808,0.0,0.0,89.07880408906652
Antigua and Barbuda,2006,100.0,100.0,0.0,,0.0,0.24,0.0,0.0,0.0,32290.607,3.12,439.9999976,,12.70814853,13995.80442,223,443.0,17.060816,-61.796428,Antigua and Barbuda,Antigua and Barbuda,High income,Latin America & Caribbean,6.089044870004669,9.54658432682881,0.0,0.0,91.13727230925349
Antigua and Barbuda,2007,100.0,100.0,0.0,,0.0,0.26,0.0,0.0,0.0,33375.836,3.02,460.0000083,,9.315383163,15622.69287,223,443.0,17.060816,-61.796428,Antigua and Barbuda,Antigua and Barbuda,High income,Latin America & Caribbean,6.133398061000987,9.656543814785218,0.0,0.0,93.24883844686666
Antigua and Barbuda,2008,100.0,100.0,0.0,,0.0,0.27,0.0,0.0,0.0,33637.074,3.08,479.9999893,,-0.014340652,16044.1058,223,443.0,17.060816,-61.796428,Antigua and Barbuda,Antigua and Barbuda,High income,Latin America & Caribbean,6.175867247860439,9.68315914747672,0.0,-0.0,93.7635710753621
Antigua and Barbuda,2009,98.48128,100.0,1.15,,0.0,0.31,0.0,0.0,0.0,34709.18,3.7,1389.999986,,-11.96269725,14160.562,223,443.0,17.060816,-61.796428,Antigua and Barbuda,Antigua and Barbuda,High income,Latin America & Caribbean,7.237778181858741,9.558286671898392,0.0,-0.0,91.36084410219044
Antigua and Barbuda,2010,98.59724,100.0,1.14,,0.0,0.32,0.0,0.0,0.0,33104.54,4.05,490.0000095,,-7.840594744,13048.96058,223,443.0,17.060816,-61.796428,Antigua and Barbuda,Antigua and Barbuda,High income,Latin America & Caribbean,6.196444147142789,9.476540392056622,0.0,-0.0,89.80481780228067
Antigua and Barbuda,2011,94.55202,100.0,3.36,,0.08,0.32,0.0,0.0,0.0,32616.084,4.08,540.0000215,,-1.958612628,12746.63347,223,443.0,17.060816,-61.796428,Antigua and Barbuda,Antigua and Barbuda,High income,Latin America & Caribbean,6.2934193185877,9.45310092316279,0.7562480738530232,-0.15668901024,89.36111706350118
Antigua and Barbuda,2012,100.0,100.0,3.32,,0.15,0.31,0.0,0.0,0.0,33159.37,4.08,699.9999881,,3.3728662,13272.73494,223,443.0,17.060816,-61.796428,Antigua and Barbuda,Antigua and Barbuda,High income,Latin America & Caribbean,6.552507870058841,9.493542545147301,1.424031381772095,0.50592993,90.12735005652189
Antigua and Barbuda,2013,100.0,100.0,4.37,2580000.0,0.15,0.31,0.0,0.0,0.0,32853.875,4.13,469.9999988,,-0.600876397,12910.59063,223,443.0,17.060816,-61.796428,Antigua and Barbuda,Antigua and Barbuda,High income,Latin America & Caribbean,6.154858091468647,9.465880685391268,1.41988210280869,-0.09013145954999999,89.60289715006346
Antigua and Barbuda,2014,100.0,100.0,4.32,,0.14,0.32,0.0,0.0,0.0,33313.0,4.01,479.9999893,,3.795727613,13501.58092,223,443.0,17.060816,-61.796428,Antigua and Barbuda,Antigua and Barbuda,High income,Latin America & Caribbean,6.175867247860439,9.510636125413354,1.3314890575578697,0.53140186582,90.45219951001754
Antigua and Barbuda,2015,100.0,100.0,36.34,6970000.0,0.48,0.32,0.0,0.01,3.030303,33830.76,3.98,490.0000095,,3.825293099,14285.32978,223,443.0,17.060816,-61.796428,Antigua and Barbuda,Antigua and Barbuda,High income,Latin America & Caribbean,6.196444147142789,9.5670583995868,4.592188031801664,1.83614068752,91.52860642110436
Antigua and Barbuda,2016,100.0,100.0,37.03,,0.6,0.32,0.0,0.0,0.0,34089.41,3.85,500.0,,5.496459204,15198.74297,223,443.0,17.060816,-61.796428,Antigua and Barbuda,Antigua and Barbuda,High income,Latin America & Caribbean,6.2166061010848646,9.629033796822974,5.777420278093784,3.2978755223999996,92.71829186035905
Antigua and Barbuda,2017,100.0,100.0,40.87,19550000.0,0.6,0.32,0.0,0.01,3.030303,32233.041,3.73,500.0,,3.14432324,15383.5764,223,443.0,17.060816,-61.796428,Antigua and Barbuda,Antigua and Barbuda,High income,Latin America & Caribbean,6.2166061010848646,9.641120754065426,5.784672452439255,1.886593944,92.95120939447109
Antigua and Barbuda,2018,100.0,100.0,86.21,,0.9,0.32,0.0,0.01,3.030303,33026.227,3.57,509.9999905,,6.883640817,16679.59166,223,443.0,17.060816,-61.796428,Antigua and Barbuda,Antigua and Barbuda,High income,Latin America & Caribbean,6.236369571612706,9.72200114650667,8.749801031856004,6.1952767353,94.51730629267702
Antigua and Barbuda,2019,100.0,100.0,85.47,,0.91,0.33,0.0,0.01,2.9411764,33027.516,3.45,519.9999809,,4.862236166,17376.64968,223,443.0,17.060816,-61.796428,Antigua and Barbuda,Antigua and Barbuda,High income,Latin America & Caribbean,6.255750005093097,9.76294015837446,8.88427554412076,4.42463491106,95.31500053600074
Argentina,2000,95.78329,95.0,235.62,,9.85,50.37,5.99,28.89,40.914955,18849.81,3.69,132270.0,12.283858,-0.788998939,7708.099115,17,2780400.0,-38.416097,-63.616672,Argentina,Argentina,Upper middle income,Latin America & Caribbean,11.792608127284854,8.950156613426811,88.1590426422541,-7.77163954915,80.10530340486768
Argentina,2001,95.51106,95.6,234.09,3890000.0,11.51,42.91,6.54,37.04,50.38733,18210.12,3.59,125260.0,15.937488,-4.408839683,7208.373114,17,2780400.0,-38.416097,-63.616672,Argentina,Argentina,Upper middle income,Latin America & Caribbean,11.738154839442076,8.88313727975827,102.24491009001768,-50.74574475133,78.91012793103114
Argentina,2002,96.22887,96.1,236.78,,11.62,39.7,5.39,36.06,51.07825,17275.256,3.99,117470.0012,16.249306,-10.89448483,2593.404563,17,2780400.0,-38.416097,-63.616672,Argentina,Argentina,Upper middle income,Latin America & Caribbean,11.673946783808766,7.861112313779721,91.34612508612035,-126.59391372459999,61.79708680985915
Argentina,2003,96.442635,96.45,234.82,50000.0,10.82,46.73,7.03,34.38,46.982075,18326.521,3.97,127660.0037,14.408259,8.837040796,3349.8063,17,2780400.0,-38.416097,-63.616672,Argentina,Argentina,Upper middle income,Latin America & Caribbean,11.757133621069599,8.116956282425912,87.82546697584837,95.61678141272,65.88497929081348
Argentina,2004,96.6535,97.2,236.15,40960000.0,9.29,57.35,7.31,31.03,40.066883,19261.457,4.04,141380.0049,12.1855755,9.029573301,4277.721573,17,2780400.0,-38.416097,-63.616672,Argentina,Argentina,Upper middle income,Latin America & Caribbean,11.85921368749428,8.361409546059544,77.67749468289315,83.88473596628998,69.91316959693567
Argentina,2005,96.863846,97.5,234.67,280000.0,9.64,59.89,6.37,34.6,40.620663,20232.844,3.68,145990.0055,12.788524,8.85165992,5109.852245,17,2780400.0,-38.416097,-63.616672,Argentina,Argentina,Upper middle income,Latin America & Caribbean,11.891300292628353,8.539121449134983,82.31713076966125,85.3300016288,72.91659512307713
Argentina,2006,97.07606,98.1,232.56,440000.0,9.18,65.58,7.15,38.67,41.131058,21038.723,3.58,154899.9939,13.449462,8.0471515,5919.012338,17,2780400.0,-38.416097,-63.616672,Argentina,Argentina,Upper middle income,Latin America & Caribbean,11.95054144278205,8.686093811997502,79.73834119413706,73.87285077,75.44822571082129
Argentina,2007,97.29279,98.3,236.6,360000.0,7.72,72.95,6.72,31.18,34.19035,21708.37,3.44,162809.9976,10.599154,9.007650875,7245.446857,17,2780400.0,-38.416097,-63.616672,Argentina,Argentina,Upper middle income,Latin America & Caribbean,12.000345283094541,8.888266539026352,68.61741768128344,69.539064755,79.0012820687755
Argentina,2008,97.516754,98.6,234.79,22940000.0,7.65,76.62,6.85,31.28,33.22876,21780.38,3.42,167229.9957,10.437064,4.057233103,9020.873323,17,2780400.0,-38.416097,-63.616672,Argentina,Argentina,Upper middle income,Latin America & Caribbean,12.02713134343267,9.107407276969745,69.67166566881855,31.03783323795,82.94486730860147
Argentina,2009,97.750656,98.9,241.83,39080000.0,8.59,74.01,7.59,34.7,36.362854,20954.271,3.35,156570.0073,11.783506,-5.918525076,8225.137583,17,2780400.0,-38.416097,-63.616672,Argentina,Argentina,Upper middle income,Latin America & Caribbean,11.961264906828974,9.015071874033433,77.43946739794718,-50.840130402839996,81.27152089398868
Argentina,2010,98.82,99.1,239.96,1040000.0,8.79,78.54,6.69,34.41,34.353058,21507.703,3.26,167220.0012,11.661375,10.12539816,10385.96443,17,2780400.0,-38.416097,-63.616672,Argentina,Argentina,Upper middle income,Latin America & Caribbean,12.027071577008215,9.24830687874905,81.29261746420414,89.00224982639999,85.53118012351699
Argentina,2011,99.09535,99.3,251.14,69260000.0,8.83,84.43,5.89,32.43,31.217922,21894.867,3.18,176639.9994,10.929448,6.003951693,12848.8642,17,2780400.0,-38.416097,-63.616672,Argentina,Argentina,Upper middle income,Latin America & Caribbean,12.081874699890006,9.461088522174139,83.54141165079764,53.014893449190005,89.51219602441523
Argentina,2012,99.22998,99.5,252.14,256070000.0,8.61,91.86,5.9,30.93,28.619164,22494.715,3.3,177960.0067,10.216426,-1.026420454,13082.66433,17,2780400.0,-38.416097,-63.616672,Argentina,Argentina,Upper middle income,Latin America & Caribbean,12.089319741793167,9.479119733330707,81.61522090397739,-8.83748010894,89.85371091881962
Argentina,2013,99.342674,99.6,250.97,47820000.0,8.91,91.55,5.73,35.03,30.806438,23152.588,3.31,183250.0,10.950079,2.405323781,13080.25473,17,2780400.0,-38.416097,-63.616672,Argentina,Argentina,Upper middle income,Latin America & Caribbean,12.118612076759929,9.478935547780484,84.45731573072412,21.43143488871,89.8502191189765
Argentina,2014,100.0,99.7,248.74,2472850000.0,9.79,92.18,5.26,34.37,30.066004,22881.006,3.4,179600.0061,11.038978,-2.512615321,12334.79825,17,2780400.0,-38.416097,-63.616672,Argentina,Argentina,Upper middle income,Latin America & Caribbean,12.09849303672764,9.420260741097389,92.22435265534342,-24.59850399259,88.74131243026072
Argentina,2015,99.62539,99.7,247.37,109830000.0,9.4,97.18,6.64,33.97,29.472387,23046.873,3.36,185550.0031,10.907397,2.731159828,13789.06042,17,2780400.0,-38.416097,-63.616672,Argentina,Argentina,Upper middle income,Latin America & Caribbean,12.131085072564133,9.531703352213572,89.59801151080758,25.6729023832,90.85336879459945
Argentina,2016,99.84958,99.8,245.23,250160000.0,9.38,100.8,7.82,31.02,27.81438,22726.455,3.41,183160.0037,10.167007,-2.080327844,12790.24247,17,2780400.0,-38.416097,-63.616672,Argentina,Argentina,Upper middle income,Latin America & Caribbean,12.118120846664294,9.456516033717122,88.70212039626661,-19.513475176720004,89.42569549594901
Argentina,2017,100.0,99.8,244.82,503740000.0,10.37,99.4,5.77,33.4,28.267298,22503.818,3.32,179320.0073,10.964719,2.818502978,14613.04182,17,2780400.0,-38.416097,-63.616672,Argentina,Argentina,Upper middle income,Latin America & Caribbean,12.096932815585742,9.589738113986593,99.44558424204097,29.22787588186,91.96307709484714
Argentina,2018,99.98958,99.8,259.47,492720000.0,10.52,98.31,6.51,34.97,29.673082,22163.16,3.31,176899.9939,11.39763,-2.617396463,11795.15939,17,2780400.0,-38.416097,-63.616672,Argentina,Argentina,Upper middle income,Latin America & Caribbean,12.083345498560584,9.375529282051406,98.63056804718079,-27.535010790759998,87.90054931860337
Argentina,2019,100.0,99.9,283.38,474460000.0,10.74,90.56,7.97,34.63,31.991589,20725.168,3.35,168100.0061,11.926772,-2.025934237,10056.63794,17,2780400.0,-38.416097,-63.616672,Argentina,Argentina,Upper middle income,Latin America & Caribbean,12.032320304506696,9.216087618867848,98.98078102664068,-21.75853370538,84.93627099864923
Armenia,2000,98.9,79.5,333.66,,7.16,2.53,1.84,1.25,54.98221,9270.454,6.79,3560.0,,5.900000003,622.7409229,104,29743.0,40.069099,45.038189,Armenia,Armenia,Upper middle income,Europe & Central Asia,8.177796683277778,6.435735094494911,46.07986327658356,42.24400002148,41.41868620651342
Armenia,2001,100.0,82.2,331.89,7670000.0,5.42,2.62,1.99,0.96,52.962296,9219.866,6.17,3600.0,,9.599999999,694.4234554,104,29743.0,40.069099,45.038189,Armenia,Armenia,Upper middle income,Europe & Central Asia,8.188966863648876,6.544520948369334,35.471303540161784,52.03199999458,42.83075444364504
Armenia,2002,98.0,84.9,384.15,50000.0,8.9,1.48,2.09,1.64,71.59309,8911.608,5.1,3119.999886,,13.2,783.241215,104,29743.0,40.069099,45.038189,Armenia,Armenia,Upper middle income,Europe & Central Asia,8.045908705744024,6.664716645222902,59.31597814248383,117.48,44.41844796111121
Armenia,2003,99.19013,87.7,387.62,2780000.0,9.81,1.43,1.82,1.96,72.55278,9866.072,4.72,3500.0,,14.0,930.1254727,104,29743.0,40.069099,45.038189,Armenia,Armenia,Upper middle income,Europe & Central Asia,8.160803920954665,6.83639404016177,67.06502553398697,137.34,46.736283472359375
Armenia,2004,99.18923,89.9,341.15,10320000.0,8.71,1.72,2.2,1.98,70.84745,10294.192,4.52,3759.99999,,10.5,1191.921006,104,29743.0,40.069099,45.038189,Armenia,Armenia,Upper middle income,Europe & Central Asia,8.232440155811469,7.084160205320554,61.70303538834203,91.45500000000001,50.185325814647356
Armenia,2005,99.8,91.6,345.27,3060000.0,6.49,1.72,2.5,1.75,71.189285,11997.367,4.76,4460.000038,,13.9,1643.756889,104,29743.0,40.069099,45.038189,Armenia,Armenia,Upper middle income,Europe & Central Asia,8.403128243646535,7.405347864435828,48.060707640188525,90.211,54.83917699330427
Armenia,2006,99.18823,92.9,357.82,13470000.0,7.65,1.39,2.42,1.81,75.26691,12061.231,4.28,4489.999771,,13.2,2158.148074,104,29743.0,40.069099,45.038189,Armenia,Armenia,Upper middle income,Europe & Central Asia,8.409830622096866,7.677469012692871,58.732637947100464,100.98,58.94353044085925
Armenia,2007,99.193184,94.2,364.5,1530000.0,7.02,1.4,2.35,1.83,74.91039,13633.888,4.2,5199.999809,,13.7,3139.28071,104,29743.0,40.069099,45.038189,Armenia,Armenia,Upper middle income,Europe & Central Asia,8.556606157049364,8.0520674729957,56.525513660429816,96.17399999999999,64.83579058967537
Armenia,2008,99.205376,95.0,372.59,100000.0,6.4,1.42,2.27,1.78,74.04023,13250.285,4.13,5690.000057,,6.9,4010.861381,104,29743.0,40.069099,45.038189,Armenia,Armenia,Upper middle income,Europe & Central Asia,8.646641268618938,8.297010597388214,53.100867823284574,44.160000000000004,68.84038485317232
Armenia,2009,99.2275,95.7,380.13,450000.0,7.8,1.08,2.29,2.0,79.88827,11915.396,4.18,4510.000229,,-14.1,2994.340471,104,29743.0,40.069099,45.038189,Armenia,Armenia,Upper middle income,Europe & Central Asia,8.414274188173192,8.004813183888157,62.43754283432762,-109.97999999999999,64.07703410894965
Armenia,2010,99.8,96.4,391.73,92450000.0,9.36,1.35,2.29,2.54,78.15534,13351.512,3.89,4340.000153,,2.2,3218.378299,104,29743.0,40.069099,45.038189,Armenia,Armenia,Upper middle income,Europe & Central Asia,8.375860050544928,8.076943545052385,75.60019158169032,20.592,65.2370170299634
Armenia,2011,99.6058,96.8,400.57,960000.0,8.01,2.25,2.36,2.46,68.17539,14139.787,4.06,4940.000057,,4.699999999,3525.807198,104,29743.0,40.069099,45.038189,Armenia,Armenia,Upper middle income,Europe & Central Asia,8.505323030381875,8.168148264154421,65.42686759587691,37.64699999199,66.71864606520889
Armenia,2012,99.62897,97.2,434.48,74170000.0,6.56,3.19,2.12,2.3,58.08147,15057.879,4.15,5719.99979,,7.200000001,3681.844691,104,29743.0,40.069099,45.038189,Armenia,Armenia,Upper middle income,Europe & Central Asia,8.651898857561658,8.211440746400342,53.867051296386244,47.23200000656,67.42775913164381
Armenia,2013,99.42,97.5,445.76,25910000.0,6.77,2.98,2.17,2.15,59.178085,14838.981,3.92,5500.0,,3.3,3838.17388,104,29743.0,40.069099,45.038189,Armenia,Armenia,Upper middle income,Europe & Central Asia,8.612685172875459,8.253012487020163,55.8728945371265,22.340999999999998,68.11221511091074
Armenia,2014,99.71,97.6,446.62,9340000.0,7.08,3.09,2.27,1.97,57.84447,15185.13,4.11,5480.000019,,3.600000001,3986.231624,104,29743.0,40.069099,45.038189,Armenia,Armenia,Upper middle income,Europe & Central Asia,8.609042848512637,8.290852440502043,58.699235278754465,25.48800000708,68.73823419017869
Armenia,2015,100.0,97.8,440.7,23250000.0,10.74,2.63,2.57,2.18,64.363144,14124.947,4.12,5340.000153,,3.199999999,3607.289299,104,29743.0,40.069099,45.038189,Armenia,Armenia,Upper middle income,Europe & Central Asia,8.583168208986091,8.190989060617724,87.97122251103436,34.36799998926,67.09230179115923
Armenia,2016,99.8,97.9,448.05,120440000.0,13.15,2.43,2.19,2.33,65.03597,14289.046,3.93,5070.000172,,0.2,3591.828052,104,29743.0,40.069099,45.038189,Armenia,Armenia,Upper middle income,Europe & Central Asia,8.531293349713378,8.186694929580945,107.65503832398943,2.6300000000000003,67.02197387002636
Armenia,2017,99.7,98.0,452.37,1550000.0,12.56,2.7,2.41,2.25,63.315216,15302.439,3.86,5369.999886,,7.500000002,3914.527854,104,29743.0,40.069099,45.038189,Armenia,Armenia,Upper middle income,Europe & Central Asia,8.588769368680362,8.272705427944262,103.90518017497993,94.20000002512,68.43765509753845
Armenia,2018,99.9,98.0,459.61,27690000.0,11.13,3.17,1.9,2.31,57.04607,15133.982,3.51,5710.000038,,5.2,4220.540321,104,29743.0,40.069099,45.038189,Armenia,Armenia,Upper middle income,Europe & Central Asia,8.65014942531869,8.34795534540825,92.91274299439384,57.876000000000005,69.68835844893017
Armenia,2019,100.0,98.0,469.73,72580000.0,10.34,2.86,2.03,2.41,60.821915,16179.096,3.53,6170.000076,,7.599999999,4604.646324,104,29743.0,40.069099,45.038189,Armenia,Armenia,Upper middle income,Europe & Central Asia,8.727616190636738,8.435038291501046,87.21829593412082,78.58399998966,71.14987097908889
Aruba,2000,91.6604,,0.0,,0.18,0.73,0.0,0.0,0.0,49568.207,14.38,2379.883,,7.616588194,20617.75047,590,179.0,12.52111,-69.96833,Aruba,Aruba,High income,Latin America & Caribbean,7.775226706262282,9.933956157771677,1.7881121083989018,1.37098587492,98.68348494452982
Aruba,2001,100.0,,0.0,,0.18,0.76,0.0,0.0,0.0,50392.613,14.94,2409.219,,-2.971256724,20670.36701,590,179.0,12.52111,-69.96833,Aruba,Aruba,High income,Latin America & Caribbean,7.787472893725442,9.936504785467221,1.7885708613840998,-0.53482621032,98.73412735161298
Aruba,2002,100.0,,0.0,,0.18,0.77,0.0,0.0,0.0,51469.32,15.55,2438.555,,-3.273646411,20436.88713,590,179.0,12.52111,-69.96833,Aruba,Aruba,High income,Latin America & Caribbean,7.799570924605351,9.925145669600882,1.7865262205281587,-0.58925635398,98.50851656279714
Aruba,2003,100.0,,0.0,,0.18,0.79,0.0,0.0,0.0,56750.387,15.73,2563.233,,1.975547262,20833.97636,590,179.0,12.52111,-69.96833,Aruba,Aruba,High income,Latin America & Caribbean,7.849414687546748,9.944388409226681,1.7899899136608026,0.35559850716,98.89086083356196
Aruba,2004,100.0,,0.0,,0.19,0.81,0.0,0.0,0.0,58649.285,14.76,2618.238,,7.911563466,22568.37499,590,179.0,12.52111,-69.96833,Aruba,Aruba,High income,Latin America & Caribbean,7.87063871475842,10.024349177359031,1.904626343698216,1.5031970585399999,100.48757642961868
Aruba,2005,100.0,,0.0,,0.19,0.86,0.0,0.0,0.0,62704.926,14.93,2720.914,,1.214349349,23300.73836,590,179.0,12.52111,-69.96833,Aruba,Aruba,High income,Latin America & Caribbean,7.909090588296427,10.056283244496095,1.9106938164542582,0.23072637630999998,101.12883269353291
Aruba,2006,100.0,,0.0,,0.19,0.85,0.0,0.0,0.0,61848.48,14.77,2717.247,,1.050607528,24046.22638,590,179.0,12.52111,-69.96833,Aruba,Aruba,High income,Latin America & Caribbean,7.907742466226003,10.087774941648282,1.9166772389131737,0.19961543032,101.763203273347
Aruba,2007,100.0,,0.0,,0.19,0.88,0.0,0.0,0.0,62959.137,14.94,2823.59,,1.800225971,25834.11178,590,179.0,12.52111,-69.96833,Aruba,Aruba,High income,Latin America & Caribbean,7.946118500304403,10.159489767400526,1.9303030558061,0.34204293449,103.21523233391599
Aruba,2008,100.0,,0.0,,0.19,0.86,0.0,0.0,0.0,58413.715,14.36,2658.575,,-0.090708046,27083.63486,590,179.0,12.52111,-69.96833,Aruba,Aruba,High income,Latin America & Caribbean,7.885921614574359,10.206721866738434,1.9392771546803025,-0.01723452874,104.1771712649565
Aruba,2009,100.0,,295.71,,0.3,0.87,0.0,0.03,3.3333335,57522.297,15.96,2629.239,,-10.51974854,24631.18205,590,179.0,12.52111,-69.96833,Aruba,Aruba,High income,Latin America & Caribbean,7.874829995567685,10.11180908036949,3.033542724110847,-3.155924562,102.24868287784287
Aruba,2010,93.35629,,296.07,,5.46,0.78,0.0,0.11,12.35955,53389.605,16.21,2508.228,,-3.685029387,23513.5277,590,179.0,12.52111,-69.96833,Aruba,Aruba,High income,Latin America & Caribbean,7.827730415095447,10.065373709125346,54.95694045182439,-20.120260453020002,101.31174790435173
Aruba,2011,100.0,,296.91,,5.66,0.77,0.0,0.11,12.5,42076.207,15.62,2500.894,,3.44605475,24985.01392,590,179.0,12.52111,-69.96833,Aruba,Aruba,High income,Latin America & Caribbean,7.824803324022273,10.126071504103603,57.31356471322639,19.504669885000002,102.537324106219
Aruba,2012,100.0,,302.25,,6.86,0.73,0.0,0.14,16.091953,52292.04,6.83,1349.456,,-1.369863014,24712.49326,590,179.0,12.52111,-69.96833,Aruba,Aruba,High income,Latin America & Caribbean,7.208197592176182,10.115104659286244,69.38961796270364,-9.39726027604,102.31534226831428
Aruba,2013,100.0,,306.3,,6.89,0.74,0.0,0.15,16.853933,50264.645,3.34,861.745,,4.198232323,26441.61994,590,179.0,12.52111,-69.96833,Aruba,Aruba,High income,Latin America & Caribbean,6.7601191665397025,10.182732379071659,70.15902609180372,28.92582070547,103.68803870379438
Aruba,2014,100.0,,355.57,,6.93,0.73,0.0,0.16,17.977528,50628.816,3.38,872.746,,0.3,26893.01151,590,179.0,12.52111,-69.96833,Aruba,Aruba,High income,Latin America & Caribbean,6.772789715569014,10.199658920360225,70.68363631809636,2.0789999999999997,104.03304209168391
Aruba,2015,100.0,,365.16,,6.73,0.75,0.0,0.18,19.35484,51778.613,3.28,898.415,,5.700000876,28396.90842,590,179.0,12.52111,-69.96833,Aruba,Aruba,High income,Latin America & Caribbean,6.801744551982725,10.254070774254112,69.00989631073018,38.36100589548,105.14596744341232
Aruba,2016,100.0,,363.32,,6.99,0.76,0.0,0.14,15.555556,50017.652,3.16,883.747,,2.099999586,28452.17061,590,179.0,12.52111,-69.96833,Aruba,Aruba,High income,Latin America & Caribbean,6.785301728431466,10.256014878336158,71.68954399956975,14.67899710614,105.18584118465263
Australia,2000,100.0,100.0,,,8.42,181.05,0.0,17.11,8.634437,68632.96,6.16,339450.0,3.9888778,3.912427733,21697.70848,3,7741220.0,-25.274398,133.775136,Australia,Australia,High income,East Asia & Pacific,12.735084885667419,9.98500802070665,84.07376753434998,32.942641511859996,99.70038517357612
Australia,2001,100.0,100.0,,,8.37,194.33,0.0,17.4,8.218014,68338.28,5.91,345640.0,3.870762,2.038300732,19527.32358,3,7741220.0,-25.274398,133.775136,Australia,Australia,High income,East Asia & Pacific,12.753155943134809,9.879621181988771,82.69242929324601,17.06057712684,97.6069146996012
Australia,2002,100.0,100.0,,,8.74,197.29,0.0,17.35,8.0833025,68892.78,5.89,353369.9951,3.9314504,4.014526654,20117.78889,3,7741220.0,-25.274398,133.775136,Australia,Australia,High income,East Asia & Pacific,12.7752737616455,9.909409428067928,86.6082384013137,35.08696295596,98.19639521308154
Australia,2003,100.0,100.0,,,7.15,195.13,0.0,18.5,8.659832,69082.79,5.78,352579.9866,4.014969,3.110325109,23492.40517,3,7741220.0,-25.274398,133.775136,Australia,Australia,High income,East Asia & Pacific,12.773035624066008,10.064475029684155,71.96099646224171,22.23882452935,101.29365762313589
Australia,2004,100.0,100.0,,,6.68,203.66,0.0,19.41,8.701304,70486.32,5.65,365809.9976,4.0365605,4.205446887,30513.94174,3,7741220.0,-25.274398,133.775136,Australia,Australia,High income,East Asia & Pacific,12.809872079003103,10.325971735751802,68.97749119482204,28.09238520516,106.62569228754508
Australia,2005,100.0,100.0,,,6.71,195.95,0.0,19.75,9.156236,69917.164,5.52,370089.9963,4.3135533,3.160338325,34080.9999,3,7741220.0,-25.274398,133.775136,Australia,Australia,High income,East Asia & Pacific,12.821504190329065,10.436524661733237,70.02908048023002,21.20587016075,108.92104701496606
Australia,2006,100.0,100.0,,,6.85,198.72,0.0,21.19,9.63576,71863.76,5.58,375489.9902,4.233413,2.726893446,36117.48798,3,7741220.0,-25.274398,133.775136,Australia,Australia,High income,East Asia & Pacific,12.835989755757318,10.494560145635898,71.8877369976059,18.6792201051,110.13579265036935
Australia,2007,100.0,100.0,,,6.95,208.59,0.0,20.93,9.119031,72304.695,5.52,385750.0,3.9767227,3.768487516,41001.14298,3,7741220.0,-25.274398,133.775136,Australia,Australia,High income,East Asia & Pacific,12.862947362574607,10.62137961212541,73.8185883042716,26.1909882362,112.8137048648733
Australia,2008,100.0,100.0,,,6.79,211.06,0.0,18.49,8.05489,72089.34,5.53,388940.0024,3.6813264,3.577014878,49654.9106,3,7741220.0,-25.274398,133.775136,Australia,Australia,High income,East Asia & Pacific,12.871182946316827,10.812872707705207,73.41940568531835,24.28793102162,116.91821619303613
Australia,2009,100.0,100.0,,,7.15,216.42,0.0,18.32,7.804379,69689.84,5.43,395290.0085,3.9202662,1.86683207,42783.32257,3,7741220.0,-25.274398,133.775136,Australia,Australia,High income,East Asia & Pacific,12.887377503010399,10.663927019373995,76.24707818852407,13.347849300500002,113.71933947453473
Australia,2010,100.0,100.0,,,8.16,212.5,0.0,21.13,9.044215,68523.875,5.33,387540.0085,4.3128047,2.172337091,52087.97229,3,7741220.0,-25.274398,133.775136,Australia,Australia,High income,East Asia & Pacific,12.867576950563206,10.860708541037985,88.62338169486996,17.72627066256,117.95499001337544
Australia,2011,100.0,100.0,,,8.32,213.56,0.0,27.33,11.3454275,69714.19,5.23,386380.0049,5.698981,2.469746294,62574.1457,3,7741220.0,-25.274398,133.775136,Australia,Australia,High income,East Asia & Pacific,12.864579220950658,11.044123444703176,91.88710705993043,20.54828916608,121.97266266184235
Australia,2012,100.0,100.0,,,8.29,206.75,0.0,26.63,11.410575,67583.03,4.98,386970.0012,5.700209,3.917362463,68027.84171,3,7741220.0,-25.274398,133.775136,Australia,Australia,High income,East Asia & Pacific,12.866105036904612,11.127687037029233,92.24852553697234,32.47493481826999,123.82541879406843
Australia,2013,100.0,100.0,,,9.21,195.78,0.0,34.2,14.870858,67307.04,4.93,380279.9988,6.525869,2.600211881,68156.62792,3,7741220.0,-25.274398,133.775136,Australia,Australia,High income,East Asia & Pacific,12.848665728955265,11.129578359254413,102.50341668873315,23.94795142401,123.86751445478416
Australia,2014,100.0,100.0,,,9.32,205.46,0.0,36.15,14.96213,66744.195,4.78,371630.0049,5.979823,2.562931521,62511.69059,3,7741220.0,-25.274398,133.775136,Australia,Australia,High income,East Asia & Pacific,12.825656718662957,11.043124864552745,102.92192373763159,23.88652177572,121.95060677410308
Australia,2015,100.0,100.0,,,9.31,197.72,0.0,33.12,14.3476,67234.93,4.67,377799.9878,6.290021,2.172204753,56707.02208,3,7741220.0,-25.274398,133.775136,Australia,Australia,High income,East Asia & Pacific,12.842122848657034,10.945670962600499,101.90419666181064,20.22322625043,119.80771282151572
Australia,2016,100.0,100.0,,,9.42,207.66,0.0,38.41,15.609379,66407.09,4.54,384989.9902,7.1891756,2.741643069,49881.76371,3,7741220.0,-25.274398,133.775136,Australia,Australia,High income,East Asia & Pacific,12.860975210918166,10.817430805436278,101.90019818720974,25.82627770998,117.01680923040175
Australia,2017,100.0,100.0,,,9.69,209.14,0.0,40.77,16.313873,65146.316,4.49,389160.0037,6.750127,2.295926947,53934.25018,3,7741220.0,-25.274398,133.775136,Australia,Australia,High income,East Asia & Pacific,12.871748428230863,10.89553953534517,105.5777780974947,22.247532116429998,118.71278176626964
Australia,2018,100.0,100.0,,,9.67,207.45,0.0,42.93,17.145937,65072.668,4.39,387070.0073,8.300061,2.87097248,57180.7794,3,7741220.0,-25.274398,133.775136,Australia,Australia,High income,East Asia & Pacific,12.866363436576615,10.95399058466458,105.92508895370649,27.762303881599998,119.98990972892028
Australia,2019,100.0,100.0,,,10.13,196.45,0.0,53.41,21.37597,66263.54,4.3,386529.9988,8.880722,2.113149425,54875.28596,3,7741220.0,-25.274398,133.775136,Australia,Australia,High income,East Asia & Pacific,12.864967347674437,10.91283658445369,110.54703460051589,21.40620367525,119.09000231899087
Austria,2000,100.0,100.0,,,26.44,16.41,0.0,43.44,72.58146,48863.28,3.22,63530.0,32.954258,3.375722147,24564.45829,109,83871.0,47.516231,14.550072,Austria,Austria,High income,Europe & Central Asia,11.059283254731692,10.10909660064692,267.28451412110456,89.25409356668,102.19383408121111
Austria,2001,100.0,100.0,,,25.53,18.82,0.0,42.24,69.17786,50421.105,3.36,67910.0,30.816513,1.267168189,24537.51426,109,83871.0,47.516231,14.550072,Austria,Austria,High income,Europe & Central Asia,11.125953303371235,10.107999172829782,258.05721888234433,32.35080386517,102.17164727792756
Austria,2002,100.0,100.0,,,24.68,18.79,0.0,41.9,69.03938,50254.64,3.33,69370.00275,30.325117,1.651553922,26401.74546,109,83871.0,47.516231,14.550072,Austria,Austria,High income,Europe & Central Asia,11.147224231370735,10.181223278424303,251.2725905115118,40.76035079496,103.65730744512892
Austria,2003,100.0,100.0,,,22.56,22.82,0.0,35.24,60.695835,50523.203,3.48,74459.99908,25.140518,0.941470921,32222.89724,109,83871.0,47.516231,14.550072,Austria,Austria,High income,Europe & Central Asia,11.21803076501061,10.380463606585696,234.1832589645733,21.23958397776,107.75402468765012
Austria,2004,100.0,100.0,,,23.17,22.31,0.0,39.62,63.975456,51139.312,3.44,75800.00305,27.633785,2.735120222,36821.52147,109,83871.0,47.516231,14.550072,Austria,Austria,High income,Europe & Central Asia,11.235866804392513,10.513864933430947,243.60625050759506,63.372735543740006,110.54135583842893
Austria,2005,100.0,100.0,,,24.41,23.61,0.0,40.88,63.389675,51714.72,3.47,76239.99786,27.94786,2.244065325,38403.13388,109,83871.0,47.516231,14.550072,Austria,Austria,High income,Europe & Central Asia,11.241654626647469,10.555920385906637,257.670016619981,54.777634583250006,111.42745519359931
Austria,2006,100.0,100.0,,,26.64,21.62,0.0,40.66,65.285805,50921.684,3.38,74099.99847,28.59121,3.454041836,40635.28182,109,83871.0,47.516231,14.550072,Austria,Austria,High income,Europe & Central Asia,11.213184285822276,10.612416587417233,282.7147778887951,92.01567451104,112.62338582488842
Austria,2007,100.0,100.0,,,28.99,19.74,0.0,43.17,68.62184,49669.195,3.2,71239.99786,30.98061,3.727415301,46855.77175,109,83871.0,47.516231,14.550072,Austria,Austria,High income,Europe & Central Asia,11.173823744324029,10.754850818310093,311.7831252228096,108.05776957599,115.66681612410527
Austria,2008,100.0,100.0,,,29.68,19.97,0.0,44.53,69.03876,50475.008,3.18,70730.00336,31.345478,1.460423676,51708.76575,109,83871.0,47.516231,14.550072,Austria,Austria,High income,Europe & Central Asia,11.166639275706316,10.853401935308453,322.12896943995486,43.34537470368,117.79633356935727
Austria,2009,100.0,100.0,,,31.31,19.12,0.0,47.18,71.161385,48765.184,3.14,64419.99817,34.322514,-3.764578178,47963.1794,109,83871.0,47.516231,14.550072,Austria,Austria,High income,Europe & Central Asia,11.073194917487283,10.778209748797558,337.4657472348515,-117.86894275318,116.16980538907471
Austria,2010,100.0,100.0,,,31.15,22.92,0.0,44.99,66.24944,50240.96,3.29,69959.99908,31.605642,1.837093677,46858.04327,109,83871.0,47.516231,14.550072,Austria,Austria,High income,Europe & Central Asia,11.155693209762417,10.754899295079994,335.0151130417418,57.22546803855,115.66785884731216
Austria,2011,100.0,100.0,,,31.64,21.35,0.0,40.91,65.70832,47200.484,3.1,68269.99664,30.720795,2.922797284,51374.95841,109,83871.0,47.516231,14.550072,Austria,Austria,High income,Europe & Central Asia,11.131240308811702,10.846925606807012,343.19672619937387,92.47730606576,117.65579511960567
Austria,2012,100.0,100.0,,,34.38,17.37,0.0,51.33,74.71616,49174.594,3.07,65110.00061,35.929344,0.680445577,48567.69529,109,83871.0,47.516231,14.550072,Austria,Austria,High income,Europe & Central Asia,11.08384879410545,10.790734472512446,370.9854511649779,23.39371893726,116.43995045626845
Austria,2013,100.0,100.0,,,34.59,14.09,0.0,50.5,78.185486,48493.574,3.1,65750.0,35.266674,0.025504712,50716.70871,109,83871.0,47.516231,14.550072,Austria,Austria,High income,Europe & Central Asia,11.093630159049829,10.834030412814649,374.7491119792587,0.88220798808,117.37621498579274
Austria,2014,100.0,100.0,,,35.67,11.42,0.0,50.2,81.46706,46196.465,2.97,62049.99924,36.640297,0.661272849,51717.49594,109,83871.0,47.516231,14.550072,Austria,Austria,High income,Europe & Central Asia,11.035711894290356,10.85357075164314,387.1468687111108,23.587602523830004,117.79999806092344
Austria,2015,100.0,100.0,,,34.82,14.26,0.0,47.59,76.94422,45686.785,3.01,63240.00168,34.964077,1.014501586,44178.04738,109,83871.0,47.516231,14.550072,Austria,Austria,High income,Europe & Central Asia,11.054708130540156,10.69600591449628,372.43492594276046,35.32494522452,114.40454252293938
Austria,2016,100.0,100.0,,,34.64,14.17,0.0,51.08,78.28352,46698.785,2.98,63680.00031,35.651855,1.989437162,45276.83144,109,83871.0,47.516231,14.550072,Austria,Austria,High income,Europe & Central Asia,11.061641528780568,10.720572819504048,371.3606424676202,68.91410329168001,114.93068157828897
Austria,2017,100.0,100.0,,,33.98,16.37,0.0,51.05,75.719376,47423.047,2.97,65860.00061,34.502872,2.258572433,47312.00623,109,83871.0,47.516231,14.550072,Austria,Austria,High income,Europe & Central Asia,11.095301748800063,10.764540509831942,365.77908652408934,76.74629127333999,115.87533238781293
Austria,2018,100.0,100.0,,,34.11,14.98,0.0,50.06,76.96802,46186.543,2.81,63060.00137,34.568928,2.501595119,51461.43322,109,83871.0,47.516231,14.550072,Austria,Austria,High income,Europe & Central Asia,11.051857812611411,10.848607368433402,370.0459973372634,85.32940950909,117.6922818344275
Austria,2019,100.0,100.0,,,33.77,16.22,0.0,54.64,77.109795,48314.258,2.82,64769.99664,35.611378,1.49121085,50114.40111,109,83871.0,47.516231,14.550072,Austria,Austria,High income,Europe & Central Asia,11.078613199429274,10.822083647218216,365.4617647665592,50.35819040450001,117.11749446738793
Azerbaijan,2000,98.908226,70.3,113.51,4880000.0,2.07,16.13,0.0,1.52,8.611898,16123.289,14.46,27690.0,3.446014,11.0999995,655.1199452,123,86600.0,40.143105,47.576927,Azerbaijan,Azerbaijan,Upper middle income,Europe & Central Asia,10.22886272963353,6.486343615522975,13.426731284132556,22.976998964999996,42.07265349863565
Azerbaijan,2001,98.6218,73.6,113.82,,1.75,16.61,0.0,1.29,7.206704,15361.87,13.33,26400.0,3.0117817,9.90000013,703.6838434,123,86600.0,40.143105,47.576927,Azerbaijan,Azerbaijan,Upper middle income,Europe & Central Asia,10.181157167204903,6.557749253150894,11.476061193014065,17.325000227500002,43.00407526720111
Azerbaijan,2002,100.0,76.8,112.84,,2.35,16.47,0.0,2.0,10.828371,15003.191,12.31,26180.00031,4.7006664,9.438916342,763.080638,123,86600.0,40.143105,47.576927,Azerbaijan,Azerbaijan,Upper middle income,Europe & Central Asia,10.17278924767207,6.638673330717234,15.6008823271855,22.1814534037,44.07198359197625
Azerbaijan,2003,98.92747,80.3,116.01,,2.94,17.69,0.0,2.44,12.121213,16075.374,11.74,28569.99969,5.2779026,10.20830001,883.7339715,123,86600.0,40.143105,47.576927,Azerbaijan,Azerbaijan,Upper middle income,Europe & Central Asia,10.260147485512196,6.785287002644401,19.94874378777454,30.0124020294,46.04011970825505
Azerbaijan,2004,99.0748,82.9,114.81,,3.07,17.76,0.0,2.73,13.323572,17986.783,11.3,28309.99947,5.1585817,9.253801326,1045.009379,123,86600.0,40.143105,47.576927,Azerbaijan,Azerbaijan,Upper middle income,Europe & Central Asia,10.251005681968804,6.952737611123866,21.34490446615027,28.409170070819997,48.340560289136405
Azerbaijan,2005,99.221596,85.2,113.6,2230000.0,3.36,17.12,0.0,2.98,14.8258705,19273.648,9.28,30040.00092,5.1650033,27.96153807,1578.40239,123,86600.0,40.143105,47.576927,Azerbaijan,Azerbaijan,Upper middle income,Europe & Central Asia,10.310318424896888,7.364801820295209,24.7457341161919,93.95076791519999,54.24030585222362
Azerbaijan,2006,99.5,87.4,118.77,480000.0,2.86,19.83,0.0,2.49,11.155914,18724.746,6.8,30489.99977,4.3662996,34.5,2473.081819,123,86600.0,40.143105,47.576927,Azerbaijan,Azerbaijan,Upper middle income,Europe & Central Asia,10.325186829539831,7.81362462394964,22.34696642449597,98.67,61.05272976399216
Azerbaijan,2007,99.52345,89.4,117.5,,3.78,18.31,0.0,2.34,11.331718,17015.564,5.13,27629.99916,4.50297,25.0,3851.437869,123,86600.0,40.143105,47.576927,Azerbaijan,Azerbaijan,Upper middle income,Europe & Central Asia,10.226693579406227,8.256461439614514,31.20942424174286,94.5,68.16915550384137
Azerbaijan,2008,99.68387,90.7,116.2,,3.08,18.24,0.0,2.21,10.806846,16933.111,5.15,30450.00076,4.1847568,10.75897816,5574.603802,123,86600.0,40.143105,47.576927,Azerbaijan,Azerbaijan,Upper middle income,Europe & Central Asia,10.323874138279423,8.626155895755204,26.56856015892603,33.1376527328,74.41056553787227
Azerbaijan,2009,99.854225,92.1,110.83,170000.0,3.27,15.57,0.0,2.29,12.821948,14348.922,4.21,25500.0,4.8711276,9.296363473,4950.294791,123,86600.0,40.143105,47.576927,Azerbaijan,Azerbaijan,Upper middle income,Europe & Central Asia,10.146472946063877,8.507404395297632,27.81921237262326,30.399108556709997,72.37592954512947
Azerbaijan,2010,99.943794,93.1,110.41,187390000.0,4.45,14.34,0.0,3.41,19.211267,13958.922,3.82,24309.99947,7.311432,5.048944567,5843.533768,123,86600.0,40.143105,47.576927,Azerbaijan,Azerbaijan,Upper middle income,Europe & Central Asia,10.098684179998557,8.67326210477089,38.596016366230465,22.46780332315,75.22547553805477
Azerbaijan,2011,99.9,94.0,109.22,20000.0,3.55,16.57,0.0,2.65,13.787722,15663.72,4.2,27280.00069,5.077954,0.1,7189.691229,123,86600.0,40.143105,47.576927,Azerbaijan,Azerbaijan,Upper middle income,Europe & Central Asia,10.213945793469374,8.88054258364633,31.52592617194447,0.355,78.86403657995582
Azerbaijan,2012,100.0,94.7,110.53,,2.84,19.9,0.0,1.8,8.29493,15936.576,4.47,30110.00061,3.3373456,2.16523943,7496.294648,123,86600.0,40.143105,47.576927,Azerbaijan,Azerbaijan,Upper middle income,Europe & Central Asia,10.312645852740287,8.922297520851602,25.339324959218548,6.1492799812,79.60739305059465
Azerbaijan,2013,100.0,95.2,119.83,,2.52,20.56,0.0,1.47,6.672719,16085.35,4.28,30940.00053,2.7806928,5.809800945,7875.756953,123,86600.0,40.143105,47.576927,Azerbaijan,Azerbaijan,Upper middle income,Europe & Central Asia,10.339837461354689,8.97167154395244,22.608612290760146,14.6406983814,80.49089029256595
Azerbaijan,2014,100.0,95.5,117.84,20000.0,2.12,22.03,0.0,1.29,5.5317326,16145.47,4.3,32240.00168,2.433617,2.75050703,7891.313147,123,86600.0,40.143105,47.576927,Azerbaijan,Azerbaijan,Upper middle income,Europe & Central Asia,10.380994265616826,8.97364454539738,19.024126436242447,5.8310749036,80.52629642714017
Azerbaijan,2015,100.0,95.9,119.91,77640000.0,2.33,21.66,0.0,1.62,6.9587626,17438.53,4.26,31770.00046,2.757688,1.093975846,5500.310382,123,86600.0,40.143105,47.576927,Azerbaijan,Azerbaijan,Upper middle income,Europe & Central Asia,10.36630921748225,8.612741594115962,20.06768791429019,2.54896372118,74.17931776701515
Azerbaijan,2016,100.0,96.2,121.57,10000.0,1.94,21.57,0.0,2.0,8.485363,17089.488,4.35,32240.00168,3.345908,-3.1,3880.738731,123,86600.0,40.143105,47.576927,Azerbaijan,Azerbaijan,Upper middle income,Europe & Central Asia,10.380994265616826,8.264038458784997,16.032234610042895,-6.014,68.2943316482775
Azerbaijan,2017,100.0,96.4,121.23,20000.0,1.91,21.17,0.0,1.79,7.7961674,16612.637,4.37,31959.99908,3.0498044,0.2,4147.089716,123,86600.0,40.143105,47.576927,Azerbaijan,Azerbaijan,Upper middle income,Europe & Central Asia,10.372271659717024,8.330403197852261,15.91107010789782,0.382,69.39561743878718
Azerbaijan,2018,100.0,96.6,128.32,,1.93,21.95,0.0,1.87,7.850546,16897.24,4.32,32729.99954,3.070157,1.5,4739.84171,123,86600.0,40.143105,47.576927,Azerbaijan,Azerbaijan,Upper middle income,Europe & Central Asia,10.39607790598401,8.463969974873747,16.33546205150633,2.895,71.63878773556429
Azerbaijan,2019,100.0,96.7,128.51,,1.62,22.91,0.0,1.69,6.869919,17546.781,4.61,35509.99832,2.674584,2.5,4805.753718,123,86600.0,40.143105,47.576927,Azerbaijan,Azerbaijan,Upper middle income,Europe & Central Asia,10.477597739312717,8.477777232547751,13.733999116727357,4.050000000000001,71.872706804705
Bahrain,2000,100.0,100.0,0.0,,0.0,13.02,0.0,0.0,0.0,157253.03,10.43,15880.0,,5.300070056,13636.41675,"2,239",765.0,26.0667,50.5577,Bahrain,Bahrain,High income,"Middle East, North Africa, Afghanistan & Pakistan",9.672878705110646,9.520572525631401,0.0,0.0,90.64130121580747
Bahrain,2001,100.0,100.0,0.0,,0.0,13.74,0.0,0.0,0.0,158559.69,10.41,16390.0,,2.490948108,12868.17692,"2,239",765.0,26.0667,50.5577,Bahrain,Bahrain,High income,"Middle East, North Africa, Afghanistan & Pakistan",9.70448768268936,9.462590345165115,0.0,0.0,89.54061604041205
Bahrain,2002,100.0,100.0,0.0,,0.0,14.34,0.0,0.0,0.0,165096.56,10.45,17219.99931,,3.348550668,13049.90973,"2,239",765.0,26.0667,50.5577,Bahrain,Bahrain,High income,"Middle East, North Africa, Afghanistan & Pakistan",9.753884808237538,9.476613121432244,0.0,0.0,89.80619625330178
Bahrain,2003,100.0,100.0,0.0,,0.0,14.76,0.0,0.0,0.0,165859.02,10.3,17940.00053,,6.296441979,14222.0368,"2,239",765.0,26.0667,50.5577,Bahrain,Bahrain,High income,"Middle East, North Africa, Afghanistan & Pakistan",9.794843904960658,9.562618238925385,0.0,0.0,91.44366758342844
Bahrain,2004,100.0,100.0,0.0,,0.0,15.18,0.0,0.0,0.0,160432.52,9.83,17930.00031,,6.980960594,15846.50595,"2,239",765.0,26.0667,50.5577,Bahrain,Bahrain,High income,"Middle East, North Africa, Afghanistan & Pakistan",9.794286354780859,9.670767413611793,0.0,0.0,93.52374236817573
Bahrain,2005,100.0,100.0,0.0,,0.0,18.2,0.0,0.0,0.0,166315.33,10.55,20690.00053,,6.768997871,17959.39683,"2,239",765.0,26.0667,50.5577,Bahrain,Bahrain,High income,"Middle East, North Africa, Afghanistan & Pakistan",9.937454127714402,9.795924436823677,0.0,0.0,95.96013557195927
Bahrain,2006,100.0,100.0,0.0,,0.0,19.77,0.0,0.0,0.0,164833.39,10.36,22489.99977,,6.467000122,19307.50894,"2,239",765.0,26.0667,50.5577,Bahrain,Bahrain,High income,"Middle East, North Africa, Afghanistan & Pakistan",10.020870497944859,9.868301155455157,0.0,0.0,97.38336769475758
Bahrain,2007,100.0,100.0,0.0,,0.0,20.42,0.0,0.0,0.0,157924.5,10.31,23000.0,,8.293960448,20976.44229,"2,239",765.0,26.0667,50.5577,Bahrain,Bahrain,High income,"Middle East, North Africa, Afghanistan & Pakistan",10.043292972227004,9.951202962697657,0.0,0.0,99.02644040480263
Bahrain,2008,100.0,100.0,0.61,,0.0,21.45,0.0,0.0,0.0,154979.23,10.35,24760.00023,,6.245010775,23066.45098,"2,239",765.0,26.0667,50.5577,Bahrain,Bahrain,High income,"Middle East, North Africa, Afghanistan & Pakistan",10.117025122993903,10.046177854382718,0.0,0.0,100.92568948188975
Bahrain,2009,100.0,100.0,0.57,,0.0,21.21,0.0,0.0,0.0,144448.34,9.7,24719.99931,,2.539885936,19355.92101,"2,239",765.0,26.0667,50.5577,Bahrain,Bahrain,High income,"Middle East, North Africa, Afghanistan & Pakistan",10.115408335916365,9.870805309442897,0.0,0.0,97.43279745692608
Bahrain,2010,100.0,100.0,0.55,,0.0,22.39,0.0,0.0,0.0,141914.1,9.59,25969.99931,,4.334299173,20722.07049,"2,239",765.0,26.0667,50.5577,Bahrain,Bahrain,High income,"Middle East, North Africa, Afghanistan & Pakistan",10.164735783315788,9.93900287506623,0.0,0.0,98.78377815057478
Bahrain,2011,100.0,100.0,0.54,,0.0,22.88,0.0,0.0,0.0,140596.47,9.42,26020.00046,,1.983515012,22514.20272,"2,239",765.0,26.0667,50.5577,Bahrain,Bahrain,High income,"Middle East, North Africa, Afghanistan & Pakistan",10.166659200981439,10.0219460364704,0.0,0.0,100.43940235792476
Bahrain,2012,100.0,100.0,0.92,,0.0,23.29,0.0,0.0,0.0,149451.38,8.64,27170.00008,,3.72810843,23654.36959,"2,239",765.0,26.0667,50.5577,Bahrain,Bahrain,High income,"Middle East, North Africa, Afghanistan & Pakistan",10.209905509987374,10.071345412124126,0.0,0.0,101.43199841031368
Bahrain,2013,100.0,100.0,0.9,,0.0,24.36,0.0,0.0,0.0,161365.53,9.54,28850.00038,,5.41683981,24744.29696,"2,239",765.0,26.0667,50.5577,Bahrain,Bahrain,High income,"Middle East, North Africa, Afghanistan & Pakistan",10.269899946551712,10.116390728122221,0.0,0.0,102.34136136403724
Bahrain,2014,100.0,100.0,4.26,,0.0,25.62,0.0,0.01,0.03901678,153929.6,8.77,30280.00069,,4.350390853,24989.43753,"2,239",765.0,26.0667,50.5577,Bahrain,Bahrain,High income,"Middle East, North Africa, Afghanistan & Pakistan",10.31827575489171,10.126248531879012,0.0,0.0,102.54090932938185
Bahrain,2015,100.0,100.0,4.15,,0.0,26.77,0.0,0.01,0.037341297,149472.8,9.05,30579.99992,,2.485378558,22634.08565,"2,239",765.0,26.0667,50.5577,Bahrain,Bahrain,High income,"Middle East, North Africa, Afghanistan & Pakistan",10.328134177444218,10.02725644382579,0.0,0.0,100.54587179024583
Bahrain,2016,100.0,100.0,4.69,,0.0,26.8,0.0,0.01,0.037299518,144113.94,8.62,30299.99924,,3.558128119,22608.45256,"2,239",765.0,26.0667,50.5577,Bahrain,Bahrain,High income,"Middle East, North Africa, Afghanistan & Pakistan",10.318935969171513,10.026123352683449,0.0,0.0,100.5231494832244
Bahrain,2017,100.0,100.0,4.48,,0.0,27.47,0.0,0.01,0.036390103,143466.25,8.33,30520.00046,,4.290949778,23742.93734,"2,239",765.0,26.0667,50.5577,Bahrain,Bahrain,High income,"Middle East, North Africa, Afghanistan & Pakistan",10.326170265332948,10.075082506981145,0.0,0.0,101.50728752247748
Bahrain,2018,100.0,100.0,4.48,,0.0,27.77,0.0,0.01,0.03599712,142291.5,8.27,30809.99947,,2.136701347,24085.95599,"2,239",765.0,26.0667,50.5577,Bahrain,Bahrain,High income,"Middle East, North Africa, Afghanistan & Pakistan",10.33562703085683,10.089425727724459,0.0,0.0,101.79651151526822
Bahrain,2019,100.0,100.0,6.11,,0.0,31.43,0.0,0.01,0.031806614,155398.47,8.73,33259.99832,,2.141376784,23551.93009,"2,239",765.0,26.0667,50.5577,Bahrain,Bahrain,High income,"Middle East, North Africa, Afghanistan & Pakistan",10.412140767930854,10.06700551166258,0.0,0.0,101.34459997184477
Bangladesh,2000,32.0,8.3,1.8,3010000.0,59.06,13.93,0.0,0.94,6.3214526,1053.6212,3.14,21650.0,1.6270727,5.293294718,418.0689421,"1,265",148460.0,23.684994,90.356331,Bangladesh,Bangladesh,Lower middle income,South Asia,9.982806921740384,6.038035446005118,356.60637344106226,312.62198604508,36.457872047214224
Bangladesh,2001,35.032646,8.3,1.77,,55.82,15.41,0.0,0.98,5.9792557,1181.6239,3.27,25780.0,1.8750032,5.077287776,415.0344043,"1,265",148460.0,23.684994,90.356331,Bangladesh,Bangladesh,Lower middle income,South Asia,10.15739306550038,6.030767959485819,336.6374674984984,283.41420365632,36.370162181160744
Bangladesh,2002,37.85107,8.4,1.74,32180000.0,54.33,16.55,0.0,1.05,5.9659085,1163.1385,3.23,27430.00031,1.3622075,3.83312394,413.0802826,"1,265",148460.0,23.684994,90.356331,Bangladesh,Bangladesh,Lower middle income,South Asia,10.219429051002773,6.026059874349064,327.39583297338464,208.2536236602,36.313397609239864
Bangladesh,2003,40.66426,8.6,1.71,46690000.0,52.62,17.47,0.0,1.12,6.0247445,1208.1465,3.2,28629.99916,1.2784041,4.739567399,446.3106757,"1,265",148460.0,23.684994,90.356331,Bangladesh,Bangladesh,Lower middle income,South Asia,10.262245296540137,6.103253377133647,321.1531927047725,249.39603653538,37.249701785493265
Bangladesh,2004,40.6,8.9,1.69,17170000.0,52.05,22.05,0.0,1.21,5.2020636,1261.467,3.1,30530.00069,1.2296964,5.23953291,475.2919302,"1,265",148460.0,23.684994,90.356331,Bangladesh,Bangladesh,Lower middle income,South Asia,10.326497862460021,6.166030964980103,320.94191172721435,272.7176879655,38.01993786109346
Bangladesh,2005,44.23,9.2,1.67,39380000.0,50.66,24.15,0.0,1.28,5.033425,1345.851,3.05,32709.99908,1.1353458,6.535944941,499.4619402,"1,265",148460.0,23.684994,90.356331,Bangladesh,Bangladesh,Lower middle income,South Asia,10.395466663630643,6.2155315523073735,314.87882843989155,331.11097071106,38.632832477728506
Bangladesh,2006,50.5251,9.8,1.67,20000.0,48.69,27.86,0.0,1.39,4.7521367,1438.764,3.05,35900.00153,1.0463095,6.671904981,509.6401899,"1,265",148460.0,23.684994,90.356331,Bangladesh,Bangladesh,Lower middle income,South Asia,10.488520471858822,6.235665212833993,303.6145392128871,324.85505352488997,38.88352064654801
Bangladesh,2007,46.5,10.3,1.66,50500000.0,47.19,28.45,0.0,0.76,2.6018488,1458.1193,2.98,37990.00168,1.0207374,7.058599357,558.0518407,"1,265",148460.0,23.684994,90.356331,Bangladesh,Bangladesh,Lower middle income,South Asia,10.545104612772738,6.326242207137818,298.5353697548336,333.09530365683,40.02134046337197
Bangladesh,2008,54.735516,11.0,1.68,10000.0,45.2,31.36,0.0,0.96,2.970297,1528.589,2.94,41580.00183,1.2218128,6.013789759,634.9870697,"1,265",148460.0,23.684994,90.356331,Bangladesh,Bangladesh,Lower middle income,South Asia,10.635398655157342,6.455178232473074,291.77405610778294,271.8232971068,41.6693260129942
Bangladesh,2009,57.568848,11.8,1.72,26970000.0,43.1,34.6,0.0,0.47,1.3401768,1660.9723,2.94,44750.0,0.5117601,5.045124794,702.2644196,"1,265",148460.0,23.684994,90.356331,Bangladesh,Bangladesh,Lower middle income,South Asia,10.70886906982204,6.555732951390117,282.55209020491407,217.44487862140002,42.97763452994217
Bangladesh,2010,55.26,12.7,1.8,180000.0,40.28,37.65,0.0,0.84,2.182385,1685.9304,2.93,50580.00183,0.8648932,5.571788188,781.1535777,"1,265",148460.0,23.684994,90.356331,Bangladesh,Bangladesh,Lower middle income,South Asia,10.831331326868451,6.662051112183855,268.3474187987657,224.43162821264002,44.38292502135014
Bangladesh,2011,59.6,13.7,1.79,236740000.0,38.41,40.67,0.0,0.99,2.3763802,1806.3944,2.85,54419.99817,0.95136946,6.464379123,861.7621622,"1,265",148460.0,23.684994,90.356331,Bangladesh,Bangladesh,Lower middle income,South Asia,10.90450535413889,6.760139058894109,259.6569412521227,248.29680211442997,45.69948009558573
Bangladesh,2012,66.15557,14.7,1.92,149130000.0,37.31,44.91,0.0,0.93,2.0287957,1938.1482,2.77,57990.00168,0.82564867,6.521458781,883.1171296,"1,265",148460.0,23.684994,90.356331,Bangladesh,Bangladesh,Lower middle income,South Asia,10.96804313404429,6.784589553407865,253.13303623764745,243.31562711911002,46.03065540821113
Bangladesh,2013,61.5,15.8,2.16,112940000.0,37.08,48.94,0.0,1.1,2.1982415,1991.1696,2.73,60599.99847,0.7885019,6.013605658,981.8608514,"1,265",148460.0,23.684994,90.356331,Bangladesh,Bangladesh,Lower middle income,South Asia,11.012066648324312,6.890467555091702,255.49853694280029,222.98449779864,47.47854312777141
Bangladesh,2014,62.4,17.1,2.3,90490000.0,35.32,51.78,0.0,0.81,1.5402168,2040.6984,2.66,63830.00183,0.646162,6.061059359,1118.873808,"1,265",148460.0,23.684994,90.356331,Bangladesh,Bangladesh,Lower middle income,South Asia,11.063994273411282,7.020971286512666,247.98070583962738,214.07661655988,49.29403780603533
Bangladesh,2015,74.90374,18.3,2.45,7700000.0,31.93,54.76,0.0,0.83,1.4930743,2440.7686,2.69,72190.00244,0.81840855,6.552639879,1248.45331,"1,265",148460.0,23.684994,90.356331,Bangladesh,Bangladesh,Lower middle income,South Asia,11.18707069717061,7.130461382630067,227.67563194737804,209.22579133647,50.84347952917868
Bangladesh,2016,75.92,19.3,2.52,418430000.0,30.49,63.57,0.0,1.27,1.9586676,2415.728,2.61,74379.99725,0.8060975,7.113478213,1401.564635,"1,265",148460.0,23.684994,90.356331,Bangladesh,Bangladesh,Lower middle income,South Asia,11.216955774891199,7.246057721896442,220.9322999406225,216.88995071436997,52.50535250905505
Bangladesh,2017,88.0,20.6,2.65,246620000.0,28.36,67.59,0.0,1.32,1.9155419,2494.115,2.5,79339.99634,0.8946443,7.284174423,1563.767819,"1,265",148460.0,23.684994,90.356331,Bangladesh,Bangladesh,Lower middle income,South Asia,11.281510251841754,7.355492733501594,208.6017739221052,206.57918663627999,54.10327335259475
Bangladesh,2018,91.8,21.9,2.72,235500000.0,26.88,72.56,0.0,1.4,1.8929151,2630.0278,2.3,83449.99695,0.7471175,7.86375358,1698.132081,"1,265",148460.0,23.684994,90.356331,Bangladesh,Bangladesh,Lower middle income,South Asia,11.332014875693275,7.437872859085851,199.93002245222766,211.3776962304,55.32195266792593
Bangladesh,2019,92.2,23.4,2.93,137390000.0,24.75,78.37,0.0,1.14,1.4337819,2916.3176,2.36,90739.99786,0.6751287,8.152684149,1855.740094,"1,265",148460.0,23.684994,90.356331,Bangladesh,Bangladesh,Lower middle income,South Asia,11.41576455007175,7.526577591406589,186.2827953873131,201.77893268775003,56.64937023946381
Barbados,2000,100.0,100.0,0.0,,14.32,0.76,0.0,0.0,0.0,26318.064,3.83,1240.0,,4.447189623,11268.42006,668,430.0,13.193887,-59.543198,Barbados,Barbados,High income,Latin America & Caribbean,7.123672785204607,9.329848146969757,133.60342546460691,63.68375540136,87.04606644551501
Barbados,2001,100.0,100.0,0.37,,12.56,0.8,0.0,0.0,0.0,26262.209,4.01,1310.0,,-2.365464222,11209.42112,668,430.0,13.193887,-59.543198,Barbados,Barbados,High income,Latin America & Caribbean,7.1785454837637,9.324599081819123,117.11696446764819,-29.71023062832,86.94814803666203
Barbados,2002,100.0,100.0,0.37,,11.3,0.83,0.0,0.0,0.0,26331.5,3.91,1370.000005,,0.787401575,11361.51677,668,430.0,13.193887,-59.543198,Barbados,Barbados,High income,Latin America & Caribbean,7.223295683209288,9.338075214392235,105.52024992263226,8.8976377975,87.1996487096466
Barbados,2003,100.0,100.0,0.37,,9.95,0.87,0.0,0.0,0.0,26508.63,3.92,1379.999995,,2.175480769,11699.37047,668,430.0,13.193887,-59.543198,Barbados,Barbados,High income,Latin America & Caribbean,7.230563149788727,9.367375784387114,93.20538905465177,21.64603365155,87.7477290859221
Barbados,2004,99.99674,100.0,0.36,,9.93,0.9,0.0,0.0,0.0,26606.236,3.97,1360.000014,,1.411598635,12512.57797,668,430.0,13.193887,-59.543198,Barbados,Barbados,High income,Latin America & Caribbean,7.21597501293802,9.434569571361205,93.68527584361676,14.01717444555,89.01110299685476
Barbados,2005,99.98045,100.0,0.72,,9.91,0.95,0.0,0.0,0.0,26715.06,3.97,1419.999957,,3.955457604,13822.74175,668,430.0,13.193887,-59.543198,Barbados,Barbados,High income,Latin America & Caribbean,7.25911609783672,9.534142809590405,94.4833552430409,39.19858485564,90.89987911366441
Barbados,2006,100.0,100.0,0.72,,9.9,0.98,0.0,0.0,0.0,26681.957,3.84,1470.000029,,5.90270029,15199.56753,668,430.0,13.193887,-59.543198,Barbados,Barbados,High income,Latin America & Caribbean,7.293697740315917,9.62908804363734,95.32797163200968,58.436732871000004,92.71933655211959
Barbados,2007,100.0,100.0,2.15,,9.71,1.0,0.0,0.0,0.0,25360.926,3.81,1480.000019,,2.202086187,16770.66103,668,430.0,13.193887,-59.543198,Barbados,Barbados,High income,Latin America & Caribbean,7.300472827096968,9.727445897616589,94.45349966585708,21.38225687577,94.6232036910578
Barbados,2008,100.0,100.0,2.14,,8.63,1.01,0.0,0.0,0.0,29773.459,4.52,1779.999971,,0.701030928,17092.58214,668,430.0,13.193887,-59.543198,Barbados,Barbados,High income,Latin America & Caribbean,7.484930267006675,9.746458358592738,84.11193563465534,6.049896908640001,94.99345053578226
Barbados,2009,100.0,100.0,2.85,,9.4,1.02,0.0,0.0,0.0,27941.865,4.81,4619.999886,,-5.077805078,15885.41018,668,430.0,13.193887,-59.543198,Barbados,Barbados,High income,Latin America & Caribbean,8.438366386200281,9.673219317078802,90.92826158054073,-47.7313677332,93.57117195630649
Barbados,2010,100.0,100.0,3.54,,9.08,0.97,0.0,0.0,0.0,26839.543,4.57,1549.999952,,-2.28645384,16056.37098,668,430.0,13.193887,-59.543198,Barbados,Barbados,High income,Latin America & Caribbean,7.346655132228762,9.683923274224998,87.93002332996299,-20.7610008672,93.77836998107661
Barbados,2011,100.0,100.0,4.42,,4.66,0.99,0.0,0.0,0.0,28088.297,4.61,1759.99999,,-0.673289183,16458.35321,668,430.0,13.193887,-59.543198,Barbados,Barbados,High income,Latin America & Caribbean,7.473637102817614,9.7086491788053,45.2423051732327,-3.1375275927799997,94.25786887711683
Barbados,2012,100.0,100.0,5.29,,4.21,1.06,0.0,0.0,0.0,26331.783,4.53,2119.999886,,-0.455606178,16249.67395,668,430.0,13.193887,-59.543198,Barbados,Barbados,High income,Latin America & Caribbean,7.659642900816449,9.69588966074402,40.819695471732324,-1.9181020093799999,94.0102763133228
Barbados,2013,100.0,100.0,5.98,,3.51,0.95,0.0,0.0,0.0,26676.488,4.51,1440.000057,,-1.406563965,16451.27931,668,430.0,13.193887,-59.543198,Barbados,Barbados,High income,Latin America & Caribbean,7.273092635555385,9.708219306473405,34.07584976572165,-4.93703951715,94.24952210258296
Barbados,2014,100.0,100.0,22.82,,3.44,0.96,0.0,0.01,1.0309278,23147.074,3.98,1269.999981,,-0.124547101,16489.07224,668,430.0,13.193887,-59.543198,Barbados,Barbados,High income,Latin America & Caribbean,7.147559256240594,9.71051379638092,33.40416745955036,-0.42844202744,94.29407818970417
Barbados,2015,100.0,100.0,31.54,80000.0,3.16,0.97,0.0,0.01,1.0204082,24569.877,3.87,1269.999981,,2.448701961,16524.8995,668,430.0,13.193887,-59.543198,Barbados,Barbados,High income,Latin America & Caribbean,7.147559256240594,9.712684095916243,30.69208174309533,7.73789819676,94.33623234706434
Barbados,2016,100.0,100.0,70.05,8860000.0,3.49,0.98,0.0,0.02,2.0,25016.707,3.86,1289.999962,,2.478698683,16900.04829,668,430.0,13.193887,-59.543198,Barbados,Barbados,High income,Latin America & Caribbean,7.163172361412095,9.73513092798153,33.97560693865554,8.65065840367,94.77277418494252
Barbados,2017,100.0,100.0,73.44,,5.13,0.98,0.0,0.03,2.970297,23670.777,3.55,1179.999948,,0.475110679,17391.66891,668,430.0,13.193887,-59.543198,Barbados,Barbados,High income,Latin America & Caribbean,7.074116772166879,9.763804069407962,50.088314876062846,2.4373177832699997,95.33186990578749
Barbados,2018,100.0,100.0,76.82,50000.0,5.79,0.97,0.0,0.03,3.0,25095.537,3.87,1240.00001,,-0.580333154,17745.25537,668,430.0,13.193887,-59.543198,Barbados,Barbados,High income,Latin America & Caribbean,7.1236727932626245,9.783929807576879,56.64895358587013,-3.3601289616599996,95.72528247959134
Barbados,2019,100.0,100.0,122.01,34100000.0,4.31,0.98,0.0,0.04,3.9215686,25172.027,3.54,1250.0,,-0.096135553,18148.49785,668,430.0,13.193887,-59.543198,Barbados,Barbados,High income,Latin America & Caribbean,7.1316985104669115,9.8063981726436,42.26557612409391,-0.41434423342999993,96.16544512042775
Belarus,2000,100.0,94.7,,,5.65,24.51,0.0,0.03,0.12224939,24868.184,12.85,52940.0,0.031301863,5.80000344,1276.493985,47,207600.0,53.709807,27.953389,Belarus,Belarus,Upper middle income,Europe & Central Asia,10.876933364911343,7.152655613651902,40.41250421713325,32.770019436000005,51.16048232750607
Belarus,2001,100.0,95.2,,,6.26,23.53,0.0,0.03,0.12733448,24306.926,12.33,51880.0,0.035543464,4.725305994,1244.373185,47,207600.0,53.709807,27.953389,Belarus,Belarus,Upper middle income,Europe & Central Asia,10.856707913495192,7.127190510971607,44.61621259868226,29.58041552244,50.796844579683714
Belarus,2002,100.0,95.8,,,6.52,24.84,0.0,0.03,0.120627254,25309.941,11.96,51840.00015,0.032997068,5.04526748,1479.314583,47,207600.0,53.709807,27.953389,Belarus,Belarus,Upper middle income,Europe & Central Asia,10.855936623857025,7.300009900252399,47.59606454964564,32.89514396959999,53.29014454378304
Belarus,2003,100.0,96.4,,,6.25,25.0,0.0,0.03,0.11985617,25292.014,11.5,52700.00076,0.031896286,7.043192559,1819.766059,47,207600.0,53.709807,27.953389,Belarus,Belarus,Upper middle income,Europe & Central Asia,10.87238972410247,7.507012603050891,46.918828769068064,44.01995349375,56.35523822236491
Belarus,2004,100.0,96.9,,,6.27,29.31,0.0,0.03,0.10224949,28508.88,10.66,56040.00092,0.034380138,11.44974311,2378.623286,47,207600.0,53.709807,27.953389,Belarus,Belarus,Upper middle income,Europe & Central Asia,10.933838861105146,7.774697470944137,48.74735314281973,71.7898892997,60.44592076470516
Belarus,2005,100.0,97.1,,,6.83,29.07,0.0,0.04,0.13740982,28600.459,9.74,56779.99878,0.037284452,9.400001524,3125.810535,47,207600.0,53.709807,27.953389,Belarus,Belarus,Upper middle income,Europe & Central Asia,10.946957020220967,8.047768765599805,54.96626066904667,64.20201040892,64.76658210456381
Belarus,2006,100.0,97.5,,,7.2,29.79,0.0,0.06,0.20100503,30598.045,9.42,59119.99893,0.03601279,9.999994812,3847.434124,47,207600.0,53.709807,27.953389,Belarus,Belarus,Upper middle income,Europe & Central Asia,10.987341452130217,8.255421623509433,59.43903568926792,71.99996264640001,68.15198618190712
Belarus,2007,100.0,97.9,,,7.28,29.81,0.0,0.07,0.23427042,29999.406,8.5,57650.00153,0.049696002,8.600006536,4735.657608,47,207600.0,53.709807,27.953389,Belarus,Belarus,Upper middle income,Europe & Central Asia,10.962162898139539,8.463087019965192,61.6112735053466,62.608047582080005,71.62384190750332
Belarus,2008,100.0,98.15,,,7.08,32.79,0.0,0.11,0.3343465,30513.402,7.72,60529.99878,0.07290584,10.19999944,6377.369732,47,207600.0,53.709807,27.953389,Belarus,Belarus,Upper middle income,Europe & Central Asia,11.010910889327825,8.760667815786332,62.02552813576723,72.21599603519999,76.74930057855447
Belarus,2009,100.0,98.5,,,7.39,28.38,0.0,0.1,0.3511236,28957.873,7.29,57400.00153,0.1132527,0.19999531,5352.583912,47,207600.0,53.709807,27.953389,Belarus,Belarus,Upper middle income,Europe & Central Asia,10.957817030413278,8.585521505707296,63.447003927176915,1.4779653409,73.71117952496249
Belarus,2010,100.0,98.7,,,7.3,32.68,0.0,0.12,0.36585367,31470.04,7.01,61669.99817,0.1292485,7.798266823,6033.686239,47,207600.0,53.709807,27.953389,Belarus,Belarus,Upper middle income,Europe & Central Asia,11.029569053520191,8.705279141956398,63.5485377362817,56.9273478079,75.78188493938111
Belarus,2011,100.0,98.8,,,7.52,30.12,0.0,0.12,0.3968254,30981.086,7.06,58549.99924,0.14303419,5.37870745,6527.173869,47,207600.0,53.709807,27.953389,Belarus,Belarus,Upper middle income,Europe & Central Asia,10.977653435319175,8.783882530633617,66.05479663036479,40.447880024,77.15659231197044
Belarus,2012,100.0,99.0,,,7.25,28.78,0.0,0.16,0.552868,33557.434,7.24,59939.99863,0.15896934,1.687135536,6953.132515,47,207600.0,53.709807,27.953389,Belarus,Belarus,Upper middle income,Europe & Central Asia,11.001116001225697,8.847091368325273,64.14141242035824,12.231732636,78.27102567949555
Belarus,2013,100.0,99.1,,,6.97,29.31,0.0,0.29,0.9797297,30421.854,6.39,59990.00168,0.22412229,1.003470841,7998.125239,47,207600.0,53.709807,27.953389,Belarus,Belarus,Upper middle income,Europe & Central Asia,11.001949857957312,8.98708746955836,62.63999966282176,6.99419176177,80.76774118549287
Belarus,2014,100.0,99.2,,,6.69,32.36,0.0,0.27,0.8274594,30426.229,6.4,59500.0,0.20674793,1.726384854,8341.399679,47,207600.0,53.709807,27.953389,Belarus,Belarus,Upper middle income,Europe & Central Asia,10.993748398115178,9.029106185261046,60.4047203793964,11.549514673260001,81.52475850471929
Belarus,2015,100.0,99.3,,,6.83,31.73,0.0,0.29,0.90568393,27527.16,6.07,54819.99969,0.27272683,-3.829570558,5967.052204,47,207600.0,53.709807,27.953389,Belarus,Belarus,Upper middle income,Europe & Central Asia,10.91182860555333,8.694175889164374,59.38122132299267,-26.15596691114,75.58869439172713
Belarus,2016,100.0,99.4,,,6.74,31.15,0.0,0.4,1.2678288,28104.533,6.18,55139.99939,0.34643993,-2.526446436,5039.681886,47,207600.0,53.709807,27.953389,Belarus,Belarus,Upper middle income,Europe & Central Asia,10.917648809005486,8.525296646755162,57.460499399129795,-17.02824897864,72.68068291517481
Belarus,2017,100.0,99.4,,,7.29,31.71,0.0,0.75,2.3105361,28623.031,6.14,56009.99832,0.6887631,2.5321835,5785.670673,47,207600.0,53.709807,27.953389,Belarus,Belarus,Upper middle income,Europe & Central Asia,10.93330334900504,8.663312391884702,63.155547336839476,18.459617715,75.05298159938303
Belarus,2018,100.0,99.5,,,7.22,35.85,0.0,0.81,2.2094927,31689.998,6.29,58950.00076,0.57909614,3.149197594,6360.062473,47,207600.0,53.709807,27.953389,Belarus,Belarus,Upper middle income,Europe & Central Asia,10.984461882242115,8.757950697885097,63.232404038730394,22.73720662868,76.70170042658604
Belarus,2019,100.0,99.5,,,7.83,36.74,0.0,0.94,2.494692,31923.436,5.97,57669.99817,0.70776963,1.4,6837.717826,47,207600.0,53.709807,27.953389,Belarus,Belarus,Upper middle income,Europe & Central Asia,10.962509694765549,8.830355540706028,69.1416838837282,10.962,77.97517897527766
Belgium,2000,100.0,100.0,,,1.44,33.58,48.16,1.05,59.439545,72420.41,5.51,117270.0,0.43326905,3.716679384,23041.53473,383,30528.0,50.503887,4.469936,Belgium,Belgium,High income,Europe & Central Asia,11.672242774748845,10.045097123081613,14.464939857237521,5.352018312959999,100.9039762121425
Belgium,2001,100.0,100.0,,,1.58,31.2,46.35,1.08,60.32049,71475.5,5.41,118340.0,0.44920528,1.099618888,22995.15752,383,30528.0,50.503887,4.469936,Belgium,Belgium,High income,Europe & Central Asia,11.681325566423139,10.043082416606659,15.868070218238522,1.7373978430400001,100.86350442675383
Belgium,2002,100.0,100.0,,,1.68,32.44,47.36,1.14,59.92093,70828.99,5.15,110849.9985,0.47973493,1.706884585,24887.56133,383,30528.0,50.503887,4.469936,Belgium,Belgium,High income,Europe & Central Asia,11.615942222671908,10.122163592566139,17.005234835511114,2.8675661028,102.45819579467144
Belgium,2003,100.0,100.0,,,1.89,34.99,47.38,1.2,58.13091,73221.56,5.32,115500.0,0.48671454,1.037982549,30587.66841,383,30528.0,50.503887,4.469936,Belgium,Belgium,High income,Europe & Central Asia,11.657034466915164,10.32838490595884,19.52064747226221,1.96178701761,106.6755347656384
Belgium,2004,100.0,100.0,,,2.02,34.11,47.31,1.5,58.863968,73126.234,5.15,114019.9966,0.6062989,3.571204343,35364.37533,383,30528.0,50.503887,4.469936,Belgium,Belgium,High income,Europe & Central Asia,11.644137891119204,10.47348852244926,21.156446815347508,7.21383277286,109.69396182987639
Belgium,2005,100.0,100.0,,,2.46,34.39,47.6,2.11,59.108204,71894.96,5.01,110610.0006,0.8666802,2.321737054,36795.97688,383,30528.0,50.503887,4.469936,Belgium,Belgium,High income,Europe & Central Asia,11.613774826053739,10.513170970782527,25.862400588125016,5.71147315284,110.52676386090442
Belgium,2006,100.0,100.0,,,2.82,33.46,46.65,2.96,59.72072,71647.29,4.82,108650.0015,1.209545,2.552349944,38672.70594,383,30528.0,50.503887,4.469936,Belgium,Belgium,High income,Europe & Central Asia,11.595896203313515,10.562915215023684,29.787420906366787,7.197626842079999,111.57517783977885
Belgium,2007,100.0,100.0,,,3.34,34.84,48.23,3.49,59.750465,71662.34,4.56,104589.9963,1.415252,3.676881136,44262.896,383,30528.0,50.503887,4.469936,Belgium,Belgium,High income,Europe & Central Asia,11.557812749470227,10.697924635036056,35.73106828102043,12.280782994239999,114.44559149691133
Belgium,2008,100.0,100.0,,,3.91,32.82,45.57,4.42,60.367107,72317.91,4.68,106930.0003,1.7643936,0.446928735,48106.89292,383,30528.0,50.503887,4.469936,Belgium,Belgium,High income,Europe & Central Asia,11.579939048424986,10.781201536602804,42.15449800811697,1.74749135385,116.23430657284666
Belgium,2009,100.0,100.0,,,4.83,37.0,47.22,5.45,58.737595,66274.0,4.58,99669.99817,2.5214348,-2.020743062,44583.54481,383,30528.0,50.503887,4.469936,Belgium,Belgium,High income,Europe & Central Asia,11.509630022660025,10.705142549029366,51.70583851181184,-9.760188989460001,114.60007699503896
Belgium,2010,100.0,100.0,,,6.22,38.39,47.94,6.54,58.662643,70300.14,4.81,106720.0012,3.0995507,2.864292708,44141.87814,383,30528.0,50.503887,4.469936,Belgium,Belgium,High income,Europe & Central Asia,11.577973242664665,10.695186882487887,66.52406240907466,17.81590064376,114.38702245134097
Belgium,2011,100.0,100.0,,,6.66,32.51,48.23,8.31,63.492416,65134.08,4.4,96480.00336,4.0459914,1.694513899,47348.52502,383,30528.0,50.503887,4.469936,Belgium,Belgium,High income,Europe & Central Asia,11.477101411575262,10.765312067307311,71.6969783682667,11.28546256734,115.89194390651242
Belgium,2012,100.0,100.0,,,7.67,30.62,40.29,10.51,62.392532,62090.016,4.19,95269.99664,5.060075,0.739217283,44673.11588,383,30528.0,50.503887,4.469936,Belgium,Belgium,High income,Europe & Central Asia,11.4644807058616,10.707149549792632,82.12383704690949,5.66979656061,114.64305148162457
Belgium,2013,100.0,100.0,,,8.22,27.37,42.64,11.71,66.50758,63218.38,4.34,96589.99634,5.3826203,0.459242193,46744.66254,383,30528.0,50.503887,4.469936,Belgium,Belgium,High income,Europe & Central Asia,11.478240810266636,10.752476750519465,88.38535888927001,3.7749708264600006,115.61575627046163
Belgium,2014,100.0,100.0,,,9.13,25.03,33.7,12.21,64.71666,58234.56,4.03,90139.99939,6.051173,1.578533143,47700.54036,383,30528.0,50.503887,4.469936,Belgium,Belgium,High income,Europe & Central Asia,11.409130383269932,10.77271896901751,98.35492418712987,14.412007595590001,116.05147398542967
Belgium,2015,100.0,100.0,,,9.37,27.57,26.1,14.45,59.5273,58448.152,3.94,95129.99725,6.6614165,2.041459009,40991.80814,383,30528.0,50.503887,4.469936,Belgium,Belgium,High income,Europe & Central Asia,11.463010139168787,10.621151919080585,99.52019348178507,19.12847091433,112.8088680881892
Belgium,2016,100.0,100.0,,,9.2,26.19,43.52,14.25,68.80657,62694.066,4.12,94220.00122,6.357454,1.266686409,41984.10303,383,30528.0,50.503887,4.469936,Belgium,Belgium,High income,Europe & Central Asia,11.453398378603856,10.64507014458631,97.93464533019404,11.6535149628,113.31751838316279
Belgium,2017,100.0,100.0,,,9.64,26.9,42.23,15.8,68.32686,62897.13,4.04,92720.00122,6.910616,1.619580278,44089.31009,383,30528.0,50.503887,4.469936,Belgium,Belgium,High income,Europe & Central Asia,11.437350276272847,10.693995311441336,103.09011480229448,15.61275387992,114.36153572112927
Belgium,2018,100.0,100.0,,,10.66,27.75,28.6,17.17,62.255173,62384.855,3.82,93660.00366,7.41519,1.819203664,47519.5531,383,30528.0,50.503887,4.469936,Belgium,Belgium,High income,Europe & Central Asia,11.447437198674137,10.768917593278555,114.7966615443494,19.39271105824,115.9695861308244
Belgium,2019,100.0,100.0,,,10.21,29.32,43.52,19.47,68.237465,64152.26,3.87,93010.00214,7.959382,2.149559681,46591.49161,383,30528.0,50.503887,4.469936,Belgium,Belgium,High income,Europe & Central Asia,11.44047306771884,10.749194682882903,109.74927771223444,21.94700434301,115.54518633051808
Belize,2000,79.0,79.9,125.47,,34.55,0.09,0.0,0.09,49.999996,10038.552,6.7,450.0,,13.01957737,3364.491731,17,22966.0,17.189877,-88.49765,Belize,Belize,Upper middle income,Latin America & Caribbean,6.111467339502679,8.121329362457704,280.59192947291365,449.8263981335,65.95599061351766
Belize,2001,80.19696,80.6,121.81,,29.61,0.06,0.0,0.09,59.999996,10707.64,6.75,530.0,,4.681635596,3404.420586,17,22966.0,17.189877,-88.49765,Belize,Belize,Upper middle income,Latin America & Caribbean,6.274762021241939,8.133123731073105,240.82179367707465,138.62322999755997,66.14770162494452
Belize,2002,81.02942,81.5,118.55,,31.19,0.06,0.0,0.09,59.999996,10042.477,6.33,519.9999809,,4.732407564,3526.081513,17,22966.0,17.189877,-88.49765,Belize,Belize,Upper middle income,Latin America & Caribbean,6.255750005093097,8.168226041111607,254.76697022227103,147.60379192116,66.7199166586938
Belize,2003,81.856636,81.9,115.65,,30.18,0.11,0.0,0.06,35.294117,9553.475,5.66,509.9999905,,9.33361184,3650.60647,17,22966.0,17.189877,-88.49765,Belize,Belize,Upper middle income,Latin America & Caribbean,6.236369571612706,8.202922478515404,247.5642004015949,281.6884053312,67.2879371885333
Belize,2004,82.68098,82.6,112.81,,32.02,0.1,0.0,0.06,37.5,8929.1455,5.39,439.9999976,,4.789941179,3802.26316,17,22966.0,17.189877,-88.49765,Belize,Belize,Upper middle income,Latin America & Caribbean,6.089044870004669,8.243614703535766,263.96054280721523,153.37391655158004,67.95718338035107
Belize,2005,83.504776,82.9,134.99,,31.01,0.1,0.0,0.07,41.17647,9279.945,5.21,469.9999988,,1.940903652,3885.034074,17,22966.0,17.189877,-88.49765,Belize,Belize,Upper middle income,Latin America & Caribbean,6.154858091468647,8.265144398298325,256.3021277912311,60.18742224852,68.31261192472219
Belize,2006,90.98853,83.2,142.84,,36.8,0.05,0.0,0.18,78.26087,10366.804,5.45,509.9999905,,4.825480417,4155.323885,17,22966.0,17.189877,-88.49765,Belize,Belize,Upper middle income,Latin America & Caribbean,6.236369571612706,8.332386281088263,306.63181514404806,177.57767934559996,69.4286611372679
Belize,2007,85.16064,83.3,139.4,,32.31,0.06,0.0,0.18,75.0,9503.804,5.4,529.9999714,,0.511014407,4252.395404,17,22966.0,17.189877,-88.49765,Belize,Belize,Upper middle income,Latin America & Caribbean,6.2747619673812975,8.355472861541116,269.96532815639347,16.51087549017,69.81392673995009
Belize,2008,85.99806,83.5,136.3,,34.06,0.03,0.0,0.2,86.95652,8935.545,4.9,500.0,,3.489805261,4404.308198,17,22966.0,17.189877,-88.49765,Belize,Belize,Upper middle income,Latin America & Caribbean,6.2166061010848646,8.390565501416566,285.78266097824826,118.86276718966,70.40158943356182
Belize,2009,86.84543,83.4,201.51,4660000.0,29.18,0.05,0.0,0.2,80.0,9060.757,5.32,1460.000038,,0.217460774,4186.519998,17,22966.0,17.189877,-88.49765,Belize,Belize,Upper middle income,Latin America & Caribbean,7.286876437760282,8.339863951763709,243.35723011246503,6.34550538532,69.5533307339278
Belize,2010,89.91722,83.6,196.87,,32.93,0.18,0.0,0.31,63.265305,10492.445,5.44,560.0000024,,3.003527256,4270.780085,17,22966.0,17.189877,-88.49765,Belize,Belize,Upper middle income,Latin America & Caribbean,6.329720909800771,8.359785901084644,275.2877497227173,98.90615254008,69.8860203119736
Belize,2011,91.68173,83.4,252.34,,44.36,0.14,0.0,0.29,67.44186,8946.38,6.31,670.0000167,,1.918252014,4423.496842,17,22966.0,17.189877,-88.49765,Belize,Belize,Upper middle income,Latin America & Caribbean,6.508769161859908,8.394911842954183,372.3982893534476,85.09365934104,70.4745448509724
Belize,2012,90.99592,83.3,249.69,,50.07,0.2,0.0,0.27,57.44681,9087.132,5.45,670.0000167,,2.421763142,4505.600593,17,22966.0,17.189877,-88.49765,Belize,Belize,Upper middle income,Latin America & Caribbean,6.508769161859908,8.4132983995048,421.25385086320534,121.25768051994001,70.78358995911003
Belize,2013,91.186104,83.3,244.22,,40.99,0.15,0.0,0.3,66.66667,9683.304,5.03,460.0000083,,1.294084755,4568.641228,17,22966.0,17.189877,-88.49765,Belize,Belize,Upper middle income,Latin America & Caribbean,6.133398061000987,8.427189974898404,345.4305170710856,53.044534107450005,71.01753087302816
Belize,2014,91.36426,83.0,240.8,,37.47,0.19,0.0,0.32,62.7451,9421.46,4.9,479.9999893,,4.037695674,4718.436581,17,22966.0,17.189877,-88.49765,Belize,Belize,Upper middle income,Latin America & Caribbean,6.175867247860439,8.459444703022418,316.97539302225,151.29245690478,71.56220468349406
Belize,2015,91.8,82.9,239.36,20000.0,30.34,0.23,0.0,0.31,57.407406,10197.744,5.84,680.0000072,,2.637862422,4770.232656,17,22966.0,17.189877,-88.49765,Belize,Belize,Upper middle income,Latin America & Caribbean,6.5235623167222,8.470359968946727,256.99072145784373,80.03274588348,71.74699800353521
Belize,2016,93.22231,82.8,277.93,1690000.0,33.38,0.21,0.0,0.32,60.37736,10002.819,5.75,649.9999762,,-0.033233632,4856.973249,17,22966.0,17.189877,-88.49765,Belize,Belize,Upper middle income,Latin America & Caribbean,6.478509605649429,8.488376602959883,283.34201100680093,-1.10933863616,72.05253735367677
Belize,2017,94.18901,82.6,293.77,10000.0,36.25,0.35,0.0,0.41,53.94737,10896.961,5.92,639.9999857,,1.813682033,4945.857699,17,22966.0,17.189877,-88.49765,Belize,Belize,Upper middle income,Latin America & Caribbean,6.463029434611777,8.506507845703817,308.36090940676337,65.74597369625,72.3606757290206
Belize,2018,91.72,82.4,288.91,15950000.0,34.64,0.39,0.0,0.4,50.63291,9546.048,5.69,629.9999952,,2.906069731,5001.422157,17,22966.0,17.189877,-88.49765,Belize,Belize,Upper middle income,Latin America & Caribbean,6.44730585493424,8.517677505517227,295.05234879111674,100.66625548184001,72.55083008799417
Belize,2019,92.72,82.1,263.4,260000.0,29.09,0.41,0.0,0.47,53.409092,9883.737,6.12,639.9999857,,1.762797913,5078.809944,17,22966.0,17.189877,-88.49765,Belize,Belize,Upper middle income,Latin America & Caribbean,6.463029434611777,8.533029127274233,248.22581731240743,51.27979128917,72.81258608691046
Benin,2000,21.531084,0.6,0.07,,70.29,0.08,0.0,0.0,0.0,980.96387,4.88,1420.0,,5.857714205,512.673902,108,112622.0,9.30769,2.315834,Benin,Benin,Lower middle income,Sub-Saharan Africa,7.259116128097101,6.241588632211467,438.7212649581441,411.73873146945004,38.957428653751414
Benin,2001,21.9,0.8,0.07,,66.86,0.06,0.0,0.0,0.0,1083.3461,4.93,1740.0,,5.333135706,518.0674741,108,112622.0,9.30769,2.315834,Benin,Benin,Lower middle income,Sub-Saharan Africa,7.462214939768189,6.252033882615401,418.0109853916657,356.57345330316,39.087927669371005
Benin,2002,23.415928,1.0,0.07,90000.0,64.04,0.06,0.0,0.0,0.0,1204.5461,5.05,2180.000067,,4.643030871,574.9297982,108,112622.0,9.30769,2.315834,Benin,Benin,Lower middle income,Sub-Saharan Africa,7.687538796921482,6.355985775143149,407.0373290401673,297.33969697884,40.39855517382206
Benin,2003,24.349323,1.3,0.07,,61.73,0.07,0.0,0.0,0.0,1357.0039,5.15,2440.000057,,3.443576776,711.2849548,108,112622.0,9.30769,2.315834,Benin,Benin,Lower middle income,Sub-Saharan Africa,7.800163093744046,6.568478048762078,405.47214995008306,212.57199438248,43.144903877069275
Benin,2004,25.279833,1.7,0.06,0.0,60.69,0.08,0.0,0.0,0.0,1388.154,5.15,2650.000095,,4.429684554,798.7443045,108,112622.0,9.30769,2.315834,Benin,Benin,Lower middle income,Sub-Saharan Africa,7.882692242124558,6.684292057203768,405.6696849516967,268.83755558225994,44.679760305997384
Benin,2005,26.209805,2.1,0.06,,59.2,0.1,0.0,0.0,0.0,1262.3934,5.08,2900.000095,,1.713164564,822.7851431,108,112622.0,9.30769,2.315834,Benin,Benin,Lower middle income,Sub-Saharan Africa,7.972810816868732,6.713909747243579,397.46345703681993,101.4193421888,45.07658409413234
Benin,2006,27.9,2.5,0.06,8540000.0,57.31,0.14,0.0,0.0,0.0,1672.0192,5.76,3470.000029,,3.943738828,856.0549166,108,112622.0,9.30769,2.315834,Benin,Benin,Lower middle income,Sub-Saharan Africa,8.152198024216727,6.753501996591416,387.04319942465406,226.01567223268,45.609789217964234
Benin,2007,28.078016,2.9,0.06,,54.49,0.2,0.0,0.0,0.0,1918.3821,5.91,4000.0,,5.986349322,966.2036183,108,112622.0,9.30769,2.315834,Benin,Benin,Lower middle income,Sub-Saharan Africa,8.294299608857235,6.8744090402985485,374.5865486058679,326.19617455578,47.257499653338414
Benin,2008,29.021614,3.4,0.06,570000.0,54.76,0.21,0.0,0.0,0.0,1904.8895,5.76,4019.999981,,4.896577084,1125.426134,108,112622.0,9.30769,2.315834,Benin,Benin,Lower middle income,Sub-Saharan Africa,8.29928590217208,7.026805186484062,384.78785201186724,268.13656111983994,49.37599112879932
Benin,2009,29.975151,3.7,0.06,8850000.0,52.83,0.12,0.0,0.0,0.0,2054.215,5.91,4420.000076,,2.319292139,1088.757906,108,112622.0,9.30769,2.315834,Benin,Benin,Lower middle income,Sub-Saharan Africa,8.394121211016923,6.993710845967157,369.47774399244486,122.52820370336998,48.911991396998644
Benin,2010,34.2,4.0,0.05,170000.0,47.19,0.11,0.0,0.0,0.0,2287.7693,6.0,4829.999924,,2.114064726,1036.534515,108,112622.0,9.30769,2.315834,Benin,Benin,Lower middle income,Sub-Saharan Africa,8.482808748822674,6.944602519021383,327.71579287261903,99.76271441994,48.22750414719814
Benin,2011,36.9,4.1,0.05,370000.0,48.7,0.09,0.0,0.0,0.0,2071.1877,5.82,4650.000095,,2.963752919,1130.273251,108,112622.0,9.30769,2.315834,Benin,Benin,Lower middle income,Sub-Saharan Africa,8.444837549649812,7.031099048173084,342.41452364602924,144.3347671553,49.43635382522045
Benin,2012,38.4,4.3,0.05,70000.0,50.33,0.05,0.0,0.0,0.0,1909.2642,5.61,4440.000057,,4.811223316,1145.140105,108,112622.0,9.30769,2.315834,Benin,Benin,Lower middle income,Sub-Saharan Africa,8.398634868127049,7.0441551454739715,354.532328471705,242.14886949428,49.62012171350743
Benin,2013,34.69122,4.3,0.05,,51.97,0.09,0.0,0.0,0.0,1889.7343,5.71,4679.999828,,7.191433721,1251.209767,108,112622.0,9.30769,2.315834,Benin,Benin,Lower middle income,Sub-Saharan Africa,8.451267004555785,7.132665083153016,370.6846043714622,373.73881048037,50.874911188430225
Benin,2014,34.1,4.3,0.07,12880000.0,51.05,0.22,0.0,0.0,0.0,1940.2653,5.54,5190.000057,,6.357679098,1291.410185,108,112622.0,9.30769,2.315834,Benin,Benin,Lower middle income,Sub-Saharan Africa,8.554681646807772,7.164264114606384,365.7356830506559,324.55951795289997,51.326680303836795
Benin,2015,29.62,4.3,0.16,571900000.0,49.94,0.3,0.0,0.0,0.0,2083.4993,5.79,5510.000229,,1.77815106,1076.796698,108,112622.0,9.30769,2.315834,Benin,Benin,Lower middle income,Sub-Saharan Africa,8.614501415436491,6.982674141846531,348.7147466438158,88.80086393639999,48.75773817121219
Benin,2016,37.095245,4.3,0.31,1280000.0,45.42,0.25,0.0,0.0,0.0,2467.0088,6.22,6739.999771,,3.339673426,1087.287331,108,112622.0,9.30769,2.315834,Benin,Benin,Lower middle income,Sub-Saharan Africa,8.815963526882218,6.992360483542647,317.5930131625071,151.68796700892,48.89310513180877
Benin,2017,34.5,4.2,0.3,257820000.0,45.38,0.31,0.0,0.0,0.0,2540.225,6.11,6869.999886,,5.671555469,1136.593872,108,112622.0,9.30769,2.315834,Benin,Benin,Lower middle income,Sub-Saharan Africa,8.835064918439604,7.036670672255283,319.32411510694476,257.37518718322,49.514734149777624
Benin,2018,39.246918,4.2,0.3,1940000.0,43.97,0.19,0.0,0.0,0.0,2736.8003,6.05,7420.000076,,6.697259461,1241.825298,108,112622.0,9.30769,2.315834,Benin,Benin,Lower middle income,Sub-Saharan Africa,8.912069108211341,7.125142532960255,313.2925171742624,294.47849850016996,50.767656114999276
Benin,2019,40.32869,4.0,0.29,40000.0,46.47,0.19,0.0,0.01,5.0,2416.162,5.69,7300.000191,,6.865687336,1219.515506,108,112622.0,9.30769,2.315834,Benin,Benin,Lower middle income,Sub-Saharan Africa,8.895766630216885,7.107028594381562,330.2636187809112,319.04849050392,50.50985544135717
Bermuda,2000,100.0,,,,0.46,0.0,0.0,0.0,,39297.88,1.52,517.047,,9.317156411,56284.16865,1281,54.0,32.299507,-64.790337,Bermuda,Bermuda,High income,North America,6.250065971734173,10.938186345142237,5.031565718765429,4.28589194906,119.64392052105607
Bermuda,2001,100.0,,,,0.54,0.0,0.0,0.0,,39604.938,1.45,528.048,,7.222435538,58883.95943,1281,54.0,32.299507,-64.790337,Bermuda,Bermuda,High income,North America,6.271079164982001,10.983340979305385,5.931004128824909,3.90011519052,120.63377906768898
Bermuda,2002,100.0,,,,0.51,0.0,0.0,0.0,,41429.88,1.54,557.384,,-1.477790598,62583.1002,1281,54.0,32.299507,-64.790337,Bermuda,Bermuda,High income,North America,6.325046897742521,11.044266534411825,5.632575932550031,-0.75367320498,121.97582328312899
Bermuda,2003,100.0,,,,0.51,0.0,0.0,0.0,,41114.773,1.5,561.051,,3.410706677,66111.72523,1281,54.0,32.299507,-64.790337,Bermuda,Bermuda,High income,North America,6.331592593107362,11.099116522137198,5.660549426289971,1.73946040527,123.19038757197893
Bermuda,2004,100.0,,,,0.52,0.0,0.0,0.0,,42390.04,1.51,583.053,,2.321267223,70359.31911,1281,54.0,32.299507,-64.790337,Bermuda,Bermuda,High income,North America,6.369991732135042,11.161384734230635,5.80392006179993,1.20705895596,124.57650918551667
Bermuda,2005,100.0,,,,0.49,0.0,0.0,0.0,,44480.98,1.48,583.053,,1.674206114,75882.03386,1281,54.0,32.299507,-64.790337,Bermuda,Bermuda,High income,North America,6.369991732135042,11.236948405590216,5.506104718739206,0.82036099586,126.26900946989649
Bermuda,2006,100.0,,,,0.44,0.0,0.0,0.0,,50145.137,1.56,652.726,,5.54386638,95221.85887,1281,54.0,32.299507,-64.790337,Bermuda,Bermuda,High income,North America,6.482688303424187,11.463975306137332,5.044149134700426,2.4393012071999998,131.42272981972653
Bermuda,2007,100.0,,,,0.5,0.0,0.0,0.0,,58163.746,1.67,729.733,,3.345139709,104287.3875,1281,54.0,32.299507,-64.790337,Bermuda,Bermuda,High income,North America,6.59404813995065,11.55491529730237,5.777457648651185,1.6725698545,133.51606752783232
Bermuda,2008,100.0,,,,0.46,0.0,0.0,0.0,,55556.035,1.51,649.059,,-1.865955826,106935.4863,1281,54.0,32.299507,-64.790337,Bermuda,Bermuda,High income,North America,6.477063128001174,11.579990351220829,5.326795561561582,-0.85833967996,134.0961765343675
Bermuda,2009,100.0,,,,0.43,0.0,0.0,0.0,,43647.02,1.21,476.71,,-5.626697711,101407.764,1281,54.0,32.299507,-64.790337,Bermuda,Bermuda,High income,North America,6.169003853817171,11.52691479638464,4.956573362445395,-2.41948001573,132.86976472311113
Bermuda,2010,100.0,,,,0.43,0.0,0.0,0.0,,51318.156,1.54,608.722,,-2.502878289,101875.2841,1281,54.0,32.299507,-64.790337,Bermuda,Bermuda,High income,North America,6.413003115582448,11.531514455126302,4.95855121570431,-1.07623766427,132.97582562878685
Bermuda,2011,100.0,,,,0.42,0.0,0.0,0.0,,33119.836,1.2,443.707,,-3.742744317,97774.16207,1281,54.0,32.299507,-64.790337,Bermuda,Bermuda,High income,North America,6.097415638341718,11.490425857203522,4.825978860025479,-1.57195261314,132.0298863798913
Bermuda,2012,100.0,,,,0.44,0.0,0.0,0.0,,35803.332,1.08,366.7,,-5.305299107,98431.86518,1281,54.0,32.299507,-64.790337,Bermuda,Bermuda,High income,North America,5.907267388307226,11.497130023007895,5.058737210123474,-2.3343316070799998,132.1839987659495
Bermuda,2013,100.0,,,,1.47,0.0,0.0,0.0,,35994.32,1.52,509.713,,-0.279708545,99471.6389,1281,54.0,32.299507,-64.790337,Bermuda,Bermuda,High income,North America,6.235807788587109,11.507637899401473,16.916227712120165,-0.41117156115,132.42573002374115
Bermuda,2014,100.0,,,,0.43,0.0,0.0,0.0,,46727.742,1.95,649.059,,-3.701067594,98467.68399,1281,54.0,32.299507,-64.790337,Bermuda,Bermuda,High income,North America,6.477063128001174,11.497493847574496,4.943922354457033,-1.59145906542,132.1923647750134
Bermuda,2015,100.0,,,,0.55,0.0,0.0,0.0,,39425.17,1.59,557.384,,0.7755297,102005.6256,1281,54.0,32.299507,-64.790337,Bermuda,Bermuda,High income,North America,6.325046897742521,11.532793047019547,6.343036175860751,0.426541335,133.0053154653824
Bermuda,2016,100.0,,,,1.09,0.0,0.0,0.0,,50238.902,1.83,612.389,,-0.657206304,106885.8785,1281,54.0,32.299507,-64.790337,Bermuda,Bermuda,High income,North America,6.418999318685969,11.579526343922689,12.621683714875731,-0.7163548713600001,134.08543034959956
Bhutan,2000,31.15,27.8,582.64,4890000.0,91.4,0.0,0.0,1.79,100.0,8469.052,18.42,210.0,,3.355068285,718.196337,20,38394.0,27.514162,90.433601,Bhutan,Bhutan,Lower middle income,South Asia,5.351858133476067,6.578134389985375,601.2414832446633,306.653241249,43.27185205270826
Bhutan,2001,40.04513,30.9,595.48,2490000.0,91.75,0.0,0.0,1.92,100.0,9100.751,17.29,230.0,,8.348954483,764.4328082,20,38394.0,27.514162,90.433601,Bhutan,Bhutan,Lower middle income,South Asia,5.442417710521793,6.640441436196296,609.2605017710101,766.01657381525,44.09546246755273
Bhutan,2002,43.978878,34.8,671.45,25880000.0,91.2,0.0,0.0,2.18,100.0,9810.103,15.99,239.9999946,,10.99228184,845.5006721,20,38394.0,27.514162,90.433601,Bhutan,Bhutan,Lower middle income,South Asia,5.484796911084016,6.741110995548067,614.7893227939837,1002.496103808,45.44257745429905
Bhutan,2003,41.1,38.8,682.71,,91.92,0.0,0.0,2.5,100.0,10658.221,14.96,259.9999905,,7.823302361,962.0953713,20,38394.0,27.514162,90.433601,Bhutan,Bhutan,Lower middle income,South Asia,5.5645203709242255,6.870152442512284,631.5044125157291,719.11795302312,47.198994583357496
Bhutan,2004,51.83301,42.7,670.98,,93.46,0.0,0.0,2.33,100.0,10014.694,14.15,289.9999917,,6.008742236,1068.431811,20,38394.0,27.514162,90.433601,Bhutan,Bhutan,Lower middle income,South Asia,5.673323238649155,6.974882768659081,651.8725435588777,561.5770493765599,48.64898963653737
Bhutan,2005,59.808113,47.3,722.57,1320000.0,91.67,0.0,0.0,2.62,100.00001,11119.834,13.61,319.9999928,,7.287249352,1228.432356,20,38394.0,27.514162,90.433601,Bhutan,Bhutan,Lower middle income,South Asia,5.771441100700109,7.114307842655947,652.1685999362707,668.02214809784,50.613376080075916
Bhutan,2006,59.685055,51.1,712.42,120000.0,91.92,0.0,0.0,4.47,100.0,17746.78,12.99,319.9999928,,6.999738095,1330.977444,20,38394.0,27.514162,90.433601,Bhutan,Bhutan,Lower middle income,South Asia,5.771441100700109,7.19441991702302,661.311078772756,643.4159256924,51.75967794245752
Bhutan,2007,71.8,54.65,2238.69,840000.0,92.07,0.0,0.0,6.49,100.0,21903.543,11.3,319.9999928,,18.36085406,1757.190496,20,38394.0,27.514162,90.433601,Bhutan,Bhutan,Lower middle income,South Asia,5.771441100700109,7.472040431874087,687.9507625626471,1690.4838333042,55.8313882155611
Bhutan,2008,67.55525,57.8,2216.23,4250000.0,91.81,0.0,0.0,6.89,100.0,22370.271,11.12,300.0000119,,4.799460612,1828.154677,20,38394.0,27.514162,90.433601,Bhutan,Bhutan,Lower middle income,South Asia,5.707110304283758,7.511609213978573,689.6408419353728,440.63847878772,56.42427298352779
Bhutan,2009,71.5039,61.2,2194.18,82980000.0,92.38,0.0,0.0,6.93,100.0,22935.088,10.69,319.9999928,,6.748333748,1819.19731,20,38394.0,27.514162,90.433601,Bhutan,Bhutan,Lower middle income,South Asia,5.771441100700109,7.506700186282587,693.4689632087853,623.41107164024,56.35054768673503
Bhutan,2010,73.28291,63.9,2171.22,22890000.0,90.8,0.0,0.0,7.26,100.0,24284.154,10.11,400.000006,,11.945896,2258.186435,20,38394.0,27.514162,90.433601,Bhutan,Bhutan,Lower middle income,South Asia,5.993961442269162,7.7227600429430785,701.2266118992316,1084.6873567999999,59.64102268087818
Bhutan,2011,81.76709,66.7,2146.8,90000.0,89.01,0.0,0.0,6.97,100.0,23369.613,9.47,589.9999738,,7.982617041,2563.261224,20,38394.0,27.514162,90.433601,Bhutan,Bhutan,Lower middle income,South Asia,6.381815973074456,7.849425694286257,698.6773810484198,710.53274281941,61.61348373012129
Bhutan,2012,91.5,68.9,2121.45,3510000.0,87.32,0.0,0.0,6.74,100.0,22460.117,9.51,639.9999857,,5.118400858,2538.949519,20,38394.0,27.514162,90.433601,Bhutan,Bhutan,Lower middle income,South Asia,6.463029434611777,7.839899485405635,684.58002306562,446.93876292056,61.464023941263534
Bhutan,2013,87.45114,71.2,2095.61,36930000.0,86.7,0.0,0.0,7.53,100.0,24615.076,9.41,670.0000167,,2.119972633,2472.724753,20,38394.0,27.514162,90.433601,Bhutan,Bhutan,Lower middle income,South Asia,6.508769161859908,7.813480290902087,677.4287412212109,183.80162728110002,61.050474256315354
Bhutan,2014,91.48351,72.9,2069.91,1990000.0,86.54,0.0,0.0,7.15,100.0,23328.47,9.32,699.9999881,,5.77649568,2652.225654,20,38394.0,27.514162,90.433601,Bhutan,Bhutan,Lower middle income,South Asia,6.552507870058841,7.883531406683503,682.2408079343904,499.8979361472,62.15006744016518
Bhutan,2015,95.530716,75.0,2218.72,126110000.0,86.68,0.0,0.0,7.73,100.0,24203.82,8.7,769.9999809,,6.642232105,2752.630172,20,38394.0,27.514162,90.433601,Bhutan,Bhutan,Lower middle income,South Asia,6.647688348790307,7.920675382689517,686.5641421715274,575.7486788614,62.73709851794372
Bhutan,2016,99.58979,76.0,2192.15,50000.0,85.02,0.0,0.0,7.88,100.0,24692.543,8.3,930.0000072,,8.127033538,2930.574923,20,38394.0,27.514162,90.433601,Bhutan,Bhutan,Lower middle income,South Asia,6.836259285010687,7.983295073983181,678.73974719005,690.9603914007599,63.73300023828413
Bhutan,2017,97.7,77.4,2166.11,20000.0,83.63,0.0,0.0,7.65,100.0,24327.346,8.06,970.0000286,,4.651834675,3286.596744,20,38394.0,27.514162,90.433601,Bhutan,Bhutan,Lower middle income,South Asia,6.878326497745495,8.09791210388573,677.2283892479635,389.03293387024996,65.576180442259
Bhutan,2018,99.974365,78.3,2141.06,110000.0,82.22,0.0,0.0,6.89,100.0,23138.41,8.22,1049.999952,,3.055129837,3243.477437,20,38394.0,27.514162,90.433601,Bhutan,Bhutan,Lower middle income,South Asia,6.95749732520616,8.084709579806807,664.7248216517157,251.19277519814,65.36252898981996
Bhutan,2019,100.0,79.4,3060.19,700000.0,82.27,0.0,0.0,8.95,100.0,27251.602,7.91,1049.999952,,5.755169995,3322.863329,20,38394.0,27.514162,90.433601,Bhutan,Bhutan,Lower middle income,South Asia,6.95749732520616,8.108883038704043,667.1178075941816,473.47783548865,65.75398413538211
Bosnia and Herzegovina,2000,100.0,52.1,,,19.35,5.01,0.0,5.04,50.149254,15474.596,6.82,13960.0,,12.76546946,1484.176056,64,51197.0,43.915886,17.679076,Bosnia and Herzegovina,Bosnia and Herzegovina,Upper middle income,Europe & Central Asia,9.544023006988647,7.303288600438522,141.3186344184854,247.01183405100002,53.33802438129527
Bosnia and Herzegovina,2001,99.4,51.45,,,20.27,5.13,0.0,5.13,50.0,15337.629,6.31,13760.0,,2.423313172,1544.602075,64,51197.0,43.915886,17.679076,Bosnia and Herzegovina,Bosnia and Herzegovina,Upper middle income,Europe & Central Asia,9.529593783265282,7.343168805978056,148.8460316971752,49.12055799644,53.922128113089194
Bosnia and Herzegovina,2002,98.5,50.9,,,21.21,5.19,0.0,5.22,50.144093,15402.803,6.29,14560.00042,,5.027444207,1789.857691,64,51197.0,43.915886,17.679076,Bosnia and Herzegovina,Bosnia and Herzegovina,Upper middle income,Europe & Central Asia,9.586102029555077,7.490449941058991,158.8724432498612,106.63209163047001,56.10684031951064
Bosnia and Herzegovina,2003,100.0,50.8,,,20.14,6.36,0.0,4.46,41.219963,13485.733,6.04,14869.99989,,3.867138795,2258.946452,64,51197.0,43.915886,17.679076,Bosnia and Herzegovina,Bosnia and Herzegovina,Upper middle income,Europe & Central Asia,9.607168279291736,7.723096398180319,155.54316145935164,77.8841753313,59.64621797558581
Bosnia and Herzegovina,2004,100.0,49.3,,,20.1,6.34,0.0,5.92,48.287113,14065.254,6.22,15569.99969,,6.325266169,2698.46718,64,51197.0,43.915886,17.679076,Bosnia and Herzegovina,Bosnia and Herzegovina,Upper middle income,Europe & Central Asia,9.65316546893262,7.900809691777433,158.80627480472643,127.1378499969,62.42279378568422
Bosnia and Herzegovina,2005,100.0,48.9,,,19.73,6.21,0.0,5.94,48.88889,13151.445,5.99,16229.99954,,3.89717799,2980.601268,64,51197.0,43.915886,17.679076,Bosnia and Herzegovina,Bosnia and Herzegovina,Upper middle income,Europe & Central Asia,9.69467824456424,8.000215773439978,157.84425720997078,76.8913217427,64.00345242159781
Bosnia and Herzegovina,2006,99.387276,47.9,,,18.12,7.0,0.0,5.8,45.3125,13561.985,5.98,17909.99985,,5.414003571,3416.512376,64,51197.0,43.915886,17.679076,Bosnia and Herzegovina,Bosnia and Herzegovina,Upper middle income,Europe & Central Asia,9.793170319850518,8.136668189952191,147.4364276019337,98.10174470652001,66.20536923337987
Bosnia and Herzegovina,2007,99.7,47.1,,,14.84,7.32,0.0,3.96,35.106384,13117.112,5.65,18889.99939,,5.857126342,4193.368011,64,51197.0,43.915886,17.679076,Bosnia and Herzegovina,Bosnia and Herzegovina,Upper middle income,Europe & Central Asia,9.846440864866343,8.341497954631873,123.787829646737,86.91975491528,69.58058812712771
Bosnia and Herzegovina,2008,100.0,46.7,,,14.28,9.36,0.0,4.82,33.99154,15073.022,6.02,20760.00023,,5.443831035,5090.945834,64,51197.0,43.915886,17.679076,Bosnia and Herzegovina,Bosnia and Herzegovina,Upper middle income,Europe & Central Asia,9.940831516755013,8.535415322150177,121.88573080030453,77.73790717979999,72.853314721596
Bosnia and Herzegovina,2009,100.0,45.8,,,17.43,8.86,0.0,6.18,41.090427,18430.324,6.48,20590.00015,,-3.00445593,4714.693746,64,51197.0,43.915886,17.679076,Bosnia and Herzegovina,Bosnia and Herzegovina,Upper middle income,Europe & Central Asia,9.932609373392882,8.458651320193225,147.4342925109679,-52.367666859900005,71.54878215660658
Bosnia and Herzegovina,2010,100.0,45.0,,,19.57,8.55,0.0,7.95,48.18182,20074.406,6.7,20840.00015,,0.86566926,4635.510195,64,51197.0,43.915886,17.679076,Bosnia and Herzegovina,Bosnia and Herzegovina,Upper middle income,Europe & Central Asia,9.944677486558342,8.44171724909476,165.20440656478445,16.9411474182,71.26259011366399
Bosnia and Herzegovina,2011,99.70578,44.7,,,14.16,10.24,0.0,4.34,29.766804,19803.19,7.31,23739.99977,,0.959511247,5092.554723,64,51197.0,43.915886,17.679076,Bosnia and Herzegovina,Bosnia and Herzegovina,Upper middle income,Europe & Central Asia,10.074958780587787,8.53573123966535,120.86595435366137,13.58667925752,72.85870779579899
Bosnia and Herzegovina,2012,100.0,44.2,,,15.28,9.27,0.0,4.17,31.026787,19624.715,6.9,21959.99908,,-0.821836474,4777.066914,64,51197.0,43.915886,17.679076,Bosnia and Herzegovina,Bosnia and Herzegovina,Upper middle income,Europe & Central Asia,9.997023390034846,8.471791332392128,129.4489715589517,-12.55766132272,71.77124837959438
Bosnia and Herzegovina,2013,99.5,44.2,,,19.48,9.6,0.0,7.16,42.720764,20242.201,6.51,21850.00038,,2.349856663,5129.663534,64,51197.0,43.915886,17.679076,Bosnia and Herzegovina,Bosnia and Herzegovina,Upper middle income,Europe & Central Asia,9.992001983457374,8.54299027366027,166.41745053090204,45.77520779524001,72.98268281585396
Bosnia and Herzegovina,2014,100.0,44.05,,,23.68,9.61,0.0,5.89,38.0,19855.676,5.98,19489.99977,,1.153851092,5330.355075,64,51197.0,43.915886,17.679076,Bosnia and Herzegovina,Bosnia and Herzegovina,Upper middle income,Europe & Central Asia,9.877708087748323,8.581360720307195,203.2066218568744,27.32319385856,73.63975181203122
Bosnia and Herzegovina,2015,99.7,43.9,,,25.28,9.47,0.0,5.5,36.740147,20149.87,5.97,19620.00084,,3.089164152,4729.689959,64,51197.0,43.915886,17.679076,Bosnia and Herzegovina,Bosnia and Herzegovina,Upper middle income,Europe & Central Asia,9.884355743031374,8.461826339558533,213.9149698640397,78.09406976256,71.60250500084656
Bosnia and Herzegovina,2016,100.0,45.2,,,23.03,11.37,0.0,5.62,33.07828,20852.678,6.33,22340.00015,,3.149806916,4994.971551,64,51197.0,43.915886,17.679076,Bosnia and Herzegovina,Bosnia and Herzegovina,Upper middle income,Europe & Central Asia,10.014178841092868,8.51638717687377,196.13239668340296,72.54005327548,72.52885054641999
Bosnia and Herzegovina,2017,100.0,43.6,,,18.52,11.68,0.0,3.78,24.450193,20939.965,6.12,22680.00031,,3.171434875,5394.268944,64,51197.0,43.915886,17.679076,Bosnia and Herzegovina,Bosnia and Herzegovina,Upper middle income,Europe & Central Asia,10.029282862248264,8.593277727052145,159.14750350500572,58.734973885,73.84442209425049
Bosnia and Herzegovina,2018,100.0,44.7,,,35.4,11.76,0.0,6.48,35.526318,21542.352,6.54,22600.00038,,3.740071092,6070.349081,64,51197.0,43.915886,17.679076,Bosnia and Herzegovina,Bosnia and Herzegovina,Upper middle income,Europe & Central Asia,10.025749448882499,8.71133611323031,308.38129840835296,132.39851665679998,75.88737687767056
Bosnia and Herzegovina,2019,100.0,45.0,,,37.02,10.36,0.0,6.31,37.85243,20694.338,6.14,21069.99969,,2.831002603,6119.762345,64,51197.0,43.915886,17.679076,Bosnia and Herzegovina,Bosnia and Herzegovina,Upper middle income,Europe & Central Asia,9.955652951804645,8.71944193392512,322.79374039390797,104.80371636306,76.02866763909184
Botswana,2000,26.40898,44.4,0.0,30000.0,38.46,0.89,0.0,0.0,0.0,8308.661,4.0,4030.0,,1.987695854,3522.310821,4,581730.0,-22.328474,24.684866,Botswana,Botswana,Upper middle income,Sub-Saharan Africa,8.301769763117166,8.16715640067718,314.10883517004436,76.44678254484,66.70244367312225
Botswana,2001,24.8,46.3,0.0,,37.51,0.95,0.0,0.0,0.0,8561.099,4.04,3870.0,,0.250573867,3278.016079,4,581730.0,-22.328474,24.684866,Botswana,Botswana,Upper middle income,Sub-Saharan Africa,8.261268150577648,8.09529868046178,303.65465350412137,9.399025751169999,65.53386072588624
Botswana,2002,27.0,47.8,0.0,,36.13,0.84,0.0,0.0,0.0,8817.649,3.86,4030.00021,,6.069530868,3190.624811,4,581730.0,-22.328474,24.684866,Botswana,Botswana,Upper middle income,Sub-Saharan Africa,8.301769815213419,8.06828541124775,291.5071519083812,219.29215026084003,65.09722947735328
Botswana,2003,33.083107,49.5,0.0,,36.21,0.68,0.0,0.0,0.0,8856.523,3.68,3920.000076,,4.625894792,4330.972369,4,581730.0,-22.328474,24.684866,Botswana,Botswana,Upper middle income,Sub-Saharan Africa,8.274102021675143,8.373778229753356,303.214509699369,167.50365041832,70.12016184109125
Botswana,2004,35.298912,51.1,0.0,40000.0,34.34,0.74,0.0,0.0,0.0,8571.5,3.69,3970.000029,,2.705821737,5073.520408,4,581730.0,-22.328474,24.684866,Botswana,Botswana,Upper middle income,Sub-Saharan Africa,8.286773238434197,8.531987298557798,292.9884438324748,92.91791844858001,72.79480726275159
Botswana,2005,37.51418,52.6,0.0,20000.0,33.0,0.81,0.0,0.0,0.0,8948.104,3.64,4280.00021,,4.556645657,5513.331063,4,581730.0,-22.328474,24.684866,Botswana,Botswana,Upper middle income,Sub-Saharan Africa,8.361941955198905,8.615105630223896,284.2984857973886,150.36930668099998,74.22004501991547
Botswana,2006,39.73132,53.7,0.0,60000.0,31.4,0.75,0.0,0.0,0.0,9380.948,3.47,4090.000153,,8.363871069,5521.990608,4,581730.0,-22.328474,24.684866,Botswana,Botswana,Upper middle income,Sub-Saharan Africa,8.316544755328566,8.616674769374665,270.56358775836446,262.6255515666,74.24708408117793
Botswana,2007,41.95298,55.1,0.0,10000.0,29.03,0.58,0.0,0.0,0.0,9445.073,3.28,4320.000172,,8.276763793,5832.737052,4,581730.0,-22.328474,24.684866,Botswana,Botswana,Upper middle income,Sub-Saharan Africa,8.371242175737533,8.671413077762955,251.7311216474586,240.27445291079002,75.1934047651984
Botswana,2008,44.5,56.4,0.0,,27.86,0.55,0.0,0.0,0.0,9627.653,3.24,4389.999866,,6.245437363,5713.543931,4,581730.0,-22.328474,24.684866,Botswana,Botswana,Upper middle income,Sub-Saharan Africa,8.38731224004475,8.650769770944816,241.01044581852256,173.99788493318,74.83581762989262
Botswana,2009,43.36,57.6,0.01,6740000.0,28.29,0.41,0.0,0.0,0.0,8820.0205,3.25,4190.000057,,-7.652310203,5255.776533,4,581730.0,-22.328474,24.684866,Botswana,Botswana,Upper middle income,Sub-Saharan Africa,8.340694661525644,8.567273291451034,242.36816141514976,-216.48385564287,73.39817165041023
Botswana,2010,52.01778,58.5,0.07,10260000.0,29.41,0.5,0.0,0.0,0.0,8901.267,3.25,3369.999886,,8.563630792,6434.812485,4,581730.0,-22.328474,24.684866,Botswana,Botswana,Upper middle income,Sub-Saharan Africa,8.122964681416201,8.769633372355328,257.9149174809702,251.85638159272,76.90646948552828
Botswana,2011,53.24,59.6,0.08,80000.0,28.41,0.45,0.0,0.0,0.0,9151.255,2.91,3880.000114,,6.048361455,7617.310041,4,581730.0,-22.328474,24.684866,Botswana,Botswana,Upper middle income,Sub-Saharan Africa,8.263848160742779,8.93830984468768,253.93738268757699,171.83394893655,79.8933828796407
Botswana,2012,56.018814,60.2,0.79,460000.0,27.55,0.33,0.0,0.0,0.0,8872.199,3.14,3410.000086,,4.456144471,7050.573472,4,581730.0,-22.328474,24.684866,Botswana,Botswana,Upper middle income,Sub-Saharan Africa,8.134760807631194,8.861006058421417,244.12071690951004,122.76678017605,78.51742836738106
Botswana,2013,57.99192,60.8,0.83,,26.36,0.86,0.0,0.0,0.0,8641.081,2.97,5420.000076,,11.34339697,7224.912737,4,581730.0,-22.328474,24.684866,Botswana,Botswana,Upper middle income,Sub-Saharan Africa,8.598035593279892,8.885428835382244,234.21990410067596,299.0119441292,78.95084558864227
Botswana,2014,59.952995,61.3,0.89,2550000.0,25.38,2.17,0.0,0.0,0.0,8513.395,3.11,6989.999771,,4.149262255,7495.220866,4,581730.0,-22.328474,24.684866,Botswana,Botswana,Upper middle income,Sub-Saharan Africa,8.852378853755583,8.922154287998595,226.44427582940432,105.3082760319,79.6048371388517
Botswana,2015,62.13,61.7,1.01,,25.58,2.79,0.0,0.0,0.0,10171.935,3.15,6949.999809,,-5.717682557,6402.910183,4,581730.0,-22.328474,24.684866,Botswana,Botswana,Upper middle income,Sub-Saharan Africa,8.846640785622425,8.764664048877714,224.2001063702919,-146.25831980805998,76.81933588968948
Botswana,2016,64.17506,62.4,1.52,10000.0,26.13,2.52,0.0,0.0,0.0,10964.355,2.89,6630.000114,,7.036896951,6982.917492,4,581730.0,-22.328474,24.684866,Botswana,Botswana,Upper middle income,Sub-Saharan Africa,8.799510918560845,8.851365283589402,231.28617486019107,183.87411732963,78.3466673835317
Botswana,2017,67.4,63.0,1.54,20000.0,26.12,2.84,0.0,0.0,0.0,9879.757,2.98,7329.999924,,4.00344974,7296.092142,4,581730.0,-22.328474,24.684866,Botswana,Botswana,Upper middle income,Sub-Saharan Africa,8.89986720085665,8.895231211067012,232.34343923307034,104.5701072088,79.1251382983407
Botswana,2018,68.22926,63.8,1.74,10000.0,25.76,2.96,0.0,0.01,0.33670032,9597.184,2.76,7309.999943,,3.98039539,7503.878588,4,581730.0,-22.328474,24.684866,Botswana,Botswana,Upper middle income,Sub-Saharan Africa,8.897135334496845,8.923308566455027,229.8644286718815,102.53498524640001,79.62543577216968
Botswana,2019,69.95974,63.9,2.65,,25.57,3.05,0.0,0.01,0.3267974,9467.984,2.69,7250.0,,2.992737635,7203.064221,4,581730.0,-22.328474,24.684866,Botswana,Botswana,Upper middle income,Sub-Saharan Africa,8.888894669371593,8.882400620886873,227.12298387607734,76.52430132695001,78.89704078993151
Brazil,2000,94.391716,89.0,364.68,126500000.0,42.66,28.87,4.94,308.77,91.57278,13400.32,3.88,313670.0,43.288433,4.387949444,3749.910848,25,8515770.0,-14.235004,-51.92528,Brazil,Brazil,Upper middle income,Latin America & Caribbean,12.65609994489431,8.229753982270775,351.08130488367124,187.18992328104,67.72885060870169
Brazil,2001,96.016525,89.7,367.36,5290000.0,41.33,35.19,14.27,273.71,89.111,12893.828,3.9,319380.0,39.11162,1.389896404,3160.249345,25,8515770.0,-14.235004,-51.92528,Brazil,Brazil,Upper middle income,Latin America & Caribbean,12.674140026456397,8.058722590787633,333.0670046772529,57.44441837731999,64.94300979527095
Brazil,2002,96.65299,90.1,374.1,33350000.0,42.85,33.5,13.84,292.95,90.15546,13021.791,3.89,317760.0098,40.756653,3.053461857,2839.491501,25,8515770.0,-14.235004,-51.92528,Brazil,Brazil,Upper middle income,Latin America & Caribbean,12.669054837703985,7.951732379913846,340.73173247930833,130.84084057245,63.230047841770315
Brazil,2003,96.980095,90.6,387.32,7530000.0,45.11,31.62,13.4,313.88,91.18975,13111.923,3.91,310809.9976,42.284126,1.140828999,3070.436419,25,8515770.0,-14.235004,-51.92528,Brazil,Brazil,Upper middle income,Latin America & Caribbean,12.646940281662987,8.029900620080433,362.22881697182834,51.46279614489,64.47930396836811
Brazil,2004,96.76511,91.1,392.57,1140000.0,45.18,40.14,11.6,329.43,89.46926,13593.7,3.9,328519.989,42.286156,5.759964637,3637.31389,25,8515770.0,-14.235004,-51.92528,Brazil,Brazil,Upper middle income,Latin America & Caribbean,12.702356008320802,8.199275636279667,370.44327324711537,260.23520229966,67.22812095968935
Brazil,2005,97.09351,91.6,399.88,11720000.0,46.13,39.56,9.2,346.96,90.00303,13792.465,3.88,331690.0024,43.1457,3.202132062,4790.456566,25,8515770.0,-14.235004,-51.92528,Brazil,Brazil,Upper middle income,Latin America & Caribbean,12.711959098851226,8.474589728940478,390.9328241960243,147.71435202006,71.81867107386344
Brazil,2006,97.594315,92.1,412.49,1220000.0,46.67,39.4,12.98,359.55,90.43527,14020.683,3.86,335619.9951,43.045963,3.961988709,5886.391522,25,8515770.0,-14.235004,-51.92528,Brazil,Brazil,Upper middle income,Latin America & Caribbean,12.723737811511128,8.680568313016924,405.12212316849985,184.90601304903,75.35226623695348
Brazil,2007,98.12538,92.6,427.18,910000.0,47.19,37.64,11.65,387.88,91.390076,14770.351,3.84,352559.9976,44.380226,6.069870607,7348.187963,25,8515770.0,-14.235004,-51.92528,Brazil,Brazil,Upper middle income,Latin America & Caribbean,12.772978929101155,8.902345104878892,420.10166549923485,286.43719394433,79.25174836636117
Brazil,2008,98.52663,93.1,432.21,19530000.0,47.04,55.87,13.21,385.61,87.71251,15255.087,3.86,373630.0049,43.366776,5.094195448,8831.183643,25,8515770.0,-14.235004,-51.92528,Brazil,Brazil,Upper middle income,Latin America & Caribbean,12.831023971454409,9.086157561212845,427.4128516794522,239.63095387392,82.55825922718536
Brazil,2009,98.85694,93.6,438.04,174490000.0,48.92,36.32,12.22,410.13,92.08145,15004.24,3.74,350000.0,46.30883,-0.125812003,8597.794335,25,8515770.0,-14.235004,-51.92528,Brazil,Brazil,Upper middle income,Latin America & Caribbean,12.765691290604371,9.059377278808906,443.1847364793317,-6.15472318676,82.07231667979906
Brazil,2010,98.6,94.0,457.6,135380000.0,46.81,61.02,13.77,435.99,88.053566,16220.931,3.85,397929.9927,44.246536,7.528225818,11286.07154,25,8515770.0,-14.235004,-51.92528,Brazil,Brazil,Upper middle income,Latin America & Caribbean,12.894033884057748,9.3314132382008,436.80345368017953,352.39625054058,87.07527302206915
Brazil,2011,99.32869,94.3,470.43,187660000.0,45.26,50.27,14.8,462.32,90.468155,16629.84,3.75,418309.9976,43.91006,3.974423079,13245.38737,25,8515770.0,-14.235004,-51.92528,Brazil,Brazil,Upper middle income,Latin America & Caribbean,12.943980448263263,9.491480142917485,429.58439126844536,179.88238855554,90.08819530339693
Brazil,2012,99.51949,94.7,482.3,228480000.0,43.49,77.21,15.17,454.78,85.88896,16963.494,3.82,454230.011,42.06637,1.921175985,12370.22325,25,8515770.0,-14.235004,-51.92528,Brazil,Brazil,Upper middle income,Latin America & Caribbean,13.026361182412717,9.423128348937167,409.8118518952774,83.55194358765,88.7953478805433
Brazil,2013,99.57515,95.0,496.6,93260000.0,42.32,112.0,14.65,436.84,80.12387,17221.44,3.88,486839.9963,39.836597,3.00482267,12300.38671,25,8515770.0,-14.235004,-51.92528,Brazil,Brazil,Upper middle income,Latin America & Caribbean,13.095692852449304,9.417467275656167,398.547215105769,127.1640953944,88.68868988805478
Brazil,2014,99.650246,95.2,524.97,489030000.0,41.71,136.58,14.46,430.82,76.527,17519.043,3.98,511619.9951,38.852745,0.50395574,12112.83496,25,8515770.0,-14.235004,-51.92528,Brazil,Brazil,Upper middle income,Latin America & Caribbean,13.145339385960499,9.402103463541861,392.16173546433106,21.0199939154,88.39954953914587
Brazil,2015,99.7109,95.4,550.89,2300000.0,43.62,128.85,13.91,428.81,77.456825,17140.15,4.05,485339.9963,40.603523,-3.545763393,8813.989806,25,8515770.0,-14.235004,-51.92528,Brazil,Brazil,Upper middle income,Latin America & Caribbean,13.092607008025682,9.084208938393411,396.25319389272056,-154.66619920265998,82.52285203638675
Brazil,2016,99.7,95.7,588.73,161960000.0,45.46,93.06,14.97,463.37,83.713684,16591.764,4.03,447079.9866,43.5387,-3.275916906,8710.06329,25,8515770.0,-14.235004,-51.92528,Brazil,Brazil,Upper middle income,Latin America & Caribbean,13.010495035261004,9.072349139318844,412.42899187343465,-148.92318254676,82.30751890569937
Brazil,2017,99.8,95.7,617.89,521620000.0,45.33,101.9,14.86,464.4,82.4661,16608.686,4.05,456489.9902,43.280678,1.322869054,9928.675897,25,8515770.0,-14.235004,-51.92528,Brazil,Brazil,Upper middle income,Latin America & Caribbean,13.031324242130166,9.203283117735163,417.1848237269349,59.96565421782,84.70042014518906
Brazil,2018,99.7,95.8,652.03,256430000.0,46.95,86.69,14.79,492.66,85.409164,16539.11,3.93,433989.9902,46.080498,1.783666761,9151.381732,25,8515770.0,-14.235004,-51.92528,Brazil,Brazil,Upper middle income,Latin America & Caribbean,12.980779052959218,9.121769422977005,428.2670744087704,83.74315442895,83.20667740595825
Brazil,2019,99.8,95.8,684.92,50980000.0,47.57,90.91,15.16,512.59,85.30534,16681.945,3.93,434299.9878,47.304844,1.411152985,8897.552966,25,8515770.0,-14.235004,-51.92528,Brazil,Brazil,Upper middle income,Latin America & Caribbean,12.981493092984982,9.093643954411467,432.5846429113535,67.12854749645,82.69436036960423
Bulgaria,2000,100.0,,,,7.97,19.79,18.18,2.63,51.25616,26859.672,9.34,43420.0,3.6347754,4.587225342,1621.242961,64,110879.0,42.733883,25.48583,Bulgaria,Bulgaria,High income,Europe & Central Asia,10.678698474028431,7.391565014456574,58.91077316521889,36.56018597574,54.63523336293841
Bulgaria,2001,100.0,,,,7.24,22.25,19.55,1.65,48.791714,27980.56,9.38,46190.0,2.2708168,3.823703664,1770.913534,64,110879.0,42.733883,25.48583,Bulgaria,Bulgaria,High income,Europe & Central Asia,10.740540252898029,7.4798153342634155,54.15386302006713,27.68361452736,55.94763743468213
Bulgaria,2002,100.0,,,,8.7,19.75,20.22,2.12,53.07674,27344.377,8.63,43599.99847,2.9185119,5.871930278,2092.957694,64,110879.0,42.733883,25.48583,Bulgaria,Bulgaria,High income,Europe & Central Asia,10.682835329762982,7.6468111877879945,66.52725733375554,51.08579341859999,58.47372134167964
Bulgaria,2003,100.0,,,,9.16,22.02,17.28,2.99,47.93095,28474.164,8.41,47930.00031,3.8597226,5.237154278,2719.497656,64,110879.0,42.733883,25.48583,Bulgaria,Bulgaria,High income,Europe & Central Asia,10.777517762163312,7.908570104319287,72.44250215556467,47.97233318648,62.545481094932775
Bulgaria,2004,100.0,,,,9.55,21.44,16.82,3.14,48.212555,27716.521,7.68,47270.00046,4.144022,6.510426379,3389.707049,64,110879.0,42.733883,25.48583,Bulgaria,Bulgaria,High income,Europe & Central Asia,10.76365228836128,8.12879374765355,77.62998029009141,62.17457191945,66.07728779189144
Bulgaria,2005,100.0,,,,9.83,20.98,18.65,4.3,52.242203,30223.08,7.58,47990.00168,5.212998,7.056347526,3899.907638,64,110879.0,42.733883,25.48583,Bulgaria,Bulgaria,High income,Europe & Central Asia,10.778768807316268,8.268964532733158,81.28392135676694,69.36389618058,68.37577444359889
Bulgaria,2006,100.0,,,,9.96,21.76,19.49,4.23,52.154793,31003.193,7.31,48950.00076,4.984425,6.802589382,4523.050833,64,110879.0,42.733883,25.48583,Bulgaria,Bulgaria,High income,Europe & Central Asia,10.79857509228491,8.417163073468199,83.83494421174326,67.75379024472001,70.84863420535662
Bulgaria,2007,100.0,,,,8.85,25.38,14.64,2.88,40.83916,30154.662,6.73,52599.99847,3.5105207,6.591380837,5885.104348,64,110879.0,42.733883,25.48583,Bulgaria,Bulgaria,High income,Europe & Central Asia,10.87049038086503,8.680349656804811,76.82109446272257,58.333720407449995,75.3484701643914
Bulgaria,2008,100.0,,,,9.94,25.86,15.77,2.93,41.96589,30008.596,6.26,50040.00092,3.5983686,6.116017964,7265.735497,64,110879.0,42.733883,25.48583,Bulgaria,Bulgaria,High income,Europe & Central Asia,10.820597966778884,8.89106243212843,88.3771605753566,60.79321856216,79.05099117200552
Bulgaria,2009,100.0,,,,11.62,23.39,15.26,3.68,44.74368,26486.121,5.68,42909.99985,5.127213,-3.271854279,6988.233325,64,110879.0,42.733883,25.48583,Bulgaria,Bulgaria,High income,Europe & Central Asia,10.66688347880942,8.852126147524254,102.86170583423183,-38.018946721979994,78.3601373316826
Bulgaria,2010,100.0,,,,14.27,24.97,15.25,5.76,45.69378,27862.668,5.75,44740.00168,7.616096,1.541801443,6853.002854,64,110879.0,42.733883,25.48583,Bulgaria,Bulgaria,High income,Europe & Central Asia,10.708645623707216,8.83258811883365,126.04103245575618,22.00150659161,78.01461287696135
Bulgaria,2011,100.0,,,,13.22,29.75,16.31,3.89,40.44044,29793.07,6.04,49639.99939,4.8499665,2.10120575,7849.165283,64,110879.0,42.733883,25.48583,Bulgaria,Bulgaria,High income,Europe & Central Asia,10.812572371871724,8.968289865714032,118.56079202473951,27.777940015000002,80.43022311546902
Bulgaria,2012,100.0,,,,15.63,25.45,15.78,5.25,45.245266,28532.125,5.76,45020.00046,6.869961,0.754930386,7432.478766,64,110879.0,42.733883,25.48583,Bulgaria,Bulgaria,High income,Europe & Central Asia,10.714884336781553,8.913749233521445,139.3219005199402,11.79956193318,79.45492539810415
Bulgaria,2013,100.0,,,,18.24,21.96,14.17,6.91,48.977695,26659.102,5.31,39659.99985,9.592919,-0.560493966,7681.93462,64,110879.0,42.733883,25.48583,Bulgaria,Bulgaria,High income,Europe & Central Asia,10.588123612295593,8.946756865134693,163.1888452200568,-10.22340993984,80.04445840383477
Bulgaria,2014,100.0,,,,17.15,23.66,15.87,7.39,49.573746,28695.912,5.47,42049.99924,9.543798,0.966869032,7901.785876,64,110879.0,42.733883,25.48583,Bulgaria,Bulgaria,High income,Europe & Central Asia,10.646638428257875,8.974970618822995,153.92074611281436,16.581803898799997,80.55009760873602
Bulgaria,2015,100.0,,,,17.85,24.57,15.38,8.75,49.548252,30739.168,5.48,44560.00137,10.595034,3.428054914,7074.681023,64,110879.0,42.733883,25.48583,Bulgaria,Bulgaria,High income,Europe & Central Asia,10.704614346745434,8.86441897554681,158.22987871351057,61.19078021490001,78.57792377403436
Bulgaria,2016,100.0,,,,17.71,21.74,15.78,7.04,51.21185,29411.8,5.15,41590.00015,9.0498905,3.039825276,7569.478815,64,110879.0,42.733883,25.48583,Bulgaria,Bulgaria,High income,Europe & Central Asia,10.635639080295853,8.932011596082448,158.18592536662018,53.835305637960005,79.78083115255133
Bulgaria,2017,100.0,,,,17.12,23.25,15.55,6.13,48.25284,30376.139,5.14,43880.00107,7.619621,2.76217096,8366.293221,64,110879.0,42.733883,25.48583,Bulgaria,Bulgaria,High income,Europe & Central Asia,10.689236727939328,9.032085720619987,154.6293075370142,47.28836683520001,81.57857246462747
Bulgaria,2018,100.0,,,,19.6,21.03,16.13,9.38,54.813065,30743.955,4.98,40900.00153,11.799093,2.684576131,9446.700772,64,110879.0,42.733883,25.48583,Bulgaria,Bulgaria,High income,Europe & Central Asia,10.618909829017149,9.15352668633417,179.40912305214974,52.617692167600005,83.7870507974318
Bulgaria,2019,100.0,,,,19.34,19.75,16.56,7.49,54.908676,29996.027,4.74,39139.99939,9.948385,4.037592082,9879.268533,64,110879.0,42.733883,25.48583,Bulgaria,Bulgaria,High income,Europe & Central Asia,10.574925774349177,9.198294969826,177.89502471643485,78.08703086588,84.6086303519263
Burkina Faso,2000,9.07502,2.7,2.8,120000.0,85.41,0.22,0.0,0.1,31.25,358.42392,5.49,940.0,,1.888473889,255.7186873,76,274200.0,12.238333,-1.561593,Burkina Faso,Burkina Faso,Low income,Sub-Saharan Africa,6.846943139585379,5.547980883435459,473.85304725422253,161.29455485948998,30.780091882965294
Burkina Faso,2001,9.521352,2.9,2.72,15360000.0,83.68,0.27,0.0,0.05,15.625,386.41492,5.15,970.0,,6.613405745,267.0975996,76,274200.0,12.238333,-1.561593,Burkina Faso,Burkina Faso,Low income,Sub-Saharan Africa,6.878326468291325,5.591351091826226,467.88425936401865,553.4097927416,31.26320703206633
Burkina Faso,2002,9.960099,3.1,2.64,20000.0,79.34,0.3,0.0,0.06,16.666666,392.5639,4.21,959.9999785,,4.35296383,294.6653885,76,274200.0,12.238333,-1.561593,Burkina Faso,Burkina Faso,Low income,Sub-Saharan Africa,6.867974386597764,5.689228370633253,451.3833789260423,345.36415027220005,32.3673194532183
Burkina Faso,2003,11.4,3.4,2.58,,79.08,0.35,0.0,0.1,22.222223,421.1035,4.03,1039.999962,,7.802493889,374.627358,76,274200.0,12.238333,-1.561593,Burkina Faso,Burkina Faso,Low income,Sub-Saharan Africa,6.947937032111606,5.928597582807206,468.83349684839385,617.02121674212,35.14826929886745
Burkina Faso,2004,10.824239,3.7,2.54,5260000.0,83.53,0.37,0.0,0.1,21.276596,367.58755,4.8,1059.999943,,4.478452137,418.3766603,76,274200.0,12.238333,-1.561593,Burkina Faso,Burkina Faso,Low income,Sub-Saharan Africa,6.9669670848910785,6.0387694667046965,504.4184135538433,374.08510700361,36.46673667200493
Burkina Faso,2005,11.254328,3.9,2.47,15860000.0,86.54,0.39,0.0,0.1,20.408163,378.25854,5.55,1059.999943,,8.661873228,457.9334308,76,274200.0,12.238333,-1.561593,Burkina Faso,Burkina Faso,Low income,Sub-Saharan Africa,6.9669670848910785,6.128905168605723,530.3954532911392,749.59850915112,37.56347856576194
Burkina Faso,2006,11.68629,4.4,2.4,,84.62,0.44,0.0,0.08,15.384616,361.50507,5.6,1240.00001,,6.253164688,473.4498682,76,274200.0,12.238333,-1.561593,Burkina Faso,Burkina Faso,Low income,Sub-Saharan Africa,7.1236727932626245,6.162155960624387,521.4416373880357,529.14279589856,37.97216608305867
Burkina Faso,2007,12.122773,4.6,2.36,3560000.0,82.43,0.47,0.0,0.11,18.965517,496.80994,5.72,1409.999967,,4.111379018,535.0622795,76,274200.0,12.238333,-1.561593,Burkina Faso,Burkina Faso,Low income,Sub-Saharan Africa,7.252053928465146,6.284250347417922,518.0107561376593,338.90097245374005,39.49180242902227
Burkina Faso,2008,12.566488,5.1,2.34,8000000.0,82.94,0.45,0.0,0.13,22.413794,526.8172,5.72,1700.000048,,5.799991741,643.404581,76,274200.0,12.238333,-1.561593,Burkina Faso,Burkina Faso,Low income,Sub-Saharan Africa,7.438971620614557,6.468326760216098,536.4830214923231,481.05131499854,41.83925107692769
Burkina Faso,2009,12.63,5.4,2.31,710000.0,83.6,0.53,0.0,0.13,19.696968,480.64005,5.66,1730.000019,,2.961950859,624.1751645,76,274200.0,12.238333,-1.561593,Burkina Faso,Burkina Faso,Low income,Sub-Saharan Africa,7.456454566152524,6.438031873670007,538.2194646388126,247.61909181239997,41.448254406390944
Burkina Faso,2010,13.1,5.8,2.28,1350000.0,81.45,0.51,0.0,0.13,20.3125,509.41,5.42,2289.999962,,8.446281577,647.8360955,76,274200.0,12.238333,-1.561593,Burkina Faso,Burkina Faso,Low income,Sub-Saharan Africa,7.736743665866852,6.475180135501518,527.4034220365987,687.9496344466501,41.92795778719346
Burkina Faso,2011,14.808414,6.3,2.35,30000.0,80.57,0.6,0.0,0.09,13.043478,563.3461,5.2,2460.000038,,6.622562613,751.1727704,76,274200.0,12.238333,-1.561593,Burkina Faso,Burkina Faso,Low income,Sub-Saharan Africa,7.808323065831933,6.62296604543418,533.6123742806318,533.57986972941,43.86367923897406
Burkina Faso,2012,15.117994,6.7,2.28,1480000.0,77.18,0.76,0.0,0.11,12.643678,644.37476,5.15,2940.000057,,6.45267238,758.000427,76,274200.0,12.238333,-1.561593,Burkina Faso,Burkina Faso,Low income,Sub-Saharan Africa,7.986504957935158,6.6320023399778165,511.8579405994879,498.01725428840007,43.98345503747123
Burkina Faso,2013,15.4056425,7.1,2.25,32460000.0,75.43,0.87,0.0,0.12,12.121212,749.67834,5.04,3130.000114,,5.792584845,787.4694383,76,274200.0,12.238333,-1.561593,Burkina Faso,Burkina Faso,Low income,Sub-Saharan Africa,8.049107757736497,6.670093646362141,503.12516374509636,436.9346748583501,44.4901492512406
Burkina Faso,2014,19.2,7.6,2.23,38410000.0,75.24,1.02,0.0,0.1,8.928572,677.6461,4.91,3180.000067,,4.326845615,792.8462374,76,274200.0,12.238333,-1.561593,Burkina Faso,Burkina Faso,Low income,Sub-Saharan Africa,8.064950912811703,6.676889786825949,502.3691875607844,325.5518640726,44.58085722542067
Burkina Faso,2015,16.076975,8.1,2.26,180000.0,72.71,1.33,0.0,0.1,6.993007,836.0298,4.94,3700.000048,,3.921228794,653.3272681,76,274200.0,12.238333,-1.561593,Burkina Faso,Burkina Faso,Low income,Sub-Saharan Africa,8.216358345355623,6.483607636232737,471.4231112304823,285.11254561173996,42.03716798061546
Burkina Faso,2016,16.641056,8.7,2.3,29290000.0,72.27,1.39,0.0,0.16,10.322581,780.0771,4.76,3700.000048,,5.957976708,688.2506963,76,274200.0,12.238333,-1.561593,Burkina Faso,Burkina Faso,Low income,Sub-Saharan Africa,8.216358345355623,6.535605060131905,472.32817769573273,430.58297668716,42.71413350202176
Burkina Faso,2017,17.214043,9.0,4.15,20820000.0,69.08,1.48,0.0,0.16,9.756098,878.57794,4.72,4269.999981,,6.203489411,734.996268,76,274200.0,12.238333,-1.561593,Burkina Faso,Burkina Faso,Low income,Sub-Saharan Africa,8.35960326639286,6.601225048063847,456.0126263202505,428.53704851187996,43.57617213518554
Burkina Faso,2018,14.4,9.5,4.8,35120000.0,66.97,1.42,0.0,0.23,13.939394,950.3871,4.6,4670.000076,,6.604569068,804.5005378,76,274200.0,12.238333,-1.561593,Burkina Faso,Burkina Faso,Low income,Sub-Saharan Africa,8.449128476772714,6.691463870276645,448.1273353924269,442.30799048396,44.7756887272177
Burkina Faso,2019,18.374855,10.1,4.81,45840000.0,64.85,1.51,0.0,0.21,12.209302,946.95734,4.49,5000.0,,5.688115149,796.1152068,76,274200.0,12.238333,-1.561593,Burkina Faso,Burkina Faso,Low income,Sub-Saharan Africa,8.517393171418904,6.680999218908406,433.2627993462101,368.87426741264994,44.63575056305473
Burundi,2000,2.4632368,0.3,8.51,,93.23,0.0,0.0,0.1,100.0,261.95847,10.37,260.0,,-0.856864058,136.4639708,463,27830.0,-3.373056,29.918886,Burundi,Burundi,Low income,Sub-Saharan Africa,5.564520407322694,4.92336185222517,459.00502548295265,-79.88543612734,24.23949192794606
Burundi,2001,2.79742,0.3,8.31,,94.84,0.0,0.0,0.11,100.0,217.60869,10.52,200.0,,2.055807108,134.3634269,463,27830.0,-3.373056,29.918886,Burundi,Burundi,Low income,Sub-Saharan Africa,5.303304908059076,4.90796321247007,465.4712310706614,194.97274612272003,24.088102894959526
Burundi,2002,3.1240184,0.3,8.09,,94.65,0.0,0.0,0.13,100.0,200.19261,10.07,209.9999934,,4.446519412,123.1175361,463,27830.0,-3.373056,29.918886,Burundi,Burundi,Low income,Sub-Saharan Africa,5.351858102196445,4.821228988432454,456.3293237551318,420.8630623458,23.24424895890142
Burundi,2003,3.4453816,0.3,7.85,,95.76,0.0,0.0,0.1,100.0,157.22882,10.05,159.9999964,,-1.22372796,113.5672513,463,27830.0,-3.373056,29.918886,Burundi,Burundi,Low income,Sub-Saharan Africa,5.081404342624214,4.7411619981714574,454.0136729448988,-117.1841894496,22.478617092905168
Burundi,2004,3.7638588,0.3,7.61,,96.04,0.0,0.0,0.09,99.99999,174.65433,9.66,150.000006,,4.833657768,128.3367028,463,27830.0,-3.373056,29.918886,Burundi,Burundi,Low income,Sub-Saharan Africa,5.017279876550023,4.862419103193121,466.9867306706673,464.22449203872003,23.643119535097394
Burundi,2005,3.207317,0.3,7.38,,96.01,0.0,0.0,0.09,99.99999,145.98683,9.48,150.000006,,0.900000001,151.6815663,463,27830.0,-3.373056,29.918886,Burundi,Burundi,Low income,Sub-Saharan Africa,5.017279876550023,5.028354486535438,482.77231425226745,86.40900009601,25.284348842261068
Burundi,2006,2.66,0.3,7.16,,95.31,0.0,0.0,0.09,99.99999,163.21136,9.05,180.0000072,,5.413807145,167.3764625,463,27830.0,-3.373056,29.918886,Burundi,Burundi,Low income,Sub-Saharan Africa,5.19849707104483,5.1262023206616245,488.57834318225946,515.98995898995,26.277950232356623
Burundi,2007,4.7259464,0.3,6.94,,95.29,0.0,0.0,0.12,100.0,246.2004,8.83,180.0000072,,3.45195249,172.4955966,463,27830.0,-3.373056,29.918886,Burundi,Burundi,Low income,Sub-Saharan Africa,5.19849707104483,5.156152219237751,491.3297449711653,328.9365527721,26.585905707950385
Burundi,2008,4.8,0.3,6.73,10000.0,95.15,0.0,0.0,0.11,100.0,155.42688,8.45,180.0000072,,4.861712995,198.3528517,463,27830.0,-3.373056,29.918886,Burundi,Burundi,Low income,Sub-Saharan Africa,5.19849707104483,5.29507637871627,503.8265174348531,462.59199147425005,28.037833856439004
Burundi,2009,5.399017,0.3,6.51,90000.0,95.18,0.0,0.0,0.12,100.0,149.19579,8.03,180.0000072,,3.812746937,212.1370572,463,27830.0,-3.373056,29.918886,Burundi,Burundi,Low income,Sub-Saharan Africa,5.19849707104483,5.361935419810003,510.3490132575161,362.89725346366004,28.75035144621307
Burundi,2010,5.3,0.3,6.32,13350000.0,92.57,0.0,0.0,0.14,100.0,199.67647,7.93,300.0000119,,5.124163303,234.2355389,463,27830.0,-3.373056,29.918886,Burundi,Burundi,Low income,Sub-Saharan Africa,5.707110304283758,5.460587305375207,505.4865668585829,474.3437969587099,29.818013719624865
Burundi,2011,6.122684,0.2,6.2,10000.0,91.65,0.01,0.0,0.13,92.85714,226.62114,7.77,360.0000143,,4.032602496,249.5779794,463,27830.0,-3.373056,29.918886,Burundi,Burundi,Low income,Sub-Saharan Africa,5.888877997945069,5.52377016709266,506.2535358140424,369.58801875840004,30.512036858862878
Burundi,2012,6.5,0.2,6.09,6200000.0,91.45,0.01,0.0,0.14,93.33333,205.98769,7.41,370.0000048,,4.446708222,252.3588707,463,27830.0,-3.373056,29.918886,Burundi,Burundi,Low income,Sub-Saharan Africa,5.91620207554544,5.534806944926482,506.15809511352677,406.6514669019,30.63408791760641
Burundi,2013,6.9,0.2,6.01,96640000.0,91.08,0.03,0.0,0.15,83.333336,216.88063,7.42,389.9999857,,4.924195261,256.9756526,463,27830.0,-3.373056,29.918886,Burundi,Burundi,Low income,Sub-Saharan Africa,5.968707523412475,5.552865210701069,505.75496339065336,448.49570437188004,30.834312048214226
Burundi,2014,7.0,0.2,5.85,140890000.0,91.28,0.04,0.0,0.15,78.94737,196.12764,7.08,379.9999952,,4.240651644,274.8578362,463,27830.0,-3.373056,29.918886,Burundi,Burundi,Low income,Sub-Saharan Africa,5.942799362528276,5.619885646782782,512.9831618383323,387.08668206432,31.583114682915127
Burundi,2015,8.427652,0.2,5.69,2490000.0,91.15,0.03,0.0,0.15,83.333336,193.7544,7.38,400.000006,,-3.900003086,305.5496525,463,27830.0,-3.373056,29.918886,Burundi,Burundi,Low income,Sub-Saharan Africa,5.993961442269162,5.725379740624626,521.8683633579346,-355.4852812889,32.77997317435491
Burundi,2016,9.34841,0.2,5.61,50000.0,89.52,0.03,0.0,0.16,84.210526,208.42976,7.56,439.9999976,,-0.600020001,260.5652208,463,27830.0,-3.373056,29.918886,Burundi,Burundi,Low income,Sub-Saharan Africa,6.089044870004669,5.566683662732441,498.32952148780805,-53.713790489519994,30.98796700093226
Burundi,2017,9.3,0.2,5.3,16940000.0,88.12,0.08,0.0,0.21,72.413795,246.89967,7.62,529.9999714,,0.500009999,253.8263541,463,27830.0,-3.373056,29.918886,Burundi,Burundi,Low income,Sub-Saharan Africa,6.2747619673812975,5.540582348883191,488.23611658358686,44.06088111188,30.69805276475598
Burundi,2018,10.884909,0.2,5.14,20360000.0,85.58,0.1,0.0,0.17,62.96296,290.7686,7.71,689.9999976,,1.609933082,238.783467,463,27830.0,-3.373056,29.918886,Burundi,Burundi,Low income,Sub-Saharan Africa,6.538139820294442,5.479736295262473,468.9558321485624,137.77807315756,30.027509865616892
Burundi,2019,11.356528,0.2,4.98,89840000.0,84.77,0.12,0.0,0.24,66.666664,309.34055,7.62,720.0000286,,1.842476677,228.2135892,463,27830.0,-3.373056,29.918886,Burundi,Burundi,Low income,Sub-Saharan Africa,6.580639176952078,5.434654272786336,460.6956427040977,156.18674790929,29.535467064714776
Cambodia,2000,16.6,3.6,0.83,,81.58,0.42,0.0,0.05,10.638298,739.4555,7.91,1960.0,,9.993580322,300.613679,95,181035.0,12.565679,104.990963,Cambodia,Cambodia,Lower middle income,East Asia & Pacific,7.581209826196346,5.70914698987984,465.75221143439734,815.2762826687599,32.594359352054035
Cambodia,2001,14.624778,4.1,0.82,,80.51,0.48,0.0,0.03,5.882353,769.4097,7.51,2150.0,,8.148386098,321.1502236,95,181035.0,12.565679,104.990963,Cambodia,Cambodia,Lower middle income,East Asia & Pacific,7.67368812926773,5.775017969671016,464.9466967382136,656.02656474998,33.35083255002315
Cambodia,2002,18.1871,4.7,0.97,,80.97,0.66,0.0,0.03,4.347826,754.1447,7.05,2210.000038,,6.578939503,338.9874773,95,181035.0,12.565679,104.990963,Cambodia,Cambodia,Lower middle income,East Asia & Pacific,7.70120019804424,5.828908785461324,471.9667443588034,532.69673155791,33.976177629228204
Cambodia,2003,19.3,5.3,0.96,4630000.0,79.92,0.67,0.0,0.04,5.633803,803.81635,6.69,2380.000114,,8.505895557,362.3354822,95,181035.0,12.565679,104.990963,Cambodia,Cambodia,Lower middle income,East Asia & Pacific,7.775275894365904,5.895326600849517,471.1545019398934,679.79117291544,34.754875730683914
Cambodia,2004,25.298384,5.9,1.02,409150000.0,80.69,0.73,0.0,0.03,3.9473684,813.56445,6.23,2380.000114,,10.34052878,408.5136388,95,181035.0,12.565679,104.990963,Cambodia,Cambodia,Lower middle income,East Asia & Pacific,7.775275894365904,6.014970208721398,485.3479461417296,834.3772672581999,36.17986661180594
Cambodia,2005,20.5,6.7,1.02,1250000.0,79.24,0.86,0.0,0.04,4.4444447,909.82135,5.73,2660.000086,,13.25008691,474.1111921,95,181035.0,12.565679,104.990963,Cambodia,Cambodia,Lower middle income,East Asia & Pacific,7.886457303296366,6.163548865271752,488.3996120841336,1049.9368867484,37.9893346145927
Cambodia,2006,32.40758,7.6,1.35,10300000.0,78.01,0.98,0.0,0.13,11.711712,967.99585,5.31,2960.000038,,10.77108367,539.7503289,95,181035.0,12.565679,104.990963,Cambodia,Cambodia,Lower middle income,East Asia & Pacific,7.993282340935093,6.292957673062294,490.9136280755896,840.2522370967,39.601316274953604
Cambodia,2007,35.967636,8.4,1.4,,74.79,1.25,0.0,0.16,11.347518,1116.1547,5.03,3660.000086,,10.21257391,631.5252576,95,181035.0,12.565679,104.990963,Cambodia,Cambodia,Lower middle income,East Asia & Pacific,8.205491636611086,6.449720152768803,482.3745702255788,763.7984027289,41.59889004903203
Cambodia,2008,26.4,9.4,1.47,65900000.0,74.13,1.23,0.0,0.16,11.510792,1152.201,4.76,4059.999943,,6.691577475,745.609127,95,181035.0,12.565679,104.990963,Cambodia,Cambodia,Lower middle income,East Asia & Pacific,8.309184513650345,6.6155417911579715,490.4101129785404,496.04663822174996,43.765393190557624
Cambodia,2009,43.112152,10.5,1.53,3840000.0,68.04,1.02,0.0,0.15,12.820514,1399.9335,5.07,4750.0,,0.086696959,738.0547312,95,181035.0,12.565679,104.990963,Cambodia,Cambodia,Lower middle income,East Asia & Pacific,8.46611040118692,6.605371979369544,449.4295094763038,5.8988610903600005,43.630938985840324
Cambodia,2010,31.1,11.7,1.51,680450000.0,64.82,0.81,0.0,0.12,12.903226,1591.3198,5.05,5139.999866,,5.963078575,785.5026671,95,181035.0,12.565679,104.990963,Cambodia,Cambodia,Lower middle income,East Asia & Pacific,8.545002865990536,6.667596113592392,432.1935800830588,386.5267532315,44.45683793399237
Cambodia,2011,50.307262,13.1,14.97,1120000.0,63.99,0.81,0.0,0.18,18.181818,1623.9176,4.81,5360.000134,,7.069569946,882.275614,95,181035.0,12.565679,104.990963,Cambodia,Cambodia,Lower middle income,East Asia & Pacific,8.586905828822873,6.783637285535725,434.08494990143106,452.38178084454,46.017734821710505
Cambodia,2012,53.930565,14.5,17.85,720000.0,64.36,0.51,0.0,0.86,62.773724,1783.7217,4.68,5670.000076,,7.313345505,950.880346,95,181035.0,12.565679,104.990963,Cambodia,Cambodia,Lower middle income,East Asia & Pacific,8.643120761415544,6.858439339917306,441.4091559170778,470.6869167018,47.038190179325326
Cambodia,2013,57.573696,16.2,47.59,425110000.0,64.97,0.47,0.0,1.26,72.83237,1866.1189,4.47,5739.999771,,7.356665149,1013.420536,95,181035.0,12.565679,104.990963,Cambodia,Cambodia,Lower middle income,East Asia & Pacific,8.655388650279114,6.92207282795754,449.72707163240136,477.96253473053,47.915092235548094
Cambodia,2014,56.1,18.0,63.67,420000.0,63.7,1.03,0.0,1.96,65.55184,2031.7474,4.5,6949.999809,,7.142571101,1093.495976,95,181035.0,12.565679,104.990963,Cambodia,Cambodia,Lower middle income,East Asia & Pacific,8.846640785622425,6.998049240391517,445.7757366129397,454.9817791337,48.97269317094429
Cambodia,2015,64.91042,20.3,62.79,8150000.0,60.63,2.1,0.0,2.16,50.704227,2299.249,4.58,8430.000305,,6.965797815,1162.904995,95,181035.0,12.565679,104.990963,Cambodia,Cambodia,Lower middle income,East Asia & Pacific,9.039670704098691,7.05953600554453,428.01966801616487,422.33632152345,49.83704861357961
Cambodia,2016,69.54431,22.7,62.07,156640000.0,58.01,2.62,0.0,2.81,51.749542,2828.744,4.74,11069.99969,,6.933313973,1269.591499,95,181035.0,12.565679,104.990963,Cambodia,Cambodia,Lower middle income,East Asia & Pacific,9.312084327858383,7.147237818270149,414.6112658378513,402.20154357372996,51.08300843091104
Cambodia,2017,89.07,25.5,66.17,3750000.0,56.25,3.7,0.0,3.07,45.34712,2950.2996,4.59,12689.99958,,6.996903699,1385.260066,95,181035.0,12.565679,104.990963,Cambodia,Cambodia,Lower middle income,East Asia & Pacific,9.448648326715844,7.234364799954715,406.93301999745273,393.57583306875,52.33603405882383
Cambodia,2018,81.07565,28.9,86.74,15750000.0,56.38,2.96,0.0,5.0,62.81407,3674.9282,4.61,14579.99992,,7.469169207,1512.126989,95,181035.0,12.565679,104.990963,Cambodia,Cambodia,Lower middle income,East Asia & Pacific,9.587474584829693,7.321933642189601,412.8106187466497,421.11175989066004,53.61071226062787
Cambodia,2019,84.0,32.6,91.27,360000.0,53.36,3.94,0.0,4.51,53.372787,4069.4607,4.68,16180.00031,,7.054106932,1643.121389,95,181035.0,12.565679,104.990963,Cambodia,Cambodia,Lower middle income,East Asia & Pacific,9.69159301255808,7.404961410481505,395.1287408632931,376.40714589152,54.83345349072024
Cameroon,2000,41.0,9.8,46.37,,84.59,0.04,0.0,3.41,98.840576,1575.576,6.23,5210.0,,3.832417795,681.102043,56,475440.0,7.369722,12.354722,Cameroon,Cameroon,Lower middle income,Sub-Saharan Africa,8.558527054909215,6.525179269818188,551.9649144339205,324.18422127905,42.57796450326502
Cameroon,2001,46.2,10.7,45.16,,85.3,0.06,0.0,3.44,98.28571,1529.8099,6.04,5160.0,,4.324261192,687.6481344,56,475440.0,7.369722,12.354722,Cameroon,Cameroon,Lower middle income,Sub-Saharan Africa,8.548885638148727,6.534730450291204,557.4125074098397,368.85947967759995,42.70270205796308
Cameroon,2002,44.0404,11.7,43.97,10000.0,85.26,0.11,0.0,3.15,96.62577,1467.4718,6.1,5130.000114,,4.477026829,759.1118514,56,475440.0,7.369722,12.354722,Cameroon,Cameroon,Lower middle income,Sub-Saharan Africa,8.543055873159856,6.633465595346245,565.5692766592209,381.71130744054,44.00286580464232
Cameroon,2003,45.123013,12.7,42.82,10000.0,85.3,0.15,0.0,3.49,95.87912,1529.6643,6.07,5210.000038,,5.453153691,950.5648637,56,475440.0,7.369722,12.354722,Cameroon,Cameroon,Lower middle income,Sub-Saharan Africa,8.558527062201481,6.858107854354936,584.996599976476,465.15400984229996,47.03364334196486
Cameroon,2004,47.1,13.7,41.68,20000.0,85.53,0.18,0.0,3.88,95.566505,1551.4,5.86,5119.999886,,7.048862823,1090.785332,56,475440.0,7.369722,12.354722,Cameroon,Cameroon,Lower middle income,Sub-Saharan Africa,8.541104989201273,6.995569554562412,598.3310640017231,602.88923725119,48.937993392720536
Cameroon,2005,47.281933,14.7,40.57,,86.31,0.22,0.0,3.73,94.43038,1456.8976,5.79,5019.999981,,2.228270206,1100.174926,56,475440.0,7.369722,12.354722,Cameroon,Cameroon,Lower middle income,Sub-Saharan Africa,8.5213843922506,7.004133003303443,604.5267195151202,192.32200147986,49.05787912796451
Cameroon,2006,49.0,15.9,39.48,11080000.0,85.51,0.54,0.0,3.85,87.69932,1606.5828,5.17,5090.000153,,3.809583273,1147.4366,56,475440.0,7.369722,12.354722,Cameroon,Cameroon,Lower middle income,Sub-Saharan Africa,8.53522958395537,7.046156818167479,602.5168695215012,325.75746567423,49.64832590620806
Cameroon,2007,48.2,16.8,38.41,,80.82,1.24,0.0,3.81,75.44554,1647.3816,4.65,6130.000114,,4.327589013,1277.516807,56,475440.0,7.369722,12.354722,Cameroon,Cameroon,Lower middle income,Sub-Saharan Africa,8.721113166356718,7.153455940518906,578.142309112738,349.75574403065997,51.17193189294523
Cameroon,2008,50.541397,17.7,37.37,490000.0,80.82,1.29,0.0,4.19,76.459854,1625.477,4.53,6389.999866,,2.847677889,1439.547804,56,475440.0,7.369722,12.354722,Cameroon,Cameroon,Lower middle income,Sub-Saharan Africa,8.762646008683296,7.27277873967336,587.7859777404009,230.14932698897996,52.893310596244824
Cameroon,2009,51.644154,18.55,36.37,150000.0,79.25,1.59,0.0,3.98,71.454216,1695.7526,4.8,7030.00021,,2.579251775,1411.474572,56,475440.0,7.369722,12.354722,Cameroon,Cameroon,Lower middle income,Sub-Saharan Africa,8.85808425206689,7.2530984607346625,574.808053013222,204.40570316875,52.60743728111153
Cameroon,2010,52.759556,19.4,35.61,53960000.0,78.76,1.49,0.0,4.22,73.905426,1886.1508,4.68,7010.000229,,2.899024724,1352.302275,56,475440.0,7.369722,12.354722,Cameroon,Cameroon,Lower middle income,Sub-Saharan Africa,8.855235655869926,7.210303014156936,567.8834653950003,228.32718726224005,51.98846955596059
Cameroon,2011,53.7,20.0,34.96,40000.0,78.61,1.38,0.0,4.35,75.91623,1931.2103,4.71,6809.999943,,3.379211288,1465.145788,56,475440.0,7.369722,12.354722,Cameroon,Cameroon,Lower middle income,Sub-Saharan Africa,8.826294222872503,7.290392323614029,573.0977405592988,265.63979934968,53.14982023221036
Cameroon,2012,55.039154,20.8,34.04,724590000.0,78.53,1.09,0.0,4.21,79.43396,1873.3829,4.7,6880.000114,,4.625978719,1403.522915,56,475440.0,7.369722,12.354722,Cameroon,Cameroon,Lower middle income,Sub-Saharan Africa,8.836519285769839,7.247452961825942,569.1424810921912,363.27810880307,52.52557443387961
Cameroon,2013,56.207813,21.4,33.34,20000.0,77.6,1.82,0.0,4.33,70.4065,1600.2953,4.67,7550.000191,,4.995529159,1527.751257,56,475440.0,7.369722,12.354722,Cameroon,Cameroon,Lower middle income,Sub-Saharan Africa,8.929435309098087,7.332206509241437,568.9792251171355,387.65306273839997,53.761252294162496
Cameroon,2014,56.8,21.7,32.54,11230000.0,76.79,2.33,0.0,4.34,65.06747,1941.542,4.78,8250.0,,5.719818144,1604.214035,56,475440.0,7.369722,12.354722,Cameroon,Cameroon,Lower middle income,Sub-Saharan Africa,9.018089684104343,7.381012381813297,566.787940799443,439.22483527776006,54.479343780481194
Cameroon,2015,58.595592,22.0,31.76,2060000.0,78.06,3.37,0.0,4.33,56.23377,1888.3931,4.77,8460.000038,,5.666952991,1382.50979,56,475440.0,7.369722,12.354722,Cameroon,Cameroon,Lower middle income,Sub-Saharan Africa,9.043222653415695,7.232378875457817,564.5594950182373,442.36235047746,52.30730419816848
Cameroon,2016,59.808777,22.2,30.99,77450000.0,78.78,2.58,0.0,4.34,62.716763,1785.7306,4.65,9079.999924,,4.535794236,1413.255957,56,475440.0,7.369722,12.354722,Cameroon,Cameroon,Lower middle income,Sub-Saharan Africa,9.113939589320706,7.254358846340963,571.4983899147411,357.32986991208,52.625722271485394
Cameroon,2017,61.030865,22.2,30.28,171120000.0,79.17,2.78,0.0,5.06,64.54082,1763.4426,4.53,9170.000076,,3.541176549,1469.4475,56,475440.0,7.369722,12.354722,Cameroon,Cameroon,Lower middle income,Sub-Saharan Africa,9.123801618845937,7.293322055214585,577.4123071113387,280.35494738433,53.19254660107949
Cameroon,2018,62.2,22.1,29.6,934680000.0,79.25,3.29,0.0,4.99,60.265697,1746.7549,4.43,9590.000153,,3.95551424,1585.240534,56,475440.0,7.369722,12.354722,Cameroon,Cameroon,Lower middle income,Sub-Saharan Africa,9.168580453680407,7.369122051477301,584.0029225795761,313.47450352,54.30395980956902
Cameroon,2019,63.48988,22.2,30.59,7360000.0,79.41,2.99,0.0,5.36,64.19161,1720.2494,4.33,9430.000305,,3.475059979,1533.095688,56,475440.0,7.369722,12.354722,Cameroon,Cameroon,Lower middle income,Sub-Saharan Africa,9.151757446884039,7.335696358078248,582.5276477949936,275.95451293239,53.81244105792248
Canada,2000,100.0,100.0,,,22.04,155.56,69.16,363.7,73.5631,118875.336,9.31,514220.0,29.767817,4.917762744,24271.00206,4,9984670.0,56.130366,-106.346771,Canada,Canada,High income,North America,13.150408413120013,10.097078786459766,222.53961645357325,108.38749087776,101.95100001997582
Canada,2001,100.0,100.0,,,21.53,159.93,72.86,339.58,72.05828,115218.68,9.04,506620.0,28.20141,1.405527589,23822.06012,4,9984670.0,56.130366,-106.346771,Canada,Canada,High income,North America,13.135518468513308,10.078409303171773,216.98815229728828,30.26100899117,101.57433408225934
Canada,2002,100.0,100.0,,,21.77,155.12,71.75,357.06,73.43517,117915.38,8.77,524349.9756,28.546556,3.422146171,24255.33858,4,9984670.0,56.130366,-106.346771,Canada,Canada,High income,North America,13.16991653985012,10.096433246952857,219.7993517861637,74.50012214267,101.93796431017502
Canada,2003,100.0,100.0,,,21.18,157.35,71.15,343.88,72.50952,117365.12,8.89,544539.978,27.180014,3.811090153,28300.4631,4,9984670.0,56.130366,-106.346771,Canada,Canada,High income,North America,13.207698476558303,10.250668781941592,217.1091648015229,80.71888944054,105.07621047707191
Canada,2004,100.0,100.0,,,21.58,148.86,85.87,347.68,74.44069,118078.05,8.77,536419.9829,26.827923,3.914028782,32143.68141,4,9984670.0,56.130366,-106.346771,Canada,Canada,High income,North America,13.19267454763352,10.37800228549852,223.95728932105803,84.46474111555999,107.7029314378125
Canada,2005,100.0,100.0,,,21.99,150.78,86.83,368.86,75.1381,117744.77,8.46,549030.0293,28.265476,4.995860869,36382.50792,4,9984670.0,56.130366,-106.346771,Canada,Canada,High income,North America,13.215910238566622,10.501870871832594,230.93614047159872,109.85898050931,110.28929180864588
Canada,2006,100.0,100.0,,,21.92,139.71,92.44,360.48,76.42542,115946.31,8.25,540530.0293,27.616468,4.165817627,40504.06073,4,9984670.0,56.130366,-106.346771,Canada,Canada,High income,North America,13.200307322924234,10.60918220158454,232.55327385873312,91.31472238384,112.55474698641818
Canada,2007,100.0,100.0,,,21.84,149.36,88.19,375.42,75.63339,119158.6,7.71,571630.0049,27.694315,6.868608857,44659.89514,4,9984670.0,56.130366,-106.346771,Canada,Canada,High income,North America,13.256248965869098,10.706853568632601,233.83768193893602,150.01041743688,114.63671334014067
Canada,2008,100.0,100.0,,,21.91,141.33,88.3,385.21,77.01353,116479.15,7.44,550469.9707,28.590092,1.007622695,46710.50558,4,9984670.0,56.130366,-106.346771,Canada,Canada,High income,North America,13.218529501147737,10.751745785475093,235.57075015975929,22.07701324745,115.60003743548141
Canada,2009,100.0,100.0,,,22.5,129.76,85.13,380.24,78.19636,110665.805,7.37,521320.0073,29.20945,-2.928400167,40876.31015,4,9984670.0,56.130366,-106.346771,Canada,Canada,High income,North America,13.164121267853332,10.618330424033697,238.9124345407582,-65.88900375749999,112.74894099395964
Canada,2010,100.0,100.0,,,21.88,130.08,85.53,366.21,77.64257,110485.93,7.16,537010.0098,27.789688,3.08949462,47562.08343,4,9984670.0,56.130366,-106.346771,Canada,Canada,High income,North America,13.193773875701687,10.76981218112539,235.64349052302353,67.59814228559999,115.98885441671683
Canada,2011,100.0,100.0,,,21.84,131.3,88.29,391.95,78.52962,113449.32,7.09,549289.978,28.62637,3.146881372,52223.69611,4,9984670.0,56.130366,-106.346771,Canada,Canada,High income,North America,13.216383594655504,10.863310767547137,237.25470716322948,68.72788916448,118.01152083230558
Canada,2012,100.0,100.0,,,22.17,124.2,89.49,398.58,79.71483,112586.7,7.03,546210.022,28.976913,1.762222549,52669.08996,4,9984670.0,56.130366,-106.346771,Canada,Canada,High income,North America,13.210760667239597,10.871803020469141,241.02787296380086,39.06847391133,118.19610091588194
Canada,2013,100.0,100.0,,,22.44,122.87,97.58,417.28,80.73323,114051.086,7.01,555659.9731,28.941828,2.329122506,52635.17496,4,9984670.0,56.130366,-106.346771,Canada,Canada,High income,North America,13.227913626641602,10.871158899225295,243.94880569861562,52.265509034640004,118.18209581220532
Canada,2014,100.0,100.0,,,22.49,122.75,101.21,412.13,80.702415,113198.414,6.99,561679.9927,28.14776,2.870036075,50955.99832,4,9984670.0,56.130366,-106.346771,Canada,Canada,High income,North America,13.23868933906601,10.838737385842455,243.7632038075968,64.54711132674998,117.47822811925893
Canada,2015,100.0,100.0,,,22.69,125.7,96.05,417.2,80.327095,112891.76,6.91,558700.0122,28.764147,0.659176864,43596.13554,4,9984670.0,56.130366,-106.346771,Canada,Canada,High income,North America,13.233369747151345,10.682746728555024,242.39152327091352,14.95672304416,114.12107766645308
Canada,2016,100.0,100.0,,,22.05,122.35,95.69,426.84,81.02748,110180.79,7.1,556830.0171,29.6526,1.001394414,42315.60371,4,9984670.0,56.130366,-106.346771,Canada,Canada,High income,North America,13.230017092449389,10.652934810712525,234.8972125762112,22.0807468287,113.4850200812907
Canada,2017,100.0,100.0,,,22.47,113.7,95.57,435.43,82.36389,110509.586,7.17,568080.0171,29.67364,3.039880225,45129.35644,4,9984670.0,56.130366,-106.346771,Canada,Canada,High income,North America,13.250019323271216,10.717310390862092,240.81796448267121,68.30610865575,114.86074201408057
Canada,2018,100.0,100.0,,,21.99,112.47,95.03,428.39,82.31297,110059.28,7.1,580090.0269,28.814518,2.777040554,46548.52036,4,9984670.0,56.130366,-106.346771,Canada,Canada,High income,North America,13.270940313139382,10.748271978892731,236.35450081585114,61.06712178246,115.52535053225067
Canada,2019,100.0,100.0,,,22.11,110.65,95.47,421.8,82.378334,107980.76,6.94,580210.022,28.586376,1.879592028,46338.34096,4,9984670.0,56.130366,-106.346771,Canada,Canada,High income,North America,13.271147147386623,10.743746576046652,237.54423679639146,41.55777973908,115.42809049031416
Cayman Islands,2007,100.0,,0.0,,0.0,0.55,0.0,0.0,0.0,52593.047,1.97,572.052,,3.162625227,85433.03094,274,264.0,19.3299,81.2524,Cayman Islands,Cayman Islands,High income,Latin America & Caribbean,6.350976463033468,11.355499789159884,0.0,0.0,128.94737546161016
Cayman Islands,2008,100.0,,0.0,,0.0,0.58,0.0,0.0,0.0,52451.508,2.01,583.053,,-0.357401201,85188.33704,274,264.0,19.3299,81.2524,Cayman Islands,Cayman Islands,High income,Latin America & Caribbean,6.369991732135042,11.352631552872552,0.0,-0.0,128.88224317527744
Cayman Islands,2009,100.0,,0.0,,0.01,0.6,0.0,0.0,0.0,47302.73,2.05,557.384,,-7.200482447,77400.42144,274,264.0,19.3299,81.2524,Cayman Islands,Cayman Islands,High income,Latin America & Caribbean,6.325046897742521,11.256760424267068,0.11256760424267068,-0.07200482446999999,126.71465524934528
Cayman Islands,2010,100.0,,0.0,,0.01,0.59,0.0,0.0,0.0,46226.355,2.11,557.384,,-2.715635262,73351.75677,274,264.0,19.3299,81.2524,Cayman Islands,Cayman Islands,High income,Latin America & Caribbean,6.325046897742521,11.20303536664129,0.1120303536664129,-0.02715635262,125.50800142621553
Cayman Islands,2011,100.0,,0.0,,0.02,0.59,0.0,0.0,0.0,47423.246,2.2,586.72,,1.169062198,72329.66133,274,264.0,19.3299,81.2524,Cayman Islands,Cayman Islands,High income,Latin America & Caribbean,6.3762506440077455,11.189003403033935,0.2237800680606787,0.02338124396,125.19379715310497
Cayman Islands,2012,100.0,,0.0,,0.01,0.59,0.0,0.0,0.0,42757.977,2.0,535.382,,1.229753657,72777.14849,274,264.0,19.3299,81.2524,Cayman Islands,Cayman Islands,High income,Latin America & Caribbean,6.284846593797493,11.195171031023921,0.11195171031023922,0.012297536570000002,125.33185441387721
Cayman Islands,2013,100.0,,0.0,,0.01,0.6,0.0,0.0,0.0,41230.707,1.95,535.382,,1.27933102,73514.66868,274,264.0,19.3299,81.2524,Cayman Islands,Cayman Islands,High income,Latin America & Caribbean,6.284846593797493,11.205253841801174,0.11205253841801174,0.012793310200000001,125.55771365919996
Cayman Islands,2014,100.0,,0.0,,0.01,0.61,0.0,0.0,0.0,40977.293,1.94,546.383,,2.654527985,74990.43322,274,264.0,19.3299,81.2524,Cayman Islands,Cayman Islands,High income,Latin America & Caribbean,6.305148740223713,11.225129162261087,0.11225129162261087,0.026545279850000002,126.00352470944429
Cayman Islands,2015,100.0,,0.0,,0.01,0.62,0.0,0.0,0.0,42380.68,1.93,557.384,,2.833122226,76284.19393,274,264.0,19.3299,81.2524,Cayman Islands,Cayman Islands,High income,Latin America & Caribbean,6.325046897742521,11.242234147721433,0.11242234147721433,0.02833122226,126.38782863219386
Cayman Islands,2016,100.0,,44.02,,0.01,0.65,0.0,0.0,0.0,40911.793,1.84,546.383,,3.239976888,78471.62873,274,264.0,19.3299,81.2524,Cayman Islands,Cayman Islands,High income,Latin America & Caribbean,6.305148740223713,11.270505164369258,0.11270505164369259,0.03239976888,127.02428666007411
Central African Republic,2000,6.0,0.6,5.18,,88.9,0.02,0.0,0.08,80.0,384.72043,7.73,240.0,,-2.48943244,251.2072914,8,622984.0,6.611111,20.939444,Central African Republic,Central African Republic,Low income,Sub-Saharan Africa,5.484796933490655,5.530251334294501,491.6393436187812,-221.310543916,30.58367982046611
Central African Republic,2001,5.736052,0.6,5.06,,88.92,0.02,0.0,0.08,80.0,386.3453,7.55,250.0,,4.464739026,250.3571459,8,622984.0,6.611111,20.939444,Central African Republic,Central African Republic,Low income,Sub-Saharan Africa,5.5254529391317835,5.526874819812038,491.44970897768644,397.00459419192003,30.546345273872348
Central African Republic,2002,6.177054,0.6,4.96,,89.22,0.02,0.0,0.08,80.0,373.5856,7.38,250.0,,3.616542192,260.7454587,8,622984.0,6.611111,20.939444,Central African Republic,Central African Republic,Low income,Sub-Saharan Africa,5.5254529391317835,5.567372499838915,496.72097443562797,322.66789437024,30.99563655196261
Central African Republic,2003,6.61282,0.6,4.86,,90.25,0.02,0.0,0.08,80.0,342.82562,7.93,230.0000042,,-5.397485219,293.661549,8,622984.0,6.611111,20.939444,Central African Republic,Central African Republic,Low income,Sub-Saharan Africa,5.442417728703612,5.685827406171655,513.1459234069919,-487.12304101475,32.32863329277269
Central African Republic,2004,7.0457006,0.5,4.76,,90.64,0.03,0.0,0.12,80.0,359.33325,7.65,230.0000042,,5.994884228,320.7368123,8,622984.0,6.611111,20.939444,Central African Republic,Central African Republic,Low income,Sub-Saharan Africa,5.442417728703612,5.7737338582236415,523.3312369093909,543.37630642592,33.33600266559806
Central African Republic,2005,7.4780445,0.5,4.69,,90.96,0.03,0.0,0.13,81.25,352.1099,7.74,219.9999988,,0.908210515,331.1630882,8,622984.0,6.611111,20.939444,Central African Republic,Central African Republic,Low income,Sub-Saharan Africa,5.398162696087889,5.805626077820839,528.0797480385835,82.6108284444,33.705294155473375
Central African Republic,2006,7.805169,0.6,4.6,0.0,90.8,0.03,0.0,0.14,82.35294,358.04587,7.59,230.0000042,,4.77108543,354.6708633,8,622984.0,6.611111,20.939444,Central African Republic,Central African Republic,Low income,Sub-Saharan Africa,5.442417728703612,5.874005761907987,533.3597231812452,433.214557044,34.50394369092823
Central African Republic,2007,8.350998,0.6,4.51,,90.88,0.02,0.0,0.14,87.5,349.30215,7.47,239.9999946,,4.607534855,404.3745429,8,622984.0,6.611111,20.939444,Central African Republic,Central African Republic,Low income,Sub-Saharan Africa,5.484796911084016,6.004811437028943,545.7172633971903,418.7327676224,36.0577603942736
Central African Republic,2008,7.48,0.6,4.43,,93.64,0.02,0.0,0.14,87.5,276.59943,7.33,170.0000018,,2.054130962,464.5612047,8,622984.0,6.611111,20.939444,Central African Republic,Central African Republic,Low income,Sub-Saharan Africa,5.141663567028975,6.143243569706822,575.2533278673468,192.34882328167998,37.73944155674422
Central African Republic,2009,9.252875,0.6,4.37,4190000.0,93.91,0.02,0.0,0.14,87.5,260.59473,6.89,170.0000018,,8.587260426,474.7056275,8,622984.0,6.611111,20.939444,Central African Republic,Central African Republic,Low income,Sub-Saharan Africa,5.141663567028975,6.164799233303095,578.9362959994937,806.42962660566,38.00474958693443
Central African Republic,2010,9.8,0.5,4.32,,93.84,0.03,0.0,0.13,81.25,260.0182,6.76,170.0000018,,4.630818432,488.4217358,8,622984.0,6.611111,20.939444,Central African Republic,Central African Republic,Low income,Sub-Saharan Africa,5.141663567028975,6.193224563181307,581.1721930089338,434.55600165888,38.356030489992285
Central African Republic,2011,10.246648,0.5,4.31,32850000.0,93.33,0.03,0.0,0.15,83.333336,279.48138,6.68,189.9999976,,4.194615337,551.7497219,8,622984.0,6.611111,20.939444,Central African Republic,Central African Republic,Low income,Sub-Saharan Africa,5.252273415481185,6.314905316616669,589.3701131998338,391.48344940221,39.878029157833474
Central African Republic,2012,10.868861,0.6,4.32,,93.07,0.03,0.0,0.15,83.333336,282.5135,6.25,200.000003,,5.053761254,565.8012071,8,622984.0,6.611111,20.939444,Central African Republic,Central African Republic,Low income,Sub-Saharan Africa,5.303304922984449,6.340008637489628,590.0646038911597,470.35355990978,40.19570952344309
Central African Republic,2013,11.469141,0.6,4.3,,95.08,0.0,0.0,0.14,100.0,206.79347,9.3,119.9999973,,-36.3919771,380.2979111,8,622984.0,6.611111,20.939444,Central African Republic,Central African Republic,Low income,Sub-Saharan Africa,4.795790523282691,5.943580988485018,565.1156803851555,-3460.149182668,35.32615496668055
Central African Republic,2014,12.057397,0.6,4.29,0.0,94.82,0.0,0.0,0.17,100.0,238.23833,9.55,129.9999952,,0.081070515,424.4491317,8,622984.0,6.611111,20.939444,Central African Republic,Central African Republic,Low income,Sub-Saharan Africa,4.87519728655993,6.053145391395611,573.9592460121318,7.687106232299999,36.64056912937392
Central African Republic,2015,12.72703,0.6,4.26,670000.0,92.86,0.0,0.0,0.17,100.0,297.00418,9.4,189.9999976,,4.33712103,377.4229177,8,622984.0,6.611111,20.939444,Central African Republic,Central African Republic,Low income,Sub-Saharan Africa,5.252273415481185,5.936012400090053,551.2181114723624,402.7450588458,35.23624321402288
Central African Republic,2016,13.533816,0.7,4.22,0.0,92.11,0.0,0.0,0.17,100.0,307.3053,9.12,209.9999934,,4.750316841,402.1916451,8,622984.0,6.611111,20.939444,Central African Republic,Central African Republic,Low income,Sub-Saharan Africa,5.351858102196445,5.999411995064292,552.6058388653719,437.55168422451,35.99294428652131
Central African Republic,2017,14.299541,0.7,4.17,30000.0,91.58,0.0,0.0,0.15,100.0,301.66687,8.8,219.9999988,,4.527278213,450.9006579,8,622984.0,6.611111,20.939444,Central African Republic,Central African Republic,Low income,Sub-Saharan Africa,5.398162696087889,6.113462372269239,559.8708840524168,414.60813874653996,37.37442217715183
Central African Republic,2018,14.842376,0.7,4.1,3730000.0,91.42,0.0,0.0,0.15,100.0,302.45892,8.56,230.0000042,,3.789443593,475.9538139,8,622984.0,6.611111,20.939444,Central African Republic,Central African Republic,Low income,Sub-Saharan Africa,5.442417728703612,6.1674196599949305,563.8255053167366,346.43093327206003,38.037065262491986
Central African Republic,2019,14.3,0.7,4.04,50050000.0,91.26,0.0,0.0,0.15,100.0,299.18008,8.39,239.9999946,,3.0,467.9080323,8,622984.0,6.611111,20.939444,Central African Republic,Central African Republic,Low income,Sub-Saharan Africa,5.484796911084016,6.150406656040526,561.2861114302584,273.78000000000003,37.82750203466761
Chad,2000,3.1798813,3.0,0.24,,88.7,0.08,0.0,0.01,11.111111,124.966064,8.21,290.0,,-0.879681025,166.1757089,13,1284000.0,15.454166,18.732207,Chad,Chad,Low income,Sub-Saharan Africa,5.673323267171493,5.1190454083976284,454.05932772486966,-78.0277069175,26.20462589323684
Chad,2001,3.5271144,2.8,0.23,5880000.0,88.6,0.09,0.0,0.01,10.0,116.015,7.51,340.0,,11.65813465,197.1460821,13,1284000.0,15.454166,18.732207,Chad,Chad,Low income,Sub-Saharan Africa,5.831882477283517,5.289004547046317,468.60580286830367,1032.91072999,27.973569098676617
Chad,2002,3.8667629,2.5,0.22,,88.53,0.09,0.0,0.01,10.0,110.641914,7.05,400.000006,,8.491209819,221.4165369,13,1284000.0,15.454166,18.732207,Chad,Chad,Low income,Sub-Saharan Africa,5.993961442269162,5.404551916176863,478.4649811391377,751.72680527607,29.209181414651002
Chad,2003,4.201176,2.5,0.21,,83.91,0.1,0.0,0.01,9.090909,105.11012,6.56,449.9999881,,14.72166701,292.6008802,13,1284000.0,15.454166,18.732207,Chad,Chad,Low income,Sub-Saharan Africa,6.111467313116869,5.68222129469227,476.79518883762836,1235.2950788091,32.287638841854296
Chad,2004,3.5,2.45,0.2,,84.0,0.11,0.0,0.01,8.333334,105.9355,5.0,449.9999881,,33.62937185,454.3363652,13,1284000.0,15.454166,18.732207,Chad,Chad,Low income,Sub-Saharan Africa,6.111467313116869,6.121036410005611,514.1670584404714,2824.8672354,37.467086732614376
Chad,2005,4.8636937,2.4,0.2,,83.82,0.11,0.0,0.01,8.333334,109.55552,4.35,479.9999893,,17.33253374,658.566973,13,1284000.0,15.454166,18.732207,Chad,Chad,Low income,Sub-Saharan Africa,6.175867247860439,6.4915835181765305,544.1245304935568,1452.8129780867998,42.14065657346118
Chad,2006,5.1965566,2.4,0.19,,83.74,0.12,0.0,0.01,7.692308,107.3414,4.4,509.9999905,,0.648262014,710.3963987,13,1284000.0,15.454166,18.732207,Chad,Chad,Low income,Sub-Saharan Africa,6.236369571612706,6.567229797229964,549.9398232200372,54.28546105236,43.12850720962511
Chad,2007,5.533941,2.3,0.19,25860000.0,82.8,0.12,0.0,0.0,0.0,114.514046,4.38,500.0,,3.271499579,799.603742,13,1284000.0,15.454166,18.732207,Chad,Chad,Low income,Sub-Saharan Africa,6.2166061010848646,6.685366120542055,553.5483147808822,270.8801651412,44.69412016569152
Chad,2008,5.8785563,2.3,0.18,,80.63,0.14,0.0,0.0,0.0,116.01666,4.43,540.0000215,,3.052691532,929.3827519,13,1284000.0,15.454166,18.732207,Chad,Chad,Low income,Sub-Saharan Africa,6.2934193185877,6.835596062662024,551.154110532439,246.13851822515997,46.725373531880564
Chad,2009,6.2331114,2.5,0.17,,79.78,0.17,0.0,0.01,5.5555553,122.113625,4.37,790.0000215,,4.217695552,803.6863884,13,1284000.0,15.454166,18.732207,Chad,Chad,Low income,Sub-Saharan Africa,6.673297994948437,6.690452621885377,533.7643101740153,336.48775113856004,44.76215628569291
Chad,2010,6.4,2.6,0.17,,79.01,0.18,0.0,0.01,5.263158,130.90942,3.95,1240.00001,,13.55010086,892.5688697,13,1284000.0,15.454166,18.732207,Chad,Chad,Low income,Sub-Saharan Africa,7.1236727932626245,6.795223410196514,536.8906016396267,1070.5934689486,46.175061194482744
Chad,2011,8.98,2.8,0.16,0.0,82.37,0.18,0.0,0.01,5.263158,180.9343,4.08,1100.000024,,0.082869798,984.7361305,13,1284000.0,15.454166,18.732207,Chad,Chad,Low income,Sub-Saharan Africa,7.003974158521045,6.893388702661289,567.8084274382104,6.82598526126,47.51880780597829
Chad,2012,7.835406,2.9,0.16,,79.73,0.23,0.0,0.0,0.0,302.57126,3.62,1860.000014,,8.882576072,967.3529488,13,1284000.0,15.454166,18.732207,Chad,Chad,Low income,Sub-Saharan Africa,7.528869264165088,6.87559663734905,548.1913198958398,708.2077902205601,47.27382911952556
Chad,2013,8.126558,3.3,0.16,30000.0,76.45,0.26,0.0,0.0,0.0,302.8611,3.55,2190.000057,,5.700001363,979.8117426,13,1284000.0,15.454166,18.732207,Chad,Chad,Low income,Sub-Saharan Africa,7.692113365610984,6.888380537581729,526.6166920981232,435.76510420135,47.44978643053475
Chad,2014,8.405685,3.7,0.15,20000.0,76.86,0.27,0.0,0.0,0.0,303.73856,3.53,2259.99999,,6.899985045,1020.287979,13,1284000.0,15.454166,18.732207,Chad,Chad,Low income,Sub-Saharan Africa,7.723562467855148,6.928819834222018,532.5490924583044,530.3328505587,48.008544295108436
Chad,2015,7.7,4.1,0.15,20000.0,77.35,0.28,0.0,0.0,0.0,298.34583,3.31,2390.000105,,2.767675685,776.0197523,13,1284000.0,15.454166,18.732207,Chad,Chad,Low income,Sub-Saharan Africa,7.779467011373004,6.6554657712800545,514.8002774085122,214.07971423474999,44.29522463268041
Chad,2016,9.263847,4.6,0.22,41330000.0,77.77,0.28,0.0,0.01,3.448276,286.59064,3.72,2210.000038,,-6.255527085,693.4497674,13,1284000.0,15.454166,18.732207,Chad,Chad,Low income,Sub-Saharan Africa,7.70120019804424,6.543119830420851,508.85842921182956,-486.49234140044996,42.81241711524659
Chad,2017,10.9,5.1,0.22,10000.0,78.27,0.29,0.0,0.01,3.3333333,446.25546,3.87,2150.000095,,-2.988695986,665.9488849,13,1284000.0,15.454166,18.732207,Chad,Chad,Low income,Sub-Saharan Africa,7.673688173433233,6.50271340864623,508.9673784947404,-233.92523482422,42.285281674987466
Chad,2018,10.11404,5.5,0.21,,77.7,0.29,0.0,0.01,3.3333333,457.11847,3.85,2190.000057,,2.3740378,726.1510071,13,1284000.0,15.454166,18.732207,Chad,Chad,Low income,Sub-Saharan Africa,7.692113365610984,6.589134168618978,511.9757249016946,184.46273706,43.41668909206211
Chad,2019,8.4,6.1,0.21,,77.79,0.3,0.0,0.01,3.2258065,458.18085,3.77,2250.0,,3.247181917,709.5400432,13,1284000.0,15.454166,18.732207,Chad,Chad,Low income,Sub-Saharan Africa,7.719129840906732,6.56602530513271,510.77110848627353,252.59828132343,43.1126883076431
Chile,2000,97.93869,100.0,290.18,460000.0,31.36,20.42,,18.48,47.506424,20023.135,4.39,50420.0,19.573402,5.326938419,5074.902616,26,756096.0,-35.675147,-71.542969,Chile,Chile,High income,Latin America & Caribbean,10.828163033944676,8.532259643465055,267.5716624190641,167.05278881984,72.79945462350243
Chile,2001,97.11581,100.0,286.86,150000.0,32.15,19.59,,21.03,51.772526,20184.58,4.17,48430.0,22.04736,3.303047313,4574.594716,26,756096.0,-35.675147,-71.542969,Chile,Chile,High income,Latin America & Caribbean,10.787895383542557,8.428491961829625,270.97601657282246,106.19297111294999,71.0394767506266
Chile,2002,97.28368,100.0,285.57,30000.0,33.07,19.87,,22.5,53.10361,20441.285,4.19,49119.99893,22.61727,3.106970532,4446.249371,26,756096.0,-35.675147,-71.542969,Chile,Chile,High income,Latin America & Caribbean,10.802041899137041,8.40004106516965,277.78935802516037,102.74751549324,70.56068989653649
Chile,2003,98.782326,100.0,283.29,70000.0,31.62,23.3,,21.84,48.38281,20334.662,4.07,50200.00076,22.010809,4.091047685,4772.563723,26,756096.0,-35.675147,-71.542969,Chile,Chile,High income,Latin America & Caribbean,10.82379024093928,8.470848416673382,267.8482269352124,129.3589277997,71.75527289825794
Chile,2004,97.60609,100.0,327.57,2790000.0,31.44,27.79,,20.87,42.88944,21494.553,4.04,54970.00122,19.768446,7.209539709,6194.85272,26,756096.0,-35.675147,-71.542969,Chile,Chile,High income,Latin America & Caribbean,10.914561074623707,8.731635431079939,274.52261795315326,226.66792845096003,76.24145730129055
Chile,2005,97.76531,100.0,325.16,50460000.0,32.26,25.2,,25.42,50.217308,22090.879,3.94,55970.00122,22.415243,5.742830489,7598.528877,26,756096.0,-35.675147,-71.542969,Chile,Chile,High income,Latin America & Caribbean,10.93258900023711,8.93584153448455,288.27024790247157,185.26371157514,79.84926392941921
Chile,2006,99.36811,100.0,322.11,110000.0,32.91,25.54,,28.03,52.324062,22631.893,3.86,57150.00153,22.566658,6.317176343,9464.548507,26,756096.0,-35.675147,-71.542969,Chile,Chile,High income,Latin America & Caribbean,10.95345219365383,9.155414013047261,301.30467516938535,207.89827344812997,83.82160575030215
Chile,2007,98.09202,100.0,327.89,93230000.0,30.46,33.69,,22.29,39.81779,22387.78,3.81,64569.99969,18.706137,4.905324504,10502.35071,26,756096.0,-35.675147,-71.542969,Chile,Chile,High income,Latin America & Caribbean,11.07552066776797,9.259449600477272,282.0428348305377,149.41618439184,85.7374069037787
Chile,2008,98.26487,100.0,331.26,65320000.0,30.83,32.59,,23.78,42.185562,22165.26,3.65,67989.99786,20.915377,3.529530553,10751.4816,26,756096.0,-35.675147,-71.542969,Chile,Chile,High income,Latin America & Caribbean,11.127130590982889,9.28289185342648,286.1915558411384,108.81542694899,86.17208116241173
Chile,2009,99.59366,100.0,361.58,56220000.0,31.53,32.12,,24.57,43.340977,21051.678,3.61,65449.99695,21.777431,-1.564239443,10208.90797,26,756096.0,-35.675147,-71.542969,Chile,Chile,High income,Latin America & Caribbean,11.089057003460386,9.23111389740604,291.0570211852124,-49.32046963779,85.21346378688293
Chile,2010,99.53839,100.0,360.95,3200000.0,27.04,36.71,,21.55,36.98936,21403.44,3.56,69750.0,19.264341,5.844177296,12808.03834,26,756096.0,-35.675147,-71.542969,Chile,Chile,High income,Latin America & Caribbean,11.152687036498403,9.457906321034557,255.74178692077442,158.02655408383998,89.45199197746543
Chile,2011,99.588196,100.0,388.65,68530000.0,28.79,41.0,,21.04,33.913605,22459.62,3.66,76470.00122,17.502325,6.110918829,14637.23344,26,756096.0,-35.675147,-71.542969,Chile,Chile,High income,Latin America & Caribbean,11.244666878930197,9.591392113567828,276.1361789496178,175.93335308691,91.99480267621112
Chile,2012,100.0,100.0,405.49,1003530000.0,30.31,45.17,,20.59,31.310825,23224.074,3.84,78410.00366,18.09596,5.318628,15351.54074,26,756096.0,-35.675147,-71.542969,Chile,Chile,High income,Latin America & Caribbean,11.269719549296088,9.639036259839505,292.1591890357354,161.20761468,92.91102001850076
Chile,2013,99.6,100.0,436.94,1352650000.0,30.23,48.0,,20.17,29.587795,23629.986,3.82,83000.0,18.432415,4.045004298,15842.93648,26,756096.0,-35.675147,-71.542969,Chile,Chile,High income,Latin America & Caribbean,11.326607934898927,9.670542149645156,292.34048918377306,122.28047992854,93.51938546806356
Chile,2014,100.0,100.0,468.99,1263800000.0,26.95,44.51,,25.44,36.368835,23154.375,3.39,76559.99756,20.193163,1.766739784,14670.98891,26,756096.0,-35.675147,-71.542969,Chile,Chile,High income,Latin America & Caribbean,11.245843055822514,9.593695438634455,258.55009207119855,47.6136371788,92.03899216927556
Chile,2015,99.71484,100.0,470.34,113310000.0,25.07,44.37,,27.38,38.16028,23180.021,3.39,82230.00336,21.427673,2.303767036,13574.16924,26,756096.0,-35.675147,-71.542969,Chile,Chile,High income,Latin America & Caribbean,11.317287679763295,9.515997611759413,238.5660601268085,57.75543959252,90.55421054701085
Chile,2016,100.0,100.0,510.67,300130000.0,24.55,49.09,,24.27,33.083424,23993.93,3.54,86489.99786,19.706335,1.711089289,13753.59215,26,756096.0,-35.675147,-71.542969,Chile,Chile,High income,Latin America & Caribbean,11.367795616521551,9.529128021883087,233.9400929372298,42.007242044950004,90.80428085743748
Chile,2017,99.7,100.0,557.03,209270000.0,24.11,44.9,,29.32,39.504177,24517.238,3.55,87069.99969,22.405031,1.184544707,14998.81706,26,756096.0,-35.675147,-71.542969,Chile,Chile,High income,Latin America & Caribbean,11.374479153208455,9.615793284009975,231.8367760774805,28.559372885769996,92.46348048081133
Chile,2018,100.0,100.0,584.92,,25.46,43.85,,32.89,42.859005,25039.64,3.49,86610.00061,24.343296,3.713859177,15888.14436,26,756096.0,-35.675147,-71.542969,Chile,Chile,High income,Latin America & Caribbean,11.369182114312274,9.673391410377965,246.284545308223,94.55485464642,93.5745013783742
Chile,2019,100.0,100.0,606.69,,25.26,45.16,,32.23,41.64621,24894.514,3.66,91370.00275,24.144995,0.942005307,14741.7144,26,756096.0,-35.675147,-71.542969,Chile,Chile,High income,Latin America & Caribbean,11.422683450541179,9.59850430075687,242.45821863711856,23.79505405482,92.13128481164813
China,2000,97.0218,42.0,58.78,243620000.0,29.63,1113.3,16.74,225.56,17.874004,9334.936,10.85,3346530.0,5.656925,8.490093406,959.3724836,153,9596960.0,35.86166,104.195397,China,China,Upper middle income,East Asia & Pacific,15.023434844889461,6.867321212957892,203.47872753994233,251.56146761978,47.16010064194145
China,2001,97.27279,42.3,61.01,325050000.0,28.36,1182.59,17.47,280.73,20.1379,9797.812,10.36,3529080.0,6.618624,8.335733478,1053.108243,153,9596960.0,35.86166,104.195397,China,China,Upper middle income,East Asia & Pacific,15.076548055071811,6.96045042117175,197.39837394443083,236.40140143608,48.44787006558999
China,2002,97.516205,43.1,63.68,218270000.0,27.0,1337.46,25.13,291.41,19.137848,10602.087,10.12,3810060.059,6.2804885,9.13363079,1148.50829,153,9596960.0,35.86166,104.195397,China,China,Upper middle income,East Asia & Pacific,15.153155772958721,7.047089556008462,190.27141801222848,246.60803133,49.66147121040354
China,2003,97.75438,43.4,70.24,22510000.0,23.86,1579.96,43.34,287.28,17.304693,12273.32,10.48,4415910.156,5.3011093,10.03803048,1288.643252,153,9596960.0,35.86166,104.195397,China,China,Upper middle income,East Asia & Pacific,15.300724748077265,7.1621209102718275,170.8882049190858,239.5074072528,51.29597593335295
China,2004,97.98967,44.9,77.85,32680000.0,20.17,1795.41,50.47,357.43,18.513056,14272.745,10.83,5124819.824,5.60094,10.11362138,1508.668098,153,9596960.0,35.86166,104.195397,China,China,Upper middle income,East Asia & Pacific,15.449606121206859,7.319645102999821,147.6372417275064,203.99174323460002,53.577204433869255
China,2005,98.22443,46.3,86.43,155060000.0,17.44,2042.8,53.09,404.37,18.296497,16114.158,10.72,5824629.883,5.554481,11.39459181,1753.417829,153,9596960.0,35.86166,104.195397,China,China,Upper middle income,East Asia & Pacific,15.577606187682898,7.469892359500742,130.27492274969293,198.7216811664,55.79929186252756
China,2006,98.46105,47.7,96.27,127720000.0,16.39,2364.16,54.84,446.72,17.50206,17552.816,10.41,6437470.215,5.5779824,12.72095567,2099.229435,153,9596960.0,35.86166,104.195397,China,China,Upper middle income,East Asia & Pacific,15.677646352487821,7.649801872505552,125.380252690366,208.49646343130001,58.519468688589455
China,2007,98.7022,49.4,109.0,24770000.0,14.88,2718.7,62.13,500.71,17.151705,18955.008,9.81,6993180.176,5.718535,14.23086093,2693.970063,153,9596960.0,35.86166,104.195397,China,China,Upper middle income,East Asia & Pacific,15.760446114544301,7.899142374932605,117.53923853899717,211.75521063840003,62.39645025945592
China,2008,98.95058,51.1,128.8,142770000.0,14.14,2762.29,68.39,665.08,20.981703,19560.7,9.18,7199600.098,7.268667,9.65067892,3468.304602,153,9596960.0,35.86166,104.195397,China,China,Upper middle income,East Asia & Pacific,15.789536179395922,8.15170944997572,115.26517162265668,136.4605999288,66.45036695682344
China,2009,99.2089,53.5,150.78,58540000.0,13.43,2980.2,70.05,664.39,19.7715,20281.068,8.95,7719069.824,6.9355316,9.398725632,3832.236432,153,9596960.0,35.86166,104.195397,China,China,Upper middle income,East Asia & Pacific,15.85920455517167,8.251464746755026,110.81717154892,126.22488523775999,68.08667046694099
China,2010,99.7,55.6,170.41,131240000.0,12.26,3326.19,74.74,786.38,20.564993,21551.547,8.93,8474919.922,7.615998,10.63587106,4550.453108,153,9596960.0,35.86166,104.195397,China,China,Upper middle income,East Asia & Pacific,15.952621880449794,8.423201825354647,103.26845437884798,130.3957791956,70.95032899065787
China,2011,99.848724,58.0,194.62,43040000.0,11.34,3811.77,87.2,792.38,18.748974,23090.885,8.75,9282549.805,7.084204,9.550832179,5614.352135,153,9596960.0,35.86166,104.195397,China,China,Upper middle income,East Asia & Pacific,16.043646938220657,8.633259578474181,97.90116361989722,108.30643690986,74.5331709493162
China,2012,99.96193,60.7,218.25,100650000.0,11.53,3869.38,98.32,999.56,22.102327,23873.234,8.41,9541870.117,8.522597,7.863736449,6300.615118,153,9596960.0,35.86166,104.195397,China,China,Upper middle income,East Asia & Pacific,16.071200158050182,8.748561247459488,100.8709111832079,90.66888125697,76.53732390054991
China,2013,99.996445,63.2,258.3,301710000.0,11.45,4203.77,111.5,1093.37,22.276764,24600.36,8.05,9984570.313,8.959421,7.766150098,7020.338485,153,9596960.0,35.86166,104.195397,China,China,Upper middle income,East Asia & Pacific,16.11655159081075,8.856709146224059,101.40931972426547,88.9224186221,78.4412969008089
China,2014,100.0,66.0,296.29,229420000.0,11.94,4345.86,133.22,1289.23,24.659735,25072.023,7.69,10006669.92,10.19733,7.425763656,7636.116601,153,9596960.0,35.86166,104.195397,China,China,Upper middle income,East Asia & Pacific,16.118762520551357,8.940775402678076,106.75285830797623,88.66361805263999,79.93746480113332
China,2015,100.0,68.4,340.55,92000000.0,12.18,4222.76,171.38,1393.66,27.040327,25209.49,7.21,9861099.609,10.787498,7.041328879,8016.431435,153,9596960.0,35.86166,104.195397,China,China,Upper middle income,East Asia & Pacific,16.104108343980197,8.989373379613061,109.49056776368708,85.76338574622,80.80883375809596
China,2016,100.0,70.6,382.59,1245180000.0,12.56,4355.0,213.18,1522.79,28.500713,25164.803,6.71,9874660.156,11.530947,6.848762205,8094.363367,153,9596960.0,35.86166,104.195397,China,China,Upper middle income,East Asia & Pacific,16.10548255484629,8.999046752936302,113.02802721687995,86.0204532948,80.9828424615334
China,2017,100.0,73.2,436.9,372490000.0,13.13,4643.1,248.1,1667.06,29.20226,25987.611,6.51,10096009.77,12.138821,6.947200793,8816.986905,153,9596960.0,35.86166,104.195397,China,China,Upper middle income,East Asia & Pacific,16.127650930521675,9.08454888088616,119.2801268060353,91.21674641209,82.52902836920998
China,2018,100.0,75.6,487.16,318260000.0,13.71,4990.28,295.0,1835.32,29.917704,27109.42,6.39,10502929.69,12.807393,6.749773832,9905.342004,153,9596960.0,35.86166,104.195397,China,China,Upper middle income,East Asia & Pacific,16.167164889516204,9.200930437486594,126.14475629794121,92.53939923672,84.65712091546725
China,2019,100.0,77.6,529.28,201540000.0,14.45,5098.22,348.7,2014.57,31.672895,28277.445,6.31,10707219.73,13.51596,5.949714233,10143.83817,153,9596960.0,35.86166,104.195397,China,China,Upper middle income,East Asia & Pacific,16.18642890641311,9.22472030043234,133.2972083412473,85.97337066684999,85.09546462120852
Colombia,2000,95.2,78.1,210.84,,28.03,10.21,0.0,31.98,75.79996,8011.8125,3.0,58340.0,29.556067,2.924861483,2520.481089,46,1138910.0,4.570868,-74.297333,Colombia,Colombia,Upper middle income,Latin America & Caribbean,10.974060384172992,7.832601741587803,219.54782681670613,81.98386736849,61.349650042324285
Colombia,2001,98.47,78.9,217.68,,27.24,10.78,0.0,31.69,74.61738,7953.855,2.95,58940.0,30.604485,1.677898308,2439.682456,46,1138910.0,4.570868,-74.297333,Colombia,Colombia,Upper middle income,Latin America & Caribbean,10.984292222554274,7.800032974261837,212.47289821889242,45.70594990992,60.840514399571965
Colombia,2002,94.9055,79.7,223.19,90000.0,28.8,10.25,0.0,33.83,76.746826,7834.471,2.83,56770.00046,32.692554,2.503980466,2396.627127,46,1138910.0,4.570868,-74.297333,Colombia,Colombia,Upper middle income,Latin America & Caribbean,10.946780919049827,7.782234830169346,224.12836310887715,72.1146374208,60.5631789519009
Colombia,2003,95.12935,80.7,215.58,10000.0,30.7,9.6,0.0,36.0,78.94737,7863.652,2.78,56110.00061,33.389133,3.918271904,2281.401762,46,1138910.0,4.570868,-74.297333,Colombia,Colombia,Upper middle income,Latin America & Caribbean,10.935087161592605,7.732983571893384,237.40259565712688,120.2909474528,59.79903492317296
Colombia,2004,95.35031,81.5,214.54,,29.18,8.87,0.0,39.91,81.81632,8152.3345,2.66,56110.00061,34.505455,5.333022067,2782.623185,46,1138910.0,4.570868,-74.297333,Colombia,Colombia,Upper middle income,Latin America & Caribbean,10.935087161592605,7.931508662078126,231.44142275943972,155.61758391506,62.90882965662034
Colombia,2005,96.8,82.4,211.95,223460000.0,29.08,9.71,0.0,39.64,80.32422,7917.907,2.65,57639.99939,35.05353,4.828761108,3414.465158,46,1138910.0,4.570868,-74.297333,Colombia,Colombia,Upper middle income,Latin America & Caribbean,10.96198938844337,8.136068972978018,236.59688573420075,140.42037302064,66.19561833305558
Colombia,2006,95.79303,83.0,209.72,1940000.0,29.69,10.13,0.0,42.6,80.788925,9024.093,2.62,57689.99863,34.14272,6.716868698,3741.092837,46,1138910.0,4.570868,-74.297333,Colombia,Colombia,Upper middle income,Latin America & Caribbean,10.962856437380191,8.227400315986467,244.2715153816382,199.42383164362,67.69011595949421
Colombia,2007,96.019844,83.8,208.15,790000.0,30.42,9.93,0.0,44.27,81.67896,9058.002,2.44,59180.00031,35.182762,6.738194691,4714.073055,46,1138910.0,4.570868,-74.297333,Colombia,Colombia,Upper middle income,Latin America & Caribbean,10.988355828650146,8.458519689115075,257.3081689428806,204.97588250022002,71.54655533114739
Colombia,2008,96.80676,84.6,205.86,15930000.0,29.97,8.77,0.0,46.19,84.04294,9322.767,2.48,59779.99878,33.94141,3.283446186,5472.53653,46,1138910.0,4.570868,-74.297333,Colombia,Colombia,Upper middle income,Latin America & Caribbean,10.998443143292873,8.607680218496947,257.97217614835347,98.40488219442,74.09215874390365
Colombia,2009,96.05723,85.4,204.03,10000.0,30.91,14.77,0.0,41.08,73.55417,9111.861,2.55,62009.99832,31.377745,1.139648645,5193.241458,46,1138910.0,4.570868,-74.297333,Colombia,Colombia,Upper middle income,Latin America & Caribbean,11.035067040553146,8.555305879012787,264.44450472028524,35.22653961695,73.19325868347075
Colombia,2010,96.788994,86.3,208.97,3470000.0,29.75,15.96,0.0,40.66,71.81208,9474.296,2.4,63560.00137,30.092037,4.494658971,6336.709474,46,1138910.0,4.570868,-74.297333,Colombia,Colombia,Upper middle income,Latin America & Caribbean,11.059755375246498,8.754272700449844,260.43961283838286,133.71610438725,76.6372905138414
Colombia,2011,96.6936,87.0,217.2,780000.0,28.91,10.11,0.0,48.81,82.84114,9794.911,2.3,69099.99847,34.515675,6.947891982,7335.166934,46,1138910.0,4.570868,-74.297333,Colombia,Colombia,Upper middle income,Latin America & Caribbean,11.143324459289571,8.900571769129963,257.31552984554725,200.86355719962,79.22017781743327
Colombia,2012,97.03217,87.6,216.6,1840000.0,28.9,12.96,0.0,47.58,78.59267,10308.172,2.14,69699.99695,31.746134,3.912635767,8050.255372,46,1138910.0,4.570868,-74.297333,Colombia,Colombia,Upper middle income,Latin America & Caribbean,11.15196990008965,8.993583305086464,259.9145575169988,113.07517366629999,80.88454066552995
Colombia,2013,97.77942,88.45,216.82,310000.0,32.29,21.71,0.0,50.48,69.92658,10490.081,2.66,76860.00061,29.385107,5.13399352,8218.347844,46,1138910.0,4.570868,-74.297333,Colombia,Colombia,Upper middle income,Latin America & Caribbean,11.24975388263935,9.014246147189928,291.07000809276275,165.77665076079998,81.25663360212846
Colombia,2014,97.79094,89.1,237.49,55290000.0,32.38,20.99,0.0,48.06,69.60174,10938.481,2.58,79199.99695,28.364685,4.499030001,8114.343921,46,1138910.0,4.570868,-74.297333,Colombia,Colombia,Upper middle income,Latin America & Caribbean,11.279744165475817,9.001511859950215,291.468954025188,145.67859143238002,81.02721576482438
Colombia,2015,98.1869,89.75,247.42,23220000.0,31.6,27.22,0.0,49.0,64.28759,10259.04,2.53,80230.00336,28.021618,2.955901375,6175.87603,46,1138910.0,4.570868,-74.297333,Colombia,Colombia,Upper middle income,Latin America & Caribbean,11.292665294714622,8.728567925881421,275.82274645785293,93.40648345,76.1878980367259
Colombia,2016,98.4,90.7,246.63,1454760000.0,30.74,25.02,0.0,49.54,66.44314,11435.303,2.58,82680.00031,27.708813,2.087382502,5870.777957,46,1138910.0,4.570868,-74.297333,Colombia,Colombia,Upper middle income,Latin America & Caribbean,11.322745112295328,8.677912755716992,266.75903811074033,64.16613811148,75.30616979583569
Colombia,2017,98.5,91.2,246.81,184770000.0,32.53,16.07,0.0,61.39,79.25381,11368.834,2.44,74989.99786,32.82906,1.359360868,6376.706716,46,1138910.0,4.570868,-74.297333,Colombia,Colombia,Upper middle income,Latin America & Caribbean,11.225123356781113,8.760563862818772,284.9811424574947,44.220009036040004,76.74747919452616
Colombia,2018,98.5,92.0,247.06,144250000.0,30.72,19.11,0.0,60.08,75.868164,11332.247,2.29,78589.99634,31.99955,2.564324283,6729.583332,46,1138910.0,4.570868,-74.297333,Colombia,Colombia,Upper middle income,Latin America & Caribbean,11.272012421474223,8.814417095257037,270.77889316629614,78.77604197376,77.6939487291595
Colombia,2019,99.75592,92.5,245.49,152510000.0,30.72,23.84,0.0,54.31,69.49456,11221.787,2.51,81040.00092,29.890343,3.281116805,6424.979492,46,1138910.0,4.570868,-74.297333,Colombia,Colombia,Upper middle income,Latin America & Caribbean,11.3027104897841,8.768104348260813,269.3561655785722,100.79590824959999,76.87965386199018
Comoros,2000,39.715355,0.6,0.0,,69.87,0.02,0.0,0.0,0.0,816.7021,2.66,100.0,,10.84787862,647.4258118,467,2235.0,-11.6455,43.3333,Comoros,Comoros,Lower middle income,Sub-Saharan Africa,4.61512051684126,6.4745475975207585,452.3766406387754,757.9412791794,41.91976659256183
Comoros,2001,42.018665,0.7,0.0,,69.51,0.03,0.0,0.0,0.0,835.32465,2.68,110.0,,2.332907102,680.9055728,467,2235.0,-11.6455,43.3333,Comoros,Comoros,Lower middle income,Sub-Saharan Africa,4.709530201312334,6.524891191952518,453.54518675261954,162.16037266002002,42.57420506681955
Comoros,2002,44.8,0.8,1.07,,70.31,0.03,0.0,0.0,0.0,823.61163,2.65,109.9999994,,2.324944861,747.9888625,467,2235.0,-11.6455,43.3333,Comoros,Comoros,Lower middle income,Sub-Saharan Africa,4.709530195906929,6.618724113580227,465.3624924258258,163.46687317691,43.807508891688364
Comoros,2003,46.60488,1.0,1.05,,64.39,0.03,0.0,0.0,0.0,1032.1368,2.88,140.0000006,,2.103871636,937.7108963,467,2235.0,-11.6455,43.3333,Comoros,Comoros,Lower middle income,Sub-Saharan Africa,4.948759894633487,6.844507547137512,440.71784096018445,135.46829464204,46.84728356282236
Comoros,2004,48.892487,1.2,2.42,,63.52,0.04,0.0,0.0,0.0,1111.6262,2.97,150.000006,,1.919659807,1061.075548,467,2235.0,-11.6455,43.3333,Comoros,Comoros,Lower middle income,Sub-Saharan Africa,5.017279876550023,6.967980336748194,442.60611099024527,121.93679094064001,48.55274997330947
Comoros,2005,51.179554,1.4,2.37,,65.74,0.04,0.0,0.0,0.0,1046.9846,2.87,150.000006,,2.83754787,1069.029426,467,2235.0,-11.6455,43.3333,Comoros,Comoros,Lower middle income,Sub-Saharan Africa,5.017279876550023,6.975441428012387,458.5655194775343,186.54039697379997,48.65678311563149
Comoros,2006,53.468494,1.7,2.31,,61.81,0.04,0.0,0.0,0.0,1194.3715,3.02,170.0000018,,2.646955476,1114.945281,467,2235.0,-11.6455,43.3333,Comoros,Comoros,Lower middle income,Sub-Saharan Africa,5.141663567028975,7.017457110377173,433.7490239924131,163.60831797156,49.244704295983134
Comoros,2007,55.761955,2.0,2.26,,74.36,0.04,0.0,0.0,0.0,773.59,2.57,109.9999994,,0.800042349,1240.092528,467,2235.0,-11.6455,43.3333,Comoros,Comoros,Lower middle income,Sub-Saharan Africa,4.709530195906929,7.123747341651637,529.7218523252157,59.49114907164,50.74777618768876
Comoros,2008,58.06265,2.4,2.2,,73.44,0.04,0.0,0.0,0.0,772.8585,2.51,109.9999994,,3.999971991,1393.216032,467,2235.0,-11.6455,43.3333,Comoros,Comoros,Lower middle income,Sub-Saharan Africa,4.709530195906929,7.24008755205375,531.7120298228274,293.75794301904,52.41886776140367
Comoros,2009,60.373283,2.8,2.15,,68.53,0.04,0.0,0.0,0.0,923.4804,2.65,140.0000006,,3.200113112,1344.730406,467,2235.0,-11.6455,43.3333,Comoros,Comoros,Lower middle income,Sub-Saharan Africa,4.948759894633487,7.204692197424239,493.7375562894831,219.30375156536,51.907589659625714
Comoros,2010,69.80771,3.2,2.1,,66.39,0.04,0.0,0.0,0.0,1074.1965,2.78,170.0000018,,3.799933455,1316.491213,467,2235.0,-11.6455,43.3333,Comoros,Comoros,Lower middle income,Sub-Saharan Africa,5.141663567028975,7.1834846109435615,476.91154332054305,252.27758207745,51.60245115566297
Comoros,2011,69.425804,3.7,2.05,,69.35,0.05,0.0,0.0,0.0,944.7761,2.58,150.000006,,4.099846955,1447.945144,467,2235.0,-11.6455,43.3333,Comoros,Comoros,Lower middle income,Sub-Saharan Africa,5.017279876550023,7.278591083771068,504.77029165952354,284.32438632925,52.97788816475169
Comoros,2012,69.3,4.2,2.0,310000.0,67.85,0.05,0.0,0.0,0.0,961.3801,2.59,159.9999964,,3.200272903,1403.360252,467,2235.0,-11.6455,43.3333,Comoros,Comoros,Lower middle income,Sub-Saharan Africa,5.081404342624214,7.247337141415828,491.7318250450639,217.13851646855,52.52389564134535
Comoros,2013,69.76845,4.8,1.95,20000.0,62.51,0.05,0.0,0.0,0.0,1122.8319,2.72,189.9999976,,4.499874215,1505.337292,467,2235.0,-11.6455,43.3333,Comoros,Comoros,Lower middle income,Sub-Saharan Africa,5.252273415481185,7.3174363487547645,457.4129461606603,281.28713717965,53.54487471807746
Comoros,2014,72.162796,5.3,1.91,120000.0,66.02,0.05,0.0,0.0,0.0,981.591,2.57,170.0000018,,2.100006438,1513.830379,467,2235.0,-11.6455,43.3333,Comoros,Comoros,Lower middle income,Sub-Saharan Africa,5.141663567028975,7.323058750619257,483.4683387158833,138.64242503676,53.627189465021274
Comoros,2015,74.57198,5.7,1.86,970000.0,64.17,0.05,0.0,0.0,0.0,1036.3783,2.66,189.9999976,,1.116140583,1242.585608,467,2235.0,-11.6455,43.3333,Comoros,Comoros,Lower middle income,Sub-Saharan Africa,5.252273415481185,7.125754105264625,457.259640934831,71.62274121111,50.77637156869566
Comoros,2016,76.99304,6.3,1.82,10000.0,60.5,0.05,0.0,0.0,0.0,1189.0542,2.79,219.9999988,,3.320680025,1273.050952,467,2235.0,-11.6455,43.3333,Comoros,Comoros,Lower middle income,Sub-Saharan Africa,5.398162696087889,7.149956829052947,432.5723881577033,200.9011415125,51.12188265732087
Comoros,2017,79.423004,6.8,1.78,11180000.0,56.42,0.09,0.0,0.0,0.0,1492.4838,3.06,280.0000012,,3.815702113,1323.814843,467,2235.0,-11.6455,43.3333,Comoros,Comoros,Lower middle income,Sub-Saharan Africa,5.6383546736042085,7.189027987523546,405.6049590560785,215.28191321546,51.682123405396844
Comoros,2018,81.85891,7.3,1.74,,55.01,0.09,0.0,0.0,0.0,1593.2856,3.12,300.0000119,,3.642525019,1428.290463,467,2235.0,-11.6455,43.3333,Comoros,Comoros,Lower middle income,Sub-Saharan Africa,5.707110304283758,7.264933420395782,399.64398745597197,200.37530129518998,52.77925760278356
Comoros,2019,84.297775,7.8,1.7,,53.43,0.1,0.0,0.0,0.0,1685.7296,3.19,319.9999928,,1.75532828,1401.542312,467,2235.0,-11.6455,43.3333,Comoros,Comoros,Lower middle income,Sub-Saharan Africa,5.771441100700109,7.246041805925734,387.156013690612,93.7871900004,52.50512185322347
Costa Rica,2000,96.94,89.0,359.7,100000.0,32.95,0.07,0.0,6.78,98.9781,10699.309,2.41,4950.0,,3.868718088,3789.053886,100,51100.0,9.748917,-83.753428,Costa Rica,Costa Rica,High income,Latin America & Caribbean,8.507344855361422,8.24013551591735,271.5124652494767,127.47426099960002,67.89983332068249
Costa Rica,2001,98.24978,89.4,358.3,140120000.0,32.11,0.11,0.0,6.78,98.40349,10693.142,2.34,5420.0,,3.491169872,3960.307703,100,51100.0,9.748917,-83.753428,Costa Rica,Costa Rica,High income,Latin America & Caribbean,8.598035579260339,8.284329477765555,266.00981953105196,112.10146458992,68.63011489617531
Costa Rica,2002,98.509186,89.8,363.6,,32.54,0.16,0.0,7.26,97.843666,10944.455,2.39,5519.999981,,3.41687639,4042.705686,100,51100.0,9.748917,-83.753428,Costa Rica,Costa Rica,High income,Latin America & Caribbean,8.616314278842639,8.304916799549288,270.2419926573338,111.1851577306,68.97164304743599
Costa Rica,2003,98.6959,90.1,371.05,16200000.0,33.3,0.19,0.0,7.1,97.39369,10991.341,2.44,5800.000191,,4.317179866,4147.824369,100,51100.0,9.748917,-83.753428,Costa Rica,Costa Rica,High income,Latin America & Caribbean,8.665785628391422,8.330580288513776,277.4083236075087,143.7620895378,69.39856794337426
Costa Rica,2004,98.95478,90.4,371.03,90000.0,39.16,0.07,0.0,7.9,99.12171,11161.785,2.78,5940.000057,,4.424599597,4404.711884,100,51100.0,9.748917,-83.753428,Costa Rica,Costa Rica,High income,Latin America & Caribbean,8.689632757950086,8.390657133485616,328.5781333472967,173.26732021851998,70.40312713171306
Costa Rica,2005,99.053055,90.7,365.92,100000.0,41.73,0.28,0.0,7.87,96.56442,11431.702,2.67,6269.999981,,3.976666368,4676.379366,100,51100.0,9.748917,-83.753428,Costa Rica,Costa Rica,High income,Latin America & Caribbean,8.7436911075132,8.450493267543088,352.63908405457306,165.94628753664,71.41083646479106
Costa Rica,2006,99.14752,91.2,385.85,80000.0,42.4,0.53,0.0,8.05,93.822845,11759.994,2.71,6559.999943,,7.326695432,5227.465952,100,51100.0,9.748917,-83.753428,Costa Rica,Costa Rica,High income,Latin America & Caribbean,8.788898300657177,8.56187319701591,363.0234235534746,310.6518863168,73.30567264177944
Costa Rica,2007,99.217995,91.3,424.39,700000.0,41.19,0.69,0.0,8.24,92.27323,12253.692,2.64,7599.999905,,8.215131983,6103.741917,100,51100.0,9.748917,-83.753428,Costa Rica,Costa Rica,High income,Latin America & Caribbean,8.936035084067685,8.716821111613559,359.0458615873625,338.38128637976996,75.98297029187184
Costa Rica,2008,99.26394,91.8,422.92,90000.0,40.7,0.68,0.0,8.68,92.73505,12241.504,2.54,7519.999981,,4.738174878,6901.388306,100,51100.0,9.748917,-83.753428,Costa Rica,Costa Rica,High income,Latin America & Caribbean,8.925454384300144,8.839622762000078,359.7726464134032,192.8437175346,78.13893057446988
Costa Rica,2009,99.409805,92.1,437.93,10000.0,40.72,0.52,0.0,8.7,94.360085,11747.936,2.58,7199.999809,,-0.873455943,6801.036735,100,51100.0,9.748917,-83.753428,Costa Rica,Costa Rica,High income,Latin America & Caribbean,8.881975157724773,8.824977366170023,359.3530783504433,-35.567125998959995,77.8802255134132
Costa Rica,2010,98.995735,92.4,429.94,7640000.0,40.39,0.71,0.0,8.76,92.50264,11786.667,2.47,7110.000134,,5.360343526,8227.127494,100,51100.0,9.748917,-83.753428,Costa Rica,Costa Rica,High income,Latin America & Caribbean,8.869398178727563,9.015313745791351,364.12852219251266,216.50427501514002,81.27588193505449
Costa Rica,2011,99.232346,92.9,440.67,1670000.0,38.02,0.91,0.0,8.79,90.61856,11703.091,2.38,7429.999828,,4.40315924,9229.834517,100,51100.0,9.748917,-83.753428,Costa Rica,Costa Rica,High income,Latin America & Caribbean,8.91341569501119,9.130304736952635,347.1341860989392,167.40811430480002,83.36246458961972
Costa Rica,2012,99.503296,93.1,459.33,333910000.0,38.06,0.9,0.0,9.15,91.04477,11673.354,2.36,7449.999809,,4.882592369,10075.00462,100,51100.0,9.748917,-83.753428,Costa Rica,Costa Rica,High income,Latin America & Caribbean,8.916103504919585,9.21791209598768,350.8337343732911,185.83146556414002,84.969903409356
Costa Rica,2013,99.563515,93.6,458.39,122760000.0,37.8,1.23,0.0,8.88,87.83383,11618.479,2.42,7780.00021,,2.494766108,10744.09102,100,51100.0,9.748917,-83.753428,Costa Rica,Costa Rica,High income,Latin America & Caribbean,8.959440170605749,9.282204279957439,350.8673217823912,94.3021588824,86.15931629486019
Costa Rica,2014,99.35929,94.0,468.18,161780000.0,37.62,1.1,0.0,9.01,89.11969,11726.931,2.37,7829.999924,,3.542109878,10847.16967,100,51100.0,9.748917,-83.753428,Costa Rica,Costa Rica,High income,Latin America & Caribbean,8.96584548504592,9.291751650728955,349.55569710042323,133.25417361036,86.33664873882425
Costa Rica,2015,99.409805,94.3,486.68,596370000.0,38.33,0.26,0.0,10.5,97.58364,12110.349,2.23,7539.999962,,3.652080968,11642.77805,100,51100.0,9.748917,-83.753428,Costa Rica,Costa Rica,High income,Latin America & Caribbean,8.928110073163527,9.36252724336471,358.8656692381693,139.98426350344,87.65691638274639
Costa Rica,2016,99.5,94.6,590.73,173040000.0,36.81,0.35,0.0,10.5,96.77419,12301.996,2.2,8079.999924,,4.204323252,12011.22275,100,51100.0,9.748917,-83.753428,Costa Rica,Costa Rica,High income,Latin America & Caribbean,8.99727089682867,9.393679972887329,345.7813598019826,154.76113890612,88.24122343302449
Costa Rica,2017,99.6,94.9,608.09,251880000.0,36.2,0.21,0.0,11.06,98.13664,12649.783,2.09,8260.000229,,4.157698963,12225.57449,100,51100.0,9.748917,-83.753428,Costa Rica,Costa Rica,High income,Latin America & Caribbean,9.01930095228312,9.41136709868805,340.69148897250744,150.5087024606,88.57383066626792
Costa Rica,2018,99.7,95.3,615.07,27800000.0,35.7,0.31,0.0,11.13,97.290215,12802.764,1.98,8369.999886,,2.615904404,12485.4239,100,51100.0,9.748917,-83.753428,Costa Rica,Costa Rica,High income,Latin America & Caribbean,9.032528617041612,9.432397245069428,336.7365816489786,93.38778722280001,88.97011778879333
Costa Rica,2019,99.71,95.6,622.84,680000.0,35.76,0.25,0.0,11.18,97.81277,13012.45,2.11,8239.999771,,2.256315079,12693.82796,100,51100.0,9.748917,-83.753428,Costa Rica,Costa Rica,High income,Latin America & Caribbean,9.016876946975493,9.448949942254908,337.8944499350355,80.68582722504,89.28265501123903
Croatia,2000,100.0,100.0,,,26.76,4.81,0.0,6.45,57.282413,21227.025,4.32,18040.0,19.766573,2.895500506,4887.713716,73,56594.0,45.1,15.2,Croatia,Croatia,High income,Europe & Central Asia,9.800402224452803,8.494684504104058,227.3177573298246,77.48359354056,72.1596648242656
Croatia,2001,100.0,100.0,,,26.92,5.59,0.0,7.18,56.225525,22525.262,4.36,19200.0,20.78086,3.032498265,5412.925136,73,56594.0,45.1,15.2,Croatia,Croatia,High income,Europe & Central Asia,9.862717639992917,8.596729642224929,231.4239619686951,81.6348532938,73.90376054150876
Croatia,2002,100.0,100.0,,,24.61,6.86,0.0,5.85,46.02675,22668.963,4.24,20280.00069,16.80569,5.722074201,6293.225299,73,56594.0,45.1,15.2,Croatia,Croatia,High income,Europe & Central Asia,9.917439800176123,8.747387872821001,215.27321555012483,140.82024608660998,76.51679459757592
Croatia,2003,100.0,100.0,,,24.82,7.73,0.0,5.46,41.394997,23832.379,4.3,21610.00061,14.887934,5.525946728,8129.794584,73,56594.0,45.1,15.2,Croatia,Croatia,High income,Europe & Central Asia,9.980957751529393,9.00341393257547,223.46473380652316,137.15399778896,81.06146244129408
Croatia,2004,100.0,100.0,,,26.56,6.26,0.0,7.63,54.931602,24877.861,4.13,21100.00038,19.899082,4.149336808,9747.440771,73,56594.0,45.1,15.2,Croatia,Croatia,High income,Europe & Central Asia,9.957075729714681,9.1848626302801,243.94995146023948,110.20638562047999,84.36170153711589
Croatia,2005,100.0,100.0,,,26.82,6.0,0.0,7.06,54.05819,24671.021,4.02,21450.00076,18.502132,4.312401186,10621.50746,73,56594.0,45.1,15.2,Croatia,Croatia,High income,Europe & Central Asia,9.973526578745686,9.27073037427161,248.64098863796457,115.65859980852,85.94644167244222
Croatia,2006,100.0,100.0,,,25.51,6.27,0.0,6.65,51.47059,24436.512,3.81,21610.00061,17.52409,4.938356531,11797.47447,73,56594.0,45.1,15.2,Croatia,Croatia,High income,Europe & Central Asia,9.980957751529393,9.375725519892702,239.17475801246286,125.97747510581002,87.90422902436728
Croatia,2007,100.0,100.0,,,22.66,7.8,0.0,4.74,37.79904,24617.822,3.77,22879.99916,12.365527,4.912811472,14046.31681,73,56594.0,45.1,15.2,Croatia,Croatia,High income,Europe & Central Asia,10.038062114120665,9.55018668214674,216.40723021744512,111.32430795551998,91.20606566385294
Croatia,2008,100.0,100.0,,,24.14,6.94,0.0,5.84,45.6964,24549.996,3.6,21729.99954,15.2264805,1.895443552,16416.58681,73,56594.0,45.1,15.2,Croatia,Croatia,High income,Europe & Central Asia,9.98649507035182,9.70610840570152,234.3054569136347,45.75600734528,94.20854038322972
Croatia,2009,100.0,100.0,,,27.16,5.87,0.0,7.48,56.02996,24300.623,3.75,20309.99947,19.643877,-7.281699547,14653.04355,73,56594.0,45.1,15.2,Croatia,Croatia,High income,Europe & Central Asia,9.918917864097251,9.592471586600302,260.5315282920642,-197.77095969651998,92.01551113973412
Croatia,2010,100.0,100.0,,,29.75,5.49,0.0,9.3,62.880325,24781.908,3.76,19459.99908,23.850374,-1.250700462,14067.52312,73,56594.0,45.1,15.2,Croatia,Croatia,High income,Europe & Central Asia,9.876167694607128,9.551695178003463,284.16293154560304,-37.2083387445,91.23488077349461
Croatia,2011,100.0,100.0,,,27.16,5.95,0.0,5.28,47.016922,21703.076,3.68,19030.00069,15.472614,-0.085243549,14757.18034,73,56594.0,45.1,15.2,Croatia,Croatia,High income,Europe & Central Asia,9.85382454377366,9.599552807356634,260.7238542478062,-2.3152147908400003,92.15141410122864
Croatia,2012,100.0,100.0,,,29.4,5.33,0.0,5.26,49.6695,20222.29,3.55,17409.99985,16.519665,-2.275706646,13401.65662,73,56594.0,45.1,15.2,Croatia,Croatia,High income,Europe & Central Asia,9.764857460751355,9.503208221512914,279.39432171247967,-66.9057753924,90.31096650143064
Croatia,2013,100.0,100.0,,,32.82,4.67,0.0,9.28,66.5233,22296.646,3.49,17010.00023,26.373661,-0.363117372,13837.73164,73,56594.0,45.1,15.2,Croatia,Croatia,High income,Europe & Central Asia,9.741615486130247,9.535226580463375,312.94613637080795,-11.91751214904,90.92054594077527
Croatia,2014,100.0,100.0,,,33.6,3.5,0.0,9.94,73.95833,22411.172,3.33,16239.99977,28.121477,-0.345947048,13762.37286,73,56594.0,45.1,15.2,Croatia,Croatia,High income,Europe & Central Asia,9.695294174012913,9.529766202089714,320.2001443902144,-11.6238208128,90.81644386649141
Croatia,2015,100.0,100.0,,,33.09,3.73,0.0,7.52,66.844444,21392.176,3.4,16600.00038,22.36495,2.52568842,11933.37738,73,56594.0,45.1,15.2,Croatia,Croatia,High income,Europe & Central Asia,9.717218236384262,9.387178369837795,310.62173225793265,83.5750298178,88.11911774715055
Croatia,2016,100.0,100.0,,,31.83,4.26,0.0,8.36,66.24405,22428.08,3.31,16879.99916,23.870218,3.532432232,12527.73986,73,56594.0,45.1,15.2,Croatia,Croatia,High income,Europe & Central Asia,9.733943958341301,9.435780473000227,300.3408924555972,112.43731794456,89.03395313465238
Croatia,2017,100.0,100.0,,,29.79,4.67,0.0,7.12,60.39016,22608.02,3.31,17409.99985,20.273584,3.41409226,13629.28959,73,56594.0,45.1,15.2,Croatia,Croatia,High income,Europe & Central Asia,9.764857460751355,9.520049770979915,283.60228267749164,101.7058084254,90.63134764193472
Croatia,2018,100.0,100.0,,,32.83,3.77,0.0,9.78,72.177124,23593.492,3.13,16430.00031,26.73535,2.900009599,15227.5601,73,56594.0,45.1,15.2,Croatia,Croatia,High income,Europe & Central Asia,9.706925092318608,9.630927897755852,316.1833628833246,95.20731513516999,92.75477217177195
Croatia,2019,100.0,100.0,,,31.6,4.31,0.0,8.35,65.95577,23200.729,3.07,16520.00046,23.463097,3.481945603,15311.7669,73,56594.0,45.1,15.2,Croatia,Croatia,High income,Europe & Central Asia,9.712387605773941,9.63644219733926,304.51157343592064,110.0294810548,92.8610182226607
Cuba,2000,97.0,71.4,5.2,790000.0,34.43,14.1,0.0,0.09,0.6342495,9883.993,3.46,28350.0,,5.914760174,2747.100303,106,110860.0,21.521757,-77.781167,Cuba,Cuba,Upper middle income,Latin America & Caribbean,10.252417581902414,7.918665153040019,272.63964121916786,203.64519279082,62.705257805970305
Cuba,2001,96.22626,74.5,5.18,4590000.0,34.05,14.37,0.0,0.07,0.48476455,9075.244,3.28,27470.0,,3.185029904,2837.73573,106,110860.0,21.521757,-77.781167,Cuba,Cuba,Upper middle income,Latin America & Caribbean,10.220886181775843,7.95111406654672,270.7354339659158,108.45026823119998,63.220214899237114
Cuba,2002,95.5,77.2,5.16,1710000.0,34.8,14.71,0.0,0.1,0.6752194,9158.403,3.01,26420.00008,,1.424821261,2999.241763,106,110860.0,21.521757,-77.781167,Cuba,Cuba,Upper middle income,Latin America & Caribbean,10.181914430501463,8.006448152069902,278.6243956920326,49.583779882799995,64.10321201178355
Cuba,2003,96.51303,79.8,5.15,360000.0,33.56,14.79,0.0,0.13,0.8713137,9271.938,2.89,25629.99916,,3.792740223,3197.133185,106,110860.0,21.521757,-77.781167,Cuba,Cuba,Upper middle income,Latin America & Caribbean,10.151557802601381,8.070322538868178,270.84002440441606,127.28436188388001,65.1301058813637
Cuba,2004,96.65091,81.8,5.24,910000.0,33.77,14.66,0.0,0.09,0.6101695,9365.984,2.67,25360.00061,,5.77053807,3395.710843,106,110860.0,21.521757,-77.781167,Cuba,Cuba,Upper middle income,Latin America & Caribbean,10.14096786400307,8.130562843254076,274.56910721669016,194.8710706239,66.1060521481038
Cuba,2005,96.78825,83.8,64.6,410000.0,26.31,11.88,0.0,2.57,17.785467,9199.146,2.27,26319.99969,,11.20165642,3786.66345,106,110860.0,21.521757,-77.781167,Cuba,Cuba,Upper middle income,Latin America & Caribbean,10.178122366860807,8.239504604001981,216.78136613129212,294.7155804102,67.88943611936985
Cuba,2006,96.927475,85.4,43.99,390000.0,21.96,13.96,0.0,1.54,9.935484,8954.739,2.02,26780.00069,,12.06586311,4683.569067,106,110860.0,21.521757,-77.781167,Cuba,Cuba,Upper middle income,Latin America & Caribbean,10.195447985612006,8.452029209011876,185.6065614299008,264.96635389560004,71.43679774998992
Cuba,2007,97.07121,87.0,52.35,10000.0,18.59,14.67,0.0,1.93,11.626506,9036.614,1.79,27680.00031,,7.262136966,5208.718388,106,110860.0,21.521757,-77.781167,Cuba,Cuba,Upper middle income,Latin America & Caribbean,10.228501547445683,8.558281081079246,159.09844529726317,135.00312619794,73.24417506275894
Cuba,2008,97.22218,88.1,54.58,50000.0,18.73,14.7,0.0,1.97,11.8176365,10330.99,1.83,26750.0,,4.116828042,5411.269492,106,110860.0,21.521757,-77.781167,Cuba,Cuba,Upper middle income,Latin America & Caribbean,10.19432713480299,8.596423783320706,161.01101746159682,77.10818922666,73.89850186244188
Cuba,2009,97.383095,89.1,54.48,910000.0,18.97,14.82,0.0,1.89,11.310593,10402.473,1.75,26979.99954,,1.451305431,5529.669375,106,110860.0,21.521757,-77.781167,Cuba,Cuba,Upper middle income,Latin America & Caribbean,10.202888176518057,8.618064131494908,163.4846765744584,27.531264026069998,74.27102937455908
Cuba,2010,97.55665,90.2,55.07,4160000.0,15.61,14.66,0.0,1.73,10.555217,11812.895,1.85,28110.00061,,2.390352297,5730.354264,106,110860.0,21.521757,-77.781167,Cuba,Cuba,Upper middle income,Latin America & Caribbean,10.243916259496146,8.653707128031229,135.0843682685675,37.31339935617,74.8866470577385
Cuba,2011,97.74557,91.0,55.23,1310000.0,19.2,14.99,0.0,1.74,10.400478,10603.101,1.74,27590.00015,,2.802300836,6139.718783,106,110860.0,21.521757,-77.781167,Cuba,Cuba,Upper middle income,Latin America & Caribbean,10.225244917007362,8.722697079924721,167.47578393455464,53.8041760512,76.08544434812725
Cuba,2012,97.95255,91.5,52.75,420000.0,19.38,15.55,0.0,1.82,10.477835,11529.463,1.73,28690.00053,,3.014900289,6497.314764,106,110860.0,21.521757,-77.781167,Cuba,Cuba,Upper middle income,Latin America & Caribbean,10.264338782190965,8.779298155191286,170.14279824760712,58.428767600819995,77.07607609774513
Cuba,2013,98.17937,92.0,49.2,3100000.0,18.24,16.4,0.0,1.77,9.741332,11073.984,1.6,28870.00084,,2.747602563,6837.71168,106,110860.0,21.521757,-77.781167,Cuba,Cuba,Upper middle income,Latin America & Caribbean,10.270592939184597,8.830354641999149,161.06566867006447,50.11627074912,77.97516310347592
Cuba,2014,98.42399,92.7,52.67,40000.0,23.16,16.52,0.0,1.8,9.825328,11257.336,1.61,26690.00053,,1.047576632,7133.337679,106,110860.0,21.521757,-77.781167,Cuba,Cuba,Upper middle income,Latin America & Caribbean,10.192081728769757,8.872674698552485,205.49114601847555,24.261874797119997,78.72435630633343
Cuba,2015,98.68346,92.65,55.52,77320000.0,21.15,17.37,0.0,1.85,9.625391,11280.011,1.57,29209.99908,,4.438141959,7694.014637,106,110860.0,21.521757,-77.781167,Cuba,Cuba,Upper middle income,Latin America & Caribbean,10.282300598151881,8.94832794841542,189.25713610898612,93.86670243285,80.07257307239252
Cuba,2016,98.95479,93.2,53.82,31010000.0,19.2,17.64,0.0,1.74,8.978329,8800.3,1.54,27170.00008,,0.513761468,8060.796598,106,110860.0,21.521757,-77.781167,Cuba,Cuba,Upper middle income,Latin America & Caribbean,10.209905509987374,8.994891713639165,172.70192090187194,9.864220185599999,80.9080769400945
Cuba,2017,99.23503,93.4,59.57,110970000.0,22.0,17.57,0.0,1.82,9.386282,9358.279,1.45,26239.99977,,1.809054399,8541.213686,106,110860.0,21.521757,-77.781167,Cuba,Cuba,Upper middle income,Latin America & Caribbean,10.175078343323054,9.052775467009848,199.16106027421665,39.799196778,81.95274365609538
Cuba,2018,99.52121,93.5,66.87,7200000.0,24.11,17.64,0.0,2.0,10.1833,9819.157,1.37,26709.99908,,2.248480393,8824.194008,106,110860.0,21.521757,-77.781167,Cuba,Cuba,Upper middle income,Latin America & Caribbean,10.192830710121802,9.085365865469203,219.04817101646248,54.21086227523,82.54387290943296
Cuba,2019,99.8,93.6,95.74,5670000.0,21.54,16.54,0.0,2.99,15.309779,9606.213,1.27,25909.99985,,-0.164839982,9125.878679,106,110860.0,21.521757,-77.781167,Cuba,Cuba,Upper middle income,Latin America & Caribbean,10.162422862159348,9.11897903988991,196.42280851922865,-3.55065321228,83.15577872995149
Cyprus,2000,100.0,100.0,,,3.08,3.37,0.0,0.0,0.0,31912.982,3.92,7130.0,0.0,5.965310315,14388.34806,131,9251.0,35.126413,33.429859,Cyprus,Cyprus,High income,Europe & Central Asia,8.872206756028303,9.57424349378214,29.48866996084899,18.3731557702,91.66613847822963
Cyprus,2001,100.0,100.0,,,3.03,3.55,0.0,0.0,0.0,31725.172,3.73,6990.0,0.0,3.952560541,14821.44682,131,9251.0,35.126413,33.429859,Cyprus,Cyprus,High income,Europe & Central Asia,8.852378886511985,9.603897987786253,29.099810902992346,11.97625843923,92.23485655980484
Cyprus,2002,100.0,100.0,,,3.16,3.79,0.0,0.0,0.0,30732.92,3.65,7170.000076,0.0,3.722956499,16093.21461,131,9251.0,35.126413,33.429859,Cyprus,Cyprus,High income,Europe & Central Asia,8.877800404480817,9.68621514540032,30.608439859465012,11.76454253684,93.82276384298254
Cyprus,2003,100.0,100.0,,,3.24,4.05,0.0,0.0,0.0,32076.912,3.87,7829.999924,0.0,2.623286123,20252.23898,131,9251.0,35.126413,33.429859,Cyprus,Cyprus,High income,Europe & Central Asia,8.96584548504592,9.916070009373737,32.12806683037091,8.499447038520001,98.32844443080126
Cyprus,2004,100.0,100.0,,,3.29,4.2,0.0,0.0,0.0,30655.473,3.46,7780.00021,0.006964822,5.026343926,23792.62136,131,9251.0,35.126413,33.429859,Cyprus,Cyprus,High income,Europe & Central Asia,8.959440170605749,10.077172813654412,33.15389855692302,16.53667151654,101.54941191625558
Cyprus,2005,100.0,100.0,,,3.34,4.38,0.0,0.0,0.0,33741.973,3.36,7900.000095,0.0075333,4.853003838,24959.25917,131,9251.0,35.126413,33.429859,Cyprus,Cyprus,High income,Europe & Central Asia,8.974744624746528,10.125040205842918,33.81763428751535,16.20903281892,102.5164391699356
Cyprus,2006,100.0,100.0,,,3.5,4.65,0.0,0.0,0.0,32604.191,3.34,8000.0,0.012689397,4.713828666,26729.3234,131,9251.0,35.126413,33.429859,Cyprus,Cyprus,High income,Europe & Central Asia,8.987321812850125,10.193553907825207,35.677438677388224,16.498400331000003,103.90854127173854
Cyprus,2007,100.0,100.0,,,4.33,4.87,0.0,0.0,0.0,32579.771,3.35,8310.00042,0.02963039,5.098068453,31244.92622,131,9251.0,35.126413,33.429859,Cyprus,Cyprus,High income,Europe & Central Asia,9.02533526808846,10.34964428570682,44.81395975711053,22.07463640149,107.11513684066382
Cyprus,2008,100.0,100.0,,,5.47,5.06,0.0,0.01,0.19723865,32822.43,3.44,8489.999771,0.13309906,3.646811991,35397.36368,131,9251.0,35.126413,33.429859,Cyprus,Cyprus,High income,Europe & Central Asia,9.04676203102963,10.474420874324704,57.29508218255613,19.94806159077,109.7134926524891
Cyprus,2009,100.0,100.0,,,6.31,5.18,0.0,0.03,0.57581574,31506.953,3.44,8279.999733,0.28097296,-2.015262359,32109.24251,131,9251.0,35.126413,33.429859,Cyprus,Cyprus,High income,Europe & Central Asia,9.021718980791217,10.376930339530904,65.47843044244,-12.716305485289999,107.68068327147698
Cyprus,2010,100.0,100.0,,,6.55,5.25,0.0,0.08,1.500938,30146.273,3.25,7900.000095,0.6377341,2.014695707,31023.63833,131,9251.0,35.126413,33.429859,Cyprus,Cyprus,High income,Europe & Central Asia,8.974744624746528,10.342536952631773,67.74361703973811,13.19625688085,106.96807061655373
Cyprus,2011,100.0,100.0,,,7.66,4.75,0.0,0.17,3.4552846,29451.955,3.15,7630.000114,1.5228559,0.401437941,32396.38574,131,9251.0,35.126413,33.429859,Cyprus,Cyprus,High income,Europe & Central Asia,8.939974192228698,10.38583301148801,79.55548086799816,3.0750146280600004,107.86552734251411
Cyprus,2012,100.0,100.0,,,8.69,4.46,0.0,0.26,5.508475,27326.793,3.06,7099.999905,2.3008752,-3.446822086,28912.15694,131,9251.0,35.126413,33.429859,Cyprus,Cyprus,High income,Europe & Central Asia,8.867990884803696,10.272052027941744,89.26413212281375,-29.95288392734,105.51505286474209
Cyprus,2013,100.0,100.0,,,9.83,3.96,0.0,0.33,7.692308,24232.332,2.83,6429.999828,3.2324405,-6.553078255,27729.1927,131,9251.0,35.126413,33.429859,Cyprus,Cyprus,High income,Europe & Central Asia,8.76888529938941,10.230277087738221,100.56362377246671,-64.41675924665,104.65856929190161
Cyprus,2014,100.0,100.0,,,9.59,4.03,0.0,0.31,7.142857,24039.48,2.95,6809.999943,3.1309736,-1.829309109,27163.33297,131,9251.0,35.126413,33.429859,Cyprus,Cyprus,High income,Europe & Central Asia,8.826294222872503,10.20966010392619,97.91064039665216,-17.54307435531,104.23715943770213
Cyprus,2015,100.0,100.0,,,10.51,4.14,0.0,0.4,8.810573,24580.83,2.93,6849.999905,3.776322,3.383079712,23408.33668,131,9251.0,35.126413,33.429859,Cyprus,Cyprus,High income,Europe & Central Asia,8.83214989213631,10.0608902251839,105.7399562666828,35.556167773119995,101.22151212320095
Cyprus,2016,100.0,100.0,,,10.36,4.46,0.0,0.43,8.793456,26494.055,2.94,7219.99979,3.6664777,6.454554466,24605.92083,131,9251.0,35.126413,33.429859,Cyprus,Cyprus,High income,Europe & Central Asia,8.884748697369336,10.110783016906156,104.74771205514777,66.86918426776,102.22793321495796
Cyprus,2017,100.0,100.0,,,11.03,4.57,0.0,0.43,8.6,26971.416,2.88,7360.000134,3.6376648,5.852540355,26608.87509,131,9251.0,35.126413,33.429859,Cyprus,Cyprus,High income,Europe & Central Asia,8.903951090262755,10.189037669860754,112.38508549856411,64.55352011565,103.81648863784147
Cyprus,2018,100.0,100.0,,,12.11,4.58,0.0,0.48,9.486166,26633.77,2.74,7199.999809,3.8665202,5.692841724,29334.11093,131,9251.0,35.126413,33.429859,Cyprus,Cyprus,High income,Europe & Central Asia,8.881975157724773,10.2865404028425,124.57000427842266,68.94031327764,105.81291345931113
Cyprus,2019,100.0,100.0,,,12.05,4.63,0.0,0.52,10.097087,26442.418,2.67,7190.000057,4.2749753,5.283187396,29206.07672,131,9251.0,35.126413,33.429859,Cyprus,Cyprus,High income,Europe & Central Asia,8.88058553102907,10.282166312318184,123.90010406343413,63.6624081218,105.72294407417093
Denmark,2000,100.0,100.0,,,10.73,30.43,0.0,5.57,15.472222,44286.535,2.99,52600.0,7.0956745,3.746862595,30743.54768,137,43094.0,56.26392,9.501785,Denmark,Denmark,High income,Europe & Central Asia,10.87049040995193,10.33346794629366,110.87811106373097,40.20383564435,106.7805597970785
Denmark,2001,100.0,100.0,,,11.12,31.87,0.0,5.85,15.509013,44250.59,3.06,54250.0,7.4025154,0.823152998,30751.65435,137,43094.0,56.26392,9.501785,Denmark,Denmark,High income,Europe & Central Asia,10.90137670441254,10.333731589834482,114.91109527895944,9.15346133776,106.78600857074309
Denmark,2002,100.0,100.0,,,11.86,32.49,0.0,6.79,17.286152,44017.223,3.01,53840.00015,8.586957,0.466345571,33228.69354,137,43094.0,56.26392,9.501785,Denmark,Denmark,High income,Europe & Central Asia,10.893790540483367,10.411199138916706,123.47682178755213,5.53085847206,108.39306751017995
Denmark,2003,100.0,100.0,,,12.72,38.09,0.0,8.07,17.48267,47297.21,3.17,59229.99954,9.462801,0.390058556,40458.7774,137,43094.0,56.26392,9.501785,Denmark,Denmark,High income,Europe & Central Asia,10.989200324698432,10.608063608976497,134.93456910618104,4.96154483232,112.53101353209146
Denmark,2004,100.0,100.0,,,14.44,30.9,0.0,9.52,23.5527,44621.56,2.99,53729.99954,11.729121,2.668219267,46511.59833,137,43094.0,56.26392,9.501785,Denmark,Denmark,High income,Europe & Central Asia,10.891745386564908,10.747478486708005,155.19358934806357,38.52908621548,115.50829382225137
Denmark,2005,100.0,100.0,,,16.12,26.43,0.0,9.8,27.049406,41866.43,2.83,50200.00076,12.488843,2.336641308,48799.8256,137,43094.0,56.26392,9.501785,Denmark,Denmark,High income,Europe & Central Asia,10.82379024093928,10.795502509730918,174.0235004568624,37.66665788496,116.54287443760654
Denmark,2006,100.0,100.0,,,15.26,36.41,0.0,9.2,20.171015,46091.766,2.93,58130.00107,10.61084,3.913007978,52026.99951,137,43094.0,56.26392,9.501785,Denmark,Denmark,High income,Europe & Central Asia,10.970454381775394,10.859537304765626,165.71653927072344,59.71250174428,117.92955047359627
Denmark,2007,100.0,100.0,,,17.69,29.01,0.0,10.3,26.201982,43548.508,2.83,53409.99985,12.42254,0.909238928,58487.05497,137,43094.0,56.26392,9.501785,Denmark,Denmark,High income,Europe & Central Asia,10.885771993435695,10.97657782382362,194.17566170343986,16.08443663632,120.48526072245647
Denmark,2008,100.0,100.0,,,18.54,26.52,0.0,10.1,27.580559,41183.277,2.78,50130.00107,12.6056,-0.512016745,64322.0635,137,43094.0,56.26392,9.501785,Denmark,Denmark,High income,Europe & Central Asia,10.822394879537516,11.07167353176091,205.26882727884725,-9.492790452300001,122.5819547938951
Denmark,2009,100.0,100.0,,,19.33,26.32,0.0,10.06,27.652557,38827.246,2.78,47930.00031,13.32837,-4.90654773,58163.27688,137,43094.0,56.26392,9.501785,Denmark,Denmark,High income,Europe & Central Asia,10.777517762163312,10.971026645954899,212.06994506630818,-94.84356762089999,120.3634256662524
Denmark,2010,100.0,100.0,,,21.2,26.44,0.0,12.43,31.97839,41063.633,2.89,48119.99893,15.651074,1.870991147,58041.39844,137,43094.0,56.26392,9.501785,Denmark,Denmark,High income,Europe & Central Asia,10.781473929016954,10.968929030058856,232.54129543724773,39.6650123164,120.31740406646792
Denmark,2011,100.0,100.0,,,23.83,21.05,0.0,14.17,40.232822,38406.094,2.64,43099.99847,18.64669,1.336777767,61753.64713,137,43094.0,56.26392,9.501785,Denmark,Denmark,High income,Europe & Central Asia,10.671301442180813,11.030924508824537,262.8669310452887,31.85541418761,121.68129551938586
Denmark,2012,100.0,100.0,,,26.93,15.86,0.0,14.84,48.33876,35563.973,2.53,38220.00122,20.934052,0.226499792,58507.50805,137,43094.0,56.26392,9.501785,Denmark,Denmark,High income,Europe & Central Asia,10.551140413683488,10.976927459397185,295.6086564815662,6.09963939856,120.49293644886794
Denmark,2013,100.0,100.0,,,27.05,18.78,0.0,15.96,45.941277,36936.71,2.5,39959.99908,21.378275,0.933340972,61191.1937,137,43094.0,56.26392,9.501785,Denmark,Denmark,High income,Europe & Central Asia,10.595659234451947,11.021774906443156,298.1390112192874,25.2468732926,121.47952208830003
Denmark,2014,100.0,100.0,,,30.18,14.2,0.0,17.99,55.886925,35394.48,2.32,35819.99969,24.633705,1.619393811,62548.98473,137,43094.0,56.26392,9.501785,Denmark,Denmark,High income,Europe & Central Asia,10.486289583935479,11.043721271770327,333.29950798202844,48.87330521598,121.96377952855241
Denmark,2015,100.0,100.0,,,32.89,10.0,0.0,18.93,65.43381,34312.848,2.27,33700.00076,26.659948,2.342591108,53254.85637,137,43094.0,56.26392,9.501785,Denmark,Denmark,High income,Europe & Central Asia,10.425282812041965,10.882863056303792,357.9373659218317,77.04782154212,118.43670830226192
Denmark,2016,100.0,100.0,,,32.17,12.16,0.0,18.39,60.1964,34666.89,2.25,35319.99969,25.71348,3.245956985,54663.99837,137,43094.0,56.26392,9.501785,Denmark,Denmark,High income,Europe & Central Asia,10.472232958111237,10.908978900050602,350.9418512146279,104.42243620745,119.00582064174925
Denmark,2017,100.0,100.0,,,35.2,9.23,0.0,21.8,70.25459,34656.133,2.19,33130.00107,30.301117,2.821736341,57610.09818,137,43094.0,56.26392,9.501785,Denmark,Denmark,High income,Europe & Central Asia,10.408224711257597,10.961470504860316,385.84376177108317,99.3251192032,120.15383562892266
Denmark,2018,100.0,100.0,,,34.67,9.61,0.0,20.75,68.346504,34042.258,2.14,33130.00107,29.154387,1.989537315,61591.92887,137,43094.0,56.26392,9.501785,Denmark,Denmark,High income,Europe & Central Asia,10.408224711257597,11.028302351861184,382.3512425390273,68.97725871105,121.62345276406691
Denmark,2019,100.0,100.0,,,37.52,6.44,0.0,23.07,78.17689,33139.277,2.0,29700.00076,32.79566,2.114664208,59775.7351,137,43094.0,56.26392,9.501785,Denmark,Denmark,High income,Europe & Central Asia,10.298936019846002,10.998371819090522,412.6589106522764,79.34220108416001,120.96418267096456
Djibouti,2014,56.61884,8.1,0.33,3140000.0,30.82,0.09,0.0,0.0,0.0,4183.972,2.49,400.000006,,7.061543242,2464.294905,43,23200.0,11.825138,42.590275,Djibouti,Djibouti,Lower middle income,"Middle East, North Africa, Afghanistan & Pakistan",5.993961442269162,7.810066716237701,240.70625619444596,217.63676271844,60.99714211208395
Djibouti,2015,57.578564,8.4,0.33,940000.0,28.18,0.17,0.0,0.0,0.0,3626.9648,2.42,460.0000083,,7.696085576,2658.949245,43,23200.0,11.825138,42.590275,Djibouti,Djibouti,Lower middle income,"Middle East, North Africa, Afghanistan & Pakistan",6.133398061000987,7.886062320766635,222.2292361992038,216.87569153168,62.189978927015254
Djibouti,2016,58.675446,8.75,0.39,1290000.0,24.91,0.08,0.0,0.0,0.0,3409.7095,2.23,419.9999869,,6.652650372,2802.166204,43,23200.0,11.825138,42.590275,Djibouti,Djibouti,Lower middle income,"Middle East, North Africa, Afghanistan & Pakistan",6.042632802565992,7.938504844447935,197.74815567519806,165.71752076652,63.019859165323325
Djibouti,2017,60.2,9.0,0.38,1730000.0,24.13,0.06,0.0,0.0,0.0,3036.1372,2.17,419.9999869,,5.403099843,2914.358197,43,23200.0,11.825138,42.590275,Djibouti,Djibouti,Lower middle income,"Middle East, North Africa, Afghanistan & Pakistan",6.042632802565992,7.977747971852883,192.50305856081008,130.37679921159,63.6444627024028
Djibouti,2018,60.564186,9.3,0.38,30470000.0,27.84,0.05,0.0,0.0,0.0,3133.4805,2.02,400.000006,,8.407662666,3141.861711,43,23200.0,11.825138,42.590275,Djibouti,Djibouti,Lower middle income,"Middle East, North Africa, Afghanistan & Pakistan",5.993961442269162,8.052889036784084,224.1924307840689,234.06932862144,64.84902183875728
Djibouti,2019,61.21193,9.5,0.37,26860000.0,27.92,0.06,0.0,0.0,0.0,2848.7866,1.89,419.9999869,,7.770497257,3414.916178,43,23200.0,11.825138,42.590275,Djibouti,Djibouti,Lower middle income,"Middle East, North Africa, Afghanistan & Pakistan",6.042632802565992,8.136201016551192,227.1627323821093,216.95228341544,66.19776698172865
Dominica,2000,80.95181,81.0,110.27,,11.06,0.04,0.0,0.03,42.857143,7741.9917,2.46,130.0,,2.340219321,4787.801441,96,751.0,15.414999,-61.370976,Dominica,Dominica,Upper middle income,Latin America & Caribbean,4.875197323201151,8.474035438008848,93.72283194437786,25.882825690260002,71.8092766046298
Dominica,2001,82.27921,82.0,110.23,,9.41,0.05,0.0,0.03,37.5,8312.158,2.63,150.0,,-0.06384473,4883.003024,96,751.0,15.414999,-61.370976,Dominica,Dominica,Upper middle income,Latin America & Caribbean,5.017279836814924,8.493720454395023,79.92590947585717,-0.6007789093,72.1432871574084
Dominica,2002,87.7,82.8,110.11,,13.6,0.04,0.0,0.03,42.857143,7820.6606,2.54,119.9999973,,-2.827998893,4770.851894,96,751.0,15.414999,-61.370976,Dominica,Dominica,Upper middle income,Latin America & Caribbean,4.795790523282691,8.470489746273467,115.19866054931914,-38.460784944800004,71.74919654172393
Dominica,2003,84.91362,83.6,109.7,,10.56,0.05,0.0,0.03,37.5,8702.423,2.67,140.0000006,,6.353137122,4897.308367,96,751.0,15.414999,-61.370976,Dominica,Dominica,Upper middle income,Latin America & Caribbean,4.948759894633487,8.49664519326821,89.72457324091229,67.08912800832,72.19297954028777
Dominica,2004,86.22531,84.0,109.39,,11.56,0.04,0.0,0.03,42.857143,10289.641,3.06,159.9999964,,3.050690295,5216.872434,96,751.0,15.414999,-61.370976,Dominica,Dominica,Upper middle income,Latin America & Caribbean,5.081404342624214,8.559845018100019,98.95180840923622,35.2659798102,73.2709467338917
Dominica,2005,87.536476,85.0,109.1,,10.8,0.05,0.0,0.03,37.5,9846.587,3.02,159.9999964,,0.655862269,5160.889141,96,751.0,15.414999,-61.370976,Dominica,Dominica,Upper middle income,Latin America & Caribbean,5.081404342624214,8.549057904069643,92.32982536395215,7.0833125052,73.08639104713565
Dominica,2006,88.84951,85.5,109.17,,9.88,0.05,0.0,0.03,37.5,9808.0205,2.88,170.0000018,,4.659455486,5518.4232,96,751.0,15.414999,-61.370976,Dominica,Dominica,Upper middle income,Latin America & Caribbean,5.141663567028975,8.61602864105777,85.12636297365079,46.03542020168,74.23594954352781
Dominica,2007,90.16706,86.3,109.89,,8.68,0.06,0.0,0.02,25.0,11844.8545,3.39,180.0000072,,6.352972439,5951.863413,96,751.0,15.414999,-61.370976,Dominica,Dominica,Upper middle income,Latin America & Caribbean,5.19849707104483,8.691627628660367,75.44332781677198,55.14380077052,75.54439083529223
Dominica,2008,90.9,87.0,70.17,,8.45,0.06,0.0,0.02,25.0,10663.4375,2.82,180.0000072,,7.121057986,6468.944767,96,751.0,15.414999,-61.370976,Dominica,Dominica,Upper middle income,Latin America & Caribbean,5.19849707104483,8.774922850673345,74.14809808818976,60.1729399817,76.99927103526923
Dominica,2009,92.82657,87.4,70.29,,9.23,0.06,0.0,0.02,25.0,10826.458,2.83,500.0,,-1.169590643,6903.145806,96,751.0,15.414999,-61.370976,Dominica,Dominica,Upper middle income,Latin America & Caribbean,6.2166061010848646,8.839877351601674,81.59206795528345,-10.795321634890001,78.14343159136021
Dominica,2010,94.17394,87.8,99.04,,10.28,0.07,0.0,0.02,22.222221,11327.723,2.99,180.0000072,,0.6726344,6967.364955,96,751.0,15.414999,-61.370976,Dominica,Dominica,Upper middle income,Latin America & Caribbean,5.19849707104483,8.84913589302185,90.96911698026462,6.914681631999999,78.30720605316763
Dominica,2011,95.536674,88.3,99.0,,13.8,0.06,0.0,0.04,40.0,11478.59,2.77,180.0000072,,-0.223550688,7065.460372,96,751.0,15.414999,-61.370976,Dominica,Dominica,Upper middle income,Latin America & Caribbean,5.19849707104483,8.86311497892437,122.31098670915632,-3.0849994944000003,78.55480712963355
Dominica,2012,96.91748,88.4,99.08,,11.33,0.07,0.0,0.03,30.0,11020.953,2.99,250.0,,-1.059000243,6849.455933,96,751.0,15.414999,-61.370976,Dominica,Dominica,Upper middle income,Latin America & Caribbean,5.5254529391317835,8.832070488603325,100.06735863587566,-11.99847275319,78.00546911565777
Dominica,2013,98.31811,88.7,98.99,7640000.0,11.57,0.06,0.0,0.04,40.0,11020.252,3.07,170.0000018,,-0.999940631,7016.380071,96,751.0,15.414999,-61.370976,Dominica,Dominica,Upper middle income,Latin America & Caribbean,5.141663567028975,8.85614521810069,102.46560017342497,-11.56931310067,78.4313081240877
Dominica,2014,99.73655,88.9,98.89,1700000.0,9.97,0.07,0.0,0.03,30.0,11281.383,3.05,180.0000072,,4.447947365,7317.486143,96,751.0,15.414999,-61.370976,Dominica,Dominica,Upper middle income,Latin America & Caribbean,5.19849707104483,8.898158774501425,88.71464298177922,44.34603522905,79.17722957623671
Dominica,2015,99.82902,89.3,98.77,,8.8,0.08,0.0,0.02,20.0,11610.774,3.12,180.0000072,,-2.691108924,7597.288894,96,751.0,15.414999,-61.370976,Dominica,Dominica,Upper middle income,Latin America & Caribbean,5.19849707104483,8.935678355399048,78.63396952751162,-23.6817585312,79.84634767114704
Dominica,2016,99.983536,89.3,104.2,,10.88,0.07,0.0,0.04,36.363636,12128.221,3.12,180.0000072,,2.556494913,8080.968623,96,751.0,15.414999,-61.370976,Dominica,Dominica,Upper middle income,Latin America & Caribbean,5.19849707104483,8.997390763299776,97.89161150470157,27.81466465344,80.95304054751213
Dominica,2017,100.0,89.3,103.97,13270000.0,9.84,0.05,0.0,0.03,37.5,11274.687,3.02,170.0000018,,-6.79942797,7274.517731,96,751.0,15.414999,-61.370976,Dominica,Dominica,Upper middle income,Latin America & Caribbean,5.141663567028975,8.892270255280726,87.49993931196235,-66.9063712248,79.07247029295036
Dominica,2018,100.0,89.1,99.33,1640000.0,8.3,0.04,0.0,0.02,33.333336,11557.899,2.94,170.0000018,,2.214305241,7687.462963,96,751.0,15.414999,-61.370976,Dominica,Dominica,Upper middle income,Latin America & Caribbean,5.141663567028975,8.947476167749633,74.26405219232196,18.3787335003,80.05732977244766
Dominica,2019,100.0,89.3,99.08,8940000.0,8.05,0.07,0.0,0.02,22.222221,11049.87,2.97,170.0000018,,7.571391597,8516.280039,96,751.0,15.414999,-61.370976,Dominica,Dominica,Upper middle income,Latin America & Caribbean,5.141663567028975,9.049852324605242,72.85131121307221,60.94970235585001,81.8998270971629
Dominican Republic,2000,88.76493,84.1,53.73,11100000.0,19.11,7.34,0.0,0.75,9.270704,10094.044,3.9,18670.0,,4.66176228,2869.178139,225,48670.0,18.735693,-70.162651,Dominican Republic,Dominican Republic,Upper middle income,Latin America & Caribbean,9.834726796965336,7.962129376165424,152.15629237852124,89.08627717079999,63.39550420279641
Dominican Republic,2001,89.79136,84.7,54.11,4170000.0,18.89,9.07,0.0,0.7,7.1647897,9667.4,3.7,18980.0,,2.459516368,2977.43451,225,48670.0,18.735693,-70.162651,Dominican Republic,Dominican Republic,Upper middle income,Latin America & Caribbean,9.851193757814993,7.999153109249372,151.10400223372065,46.460264191520004,63.98645046521389
Dominican Republic,2002,89.74982,85.5,53.33,670000.0,17.94,10.98,0.0,0.87,7.341772,10064.789,3.87,20879.99916,,4.495103403,3110.325447,225,48670.0,18.735693,-70.162651,Dominican Republic,Dominican Republic,Upper middle income,Latin America & Caribbean,9.946594893342102,8.042804103126633,144.2879056100918,80.64215504982,64.6866978412706
Dominican Republic,2003,89.173805,86.05,52.62,,18.94,11.38,0.0,1.19,9.466986,9104.642,3.53,18729.99954,,-1.345706185,2418.350422,225,48670.0,18.735693,-70.162651,Dominican Republic,Dominican Republic,Upper middle income,Latin America & Caribbean,9.837935159737674,7.791254362458302,147.56635762496026,-25.487675143900002,60.703644540525524
Dominican Republic,2004,90.31657,86.4,51.89,460000.0,20.67,9.58,0.0,1.6,14.31127,8357.8955,3.34,17280.00069,,2.570134279,2487.329061,225,48670.0,18.735693,-70.162651,Dominican Republic,Dominican Republic,Upper middle income,Latin America & Caribbean,9.757362950982236,7.81936670435796,161.62630977907904,53.12467554693,61.142495657221865
Dominican Republic,2005,90.14123,86.7,51.21,6260000.0,19.44,10.14,0.0,1.91,15.850622,9065.088,3.19,18690.00053,,9.428236947,3932.784407,225,48670.0,18.735693,-70.162651,Dominican Republic,Dominican Republic,Upper middle income,Latin America & Caribbean,9.835797431922071,8.27735719495619,160.91182386994834,183.28492624968,68.514642132893
Dominican Republic,2006,90.11815,87.0,50.64,530000.0,17.98,11.36,0.0,1.75,13.348589,8931.601,3.03,20370.00084,,9.174355406,4109.033591,225,48670.0,18.735693,-70.162651,Dominican Republic,Dominican Republic,Upper middle income,Latin America & Caribbean,9.921867641052646,8.321186480449583,149.6149329184835,164.95491019988,69.24214444241692
Dominican Republic,2007,96.87634,87.1,50.0,370000.0,17.89,11.98,0.0,1.7,12.4269,9066.198,2.93,20629.99916,,7.415951715,4707.795052,225,48670.0,18.735693,-70.162651,Dominican Republic,Dominican Republic,Upper middle income,Latin America & Caribbean,9.934550037272517,8.45718732668015,151.2990812743079,132.67137618135,71.52401747855936
Dominican Republic,2008,97.576195,87.3,49.72,150000.0,17.68,10.34,0.0,1.38,11.774744,8900.079,2.73,20579.99992,,3.209504262,5087.983213,225,48670.0,18.735693,-70.162651,Dominican Republic,Dominican Republic,Upper middle income,Latin America & Caribbean,9.932123595185379,8.534833327899957,150.89585323727124,56.74403535216,72.84337993503185
Dominican Republic,2009,97.85776,87.4,54.86,310000.0,17.34,10.13,0.0,1.46,12.597066,8679.013,2.64,19659.99985,,0.946155168,5039.403122,225,48670.0,18.735693,-70.162651,Dominican Republic,Dominican Republic,Upper middle income,Latin America & Caribbean,9.886392249478174,8.525241342390633,147.82768487705357,16.406330613119998,72.67973994600644
Dominican Republic,2010,98.14542,87.6,55.59,180000.0,16.91,12.5,0.0,1.48,10.586553,8981.36,2.57,20680.00031,,8.33965106,5555.392014,225,48670.0,18.735693,-70.162651,Dominican Republic,Dominican Republic,Upper middle income,Latin America & Caribbean,9.93697069834228,8.622704258260665,145.80992900718783,141.0234994246,74.3510287254266
Dominican Republic,2011,97.89887,87.8,58.34,240000.0,16.75,13.33,0.0,1.59,10.6568365,8723.768,2.54,20909.99985,,3.133423003,5913.426649,225,48670.0,18.735693,-70.162651,Dominican Republic,Dominican Republic,Upper middle income,Latin America & Caribbean,9.948030608113541,8.685149840015237,145.47625982025522,52.48483530025,75.43182774351669
Dominican Republic,2012,97.86705,87.9,72.12,1390000.0,16.48,13.86,0.0,1.93,12.222926,9560.256,2.54,21680.00031,,2.717367897,6110.366576,225,48670.0,18.735693,-70.162651,Dominican Republic,Dominican Republic,Upper middle income,Latin America & Caribbean,9.984191594249324,8.717905689350108,143.67108576048977,44.78222294256,76.00187960840297
Dominican Republic,2013,98.38586,88.2,72.06,20000.0,16.55,14.54,0.0,2.19,13.090258,9002.167,2.36,21290.00092,,4.875205093,6238.132367,225,48670.0,18.735693,-70.162651,Dominican Republic,Dominican Republic,Upper middle income,Latin America & Caribbean,9.966039770403839,8.738596407945995,144.62377055150623,80.68464428915,76.36306718096664
Dominican Republic,2014,98.47098,88.5,72.21,450000.0,17.28,14.63,0.0,1.64,10.079902,8537.962,2.19,21450.00076,,7.05046369,6608.825501,225,48670.0,18.735693,-70.162651,Dominican Republic,Dominican Republic,Upper middle income,Latin America & Caribbean,9.973526578745686,8.796312533253696,152.00028057462387,121.83201256320001,77.37511418267606
Dominican Republic,2015,98.56036,89.0,72.48,70000.0,14.88,15.59,0.0,1.32,7.806032,9354.642,2.21,23590.00015,,6.927018772,6921.520594,225,48670.0,18.735693,-70.162651,Dominican Republic,Dominican Republic,Upper middle income,Latin America & Caribbean,10.068620568705189,8.842535229977493,131.5769242220651,103.07403932736001,78.19042929339311
Dominican Republic,2016,98.9,89.5,83.72,81910000.0,15.31,16.53,0.0,2.14,11.462239,9835.123,2.21,24590.00015,,6.659200263,7280.88361,225,48670.0,18.735693,-70.162651,Dominican Republic,Dominican Republic,Upper middle income,Latin America & Caribbean,10.110135807420933,8.893144845361284,136.15404758248127,101.95235602653,79.08802524057599
Dominican Republic,2017,100.0,90.0,85.9,82190000.0,16.87,16.07,0.0,2.94,15.465545,9591.366,2.09,23549.99924,,4.666704677,7609.353275,225,48670.0,18.735693,-70.162651,Dominican Republic,Dominican Republic,Upper middle income,Latin America & Caribbean,10.06692352911766,8.937264872248676,150.77165839483516,78.72730790099001,79.87470339673014
Dominican Republic,2018,98.9,90.4,98.92,380000.0,15.95,16.89,0.0,2.74,13.958228,10487.733,2.06,25309.99947,,6.982527585,8050.644076,225,48670.0,18.735693,-70.162651,Dominican Republic,Dominican Republic,Upper middle income,Latin America & Caribbean,10.138994341894223,8.993631582603358,143.44842374252354,111.37131498074999,80.88540904360059
Dominican Republic,2019,99.0,90.9,114.65,42670000.0,13.98,16.91,0.0,2.36,12.247015,11098.332,2.08,27229.99954,,5.05216802,8282.117131,225,48670.0,18.735693,-70.162651,Dominican Republic,Dominican Republic,Upper middle income,Latin America & Caribbean,10.212111292302225,9.021974641630718,126.12720548999745,70.6293089196,81.39602643422774
Ecuador,2000,93.73226,87.8,135.21,2220000.0,19.43,2.82,0.0,7.53,72.753624,8246.84,3.27,22050.0,21.613928,1.091801564,1445.279324,71,283561.0,-1.831239,-78.183406,Ecuador,Ecuador,Upper middle income,Latin America & Caribbean,10.001113231320568,7.276749554188245,141.3872438378776,21.21370438852,52.95108407437883
Ecuador,2001,94.02462,88.75,134.56,2140000.0,17.05,3.74,0.0,7.0,65.17691,8211.651,3.35,24250.0,19.692354,4.0156299,1894.616196,71,283561.0,-1.831239,-78.183406,Ecuador,Ecuador,Upper middle income,Latin America & Caribbean,10.096213132628804,7.547299234053558,128.68145194061316,68.46648979500002,56.96172572834542
Ecuador,2002,94.30939,89.8,132.83,830000.0,17.1,4.1,0.0,7.45,64.50217,7965.1455,3.48,24170.00008,21.095179,4.096776659,2172.101877,71,283561.0,-1.831239,-78.183406,Ecuador,Ecuador,Upper middle income,Latin America & Caribbean,10.092908849755057,7.683910862268357,131.39487574478892,70.0548808689,59.04248613928565
Ecuador,2003,94.973045,90.6,130.59,360000.0,16.55,4.11,0.0,7.11,63.368984,8014.88,3.73,24659.99985,19.533443,2.722877337,2425.851842,71,283561.0,-1.831239,-78.183406,Ecuador,Ecuador,Upper middle income,Latin America & Caribbean,10.112978321314072,7.7943501581277586,128.9964951170144,45.06361992735,60.75189438750621
Ecuador,2004,94.86557,91.1,130.98,310000.0,16.73,5.59,0.0,7.5,57.295647,8426.991,3.54,26180.00031,18.734905,8.211020917,2691.277685,71,283561.0,-1.831239,-78.183406,Ecuador,Ecuador,Upper middle income,Latin America & Caribbean,10.17278924767207,7.898142837376473,132.1359296693084,137.37037994141002,62.38066027960129
Ecuador,2005,95.83265,91.7,132.24,8400000.0,16.16,5.09,0.0,7.07,58.14145,8767.223,3.65,28219.99931,16.596605,5.291308267,3002.138604,71,283561.0,-1.831239,-78.183406,Ecuador,Ecuador,Upper middle income,Latin America & Caribbean,10.247821636190183,8.007413222096368,129.39979766907732,85.50754159472,64.11866650940374
Ecuador,2006,96.31526,92.3,133.33,10000.0,14.19,6.17,0.0,7.35,54.363903,9114.504,3.43,30129.99916,16.25161,4.403526434,3328.884156,71,283561.0,-1.831239,-78.183406,Ecuador,Ecuador,Upper middle income,Latin America & Caribbean,10.313309793207436,8.110692794381386,115.09073075227187,62.486040098459995,65.78333760483014
Ecuador,2007,96.812614,92.7,149.22,,15.88,7.33,0.0,9.26,55.816757,9420.017,3.69,30639.99939,19.557272,2.190063972,3567.837186,71,283561.0,-1.831239,-78.183406,Ecuador,Ecuador,Upper middle income,Latin America & Caribbean,10.330094240489702,8.179995103508706,129.89832224371824,34.77821587536,66.9123198934264
Ecuador,2008,97.20657,93.05,148.98,2770000.0,15.32,6.68,0.0,11.58,63.417305,9883.912,3.07,31690.00053,22.617521,6.3571306,4249.01897,71,283561.0,-1.831239,-78.183406,Ecuador,Ecuador,Upper middle income,Latin America & Caribbean,10.36378802460689,8.354678725437912,127.99367807370882,97.39124079199999,69.80065660528486
Ecuador,2009,96.47086,93.3,146.77,1270000.0,12.87,8.36,0.0,9.57,53.374233,9482.964,3.39,34500.0,18.929243,0.566491592,4231.619235,71,283561.0,-1.831239,-78.183406,Ecuador,Ecuador,Upper middle income,Latin America & Caribbean,10.448743588106625,8.350576284904049,107.4719167867151,7.290746789039999,69.7321242900019
Ecuador,2010,97.46214,93.6,156.29,2811680000.0,11.79,9.77,0.0,9.0,47.948853,10353.473,3.47,37250.0,15.936485,3.525298669,4633.591284,71,283561.0,-1.831239,-78.183406,Ecuador,Ecuador,Upper middle income,Latin America & Caribbean,10.525434069084952,8.441303293745063,99.52296583325429,41.56327130751,71.25560129699126
Ecuador,2011,96.872696,93.9,153.38,394900000.0,13.15,8.47,0.0,11.41,57.394367,10805.037,3.38,37099.99847,19.198841,7.868140919,5200.555108,71,283561.0,-1.831239,-78.183406,Ecuador,Ecuador,Upper middle income,Latin America & Caribbean,10.521399161171384,8.55671291909099,112.52077488604651,103.46605308485,73.21733597973864
Ecuador,2012,97.19493,94.0,153.01,26490000.0,13.2,9.57,0.0,12.54,56.716415,11233.192,3.17,37090.00015,19.840086,5.641962067,5682.046108,71,283561.0,-1.831239,-78.183406,Ecuador,Ecuador,Upper middle income,Latin America & Caribbean,10.521129635609425,8.645242654584639,114.11720304051723,74.47389928439999,74.74022055664965
Ecuador,2013,98.034676,94.1,152.03,331000000.0,11.85,10.98,0.0,11.46,51.06952,11416.987,3.21,39700.00076,17.377462,4.946511267,6056.331213,71,283561.0,-1.831239,-78.183406,Ecuador,Ecuador,Upper middle income,Latin America & Caribbean,10.589131674418017,8.709024588167098,103.20194136978012,58.61615851395,75.8471092772991
Ecuador,2014,98.97607,94.3,152.96,509020000.0,12.18,11.36,0.0,12.09,51.556503,11816.219,3.38,41799.99924,17.276142,3.788868549,6377.093929,71,283561.0,-1.831239,-78.183406,Ecuador,Ecuador,Upper middle income,Latin America & Caribbean,10.640675523490279,8.760624574491978,106.70440731731229,46.14841892682,76.74854293519275
Ecuador,2015,98.82588,94.4,160.29,31740000.0,13.07,11.34,0.0,13.74,54.78469,11610.723,3.26,41520.00046,19.640232,0.098872608,6124.490887,71,283561.0,-1.831239,-78.183406,Ecuador,Ecuador,Upper middle income,Latin America & Caribbean,10.633954613406887,8.72021417701783,113.97319929362304,1.29226498656,76.04213529306276
Ecuador,2016,98.7,94.4,281.35,134670000.0,14.75,10.77,0.0,16.37,60.316883,11399.546,3.16,39810.00137,23.628025,-1.226383985,6060.092962,71,283561.0,-1.831239,-78.183406,Ecuador,Ecuador,Upper middle income,Latin America & Caribbean,10.591898569408231,8.70964541956671,128.46726993860898,-18.08916377875,75.85792333457938
Ecuador,2017,99.2,94.4,280.86,36680000.0,17.05,7.4,0.0,20.44,73.41954,11658.197,3.18,38549.99924,28.335857,2.368386526,6213.503127,71,283561.0,-1.831239,-78.183406,Ecuador,Ecuador,Upper middle income,Latin America & Caribbean,10.55973729927811,8.734641053363491,148.92562995984753,40.3809902683,76.29395433110288
Ecuador,2018,98.7,94.5,308.23,890000.0,16.33,7.97,0.0,21.06,72.54564,12100.159,3.1,40139.99939,27.386934,1.289291933,6295.934662,71,283561.0,-1.831239,-78.183406,Ecuador,Ecuador,Upper middle income,Latin America & Caribbean,10.60015351964876,8.747818232382823,142.85187173481148,21.054137265889995,76.52432382680934
Ecuador,2019,99.09,94.45,303.72,60120000.0,17.73,7.09,0.0,25.2,78.04273,12160.402,3.26,39290.00092,31.76902,0.012105103,6222.524653,71,283561.0,-1.831239,-78.183406,Ecuador,Ecuador,Upper middle income,Latin America & Caribbean,10.578750787412543,8.736091689708996,154.8909056585405,0.21462347619000002,76.31929801100257
El Salvador,2000,84.51925,57.9,97.82,,33.51,1.7,0.0,2.03,54.42359,4934.59,3.47,5630.0,,1.127906977,2001.540049,313,21041.0,13.794185,-88.89653,El Salvador,El Salvador,Upper middle income,Latin America & Caribbean,8.636042325254618,7.602171678243151,254.74877293792795,37.79616279927,57.79301422548228
El Salvador,2001,87.06383,59.95,107.65,,33.11,1.46,0.0,2.33,61.477573,5098.644,3.65,5870.0,,0.87961366,2072.301591,313,21041.0,13.794185,-88.89653,El Salvador,El Salvador,Upper middle income,Latin America & Caribbean,8.677780256064185,7.6368975871408455,252.8576791102334,29.1240082826,58.32220475647767
El Salvador,2002,87.54906,62.0,110.29,,34.02,1.57,0.0,2.4,60.453403,5202.2905,3.69,5940.000057,,1.572918448,2124.10182,313,21041.0,13.794185,-88.89653,El Salvador,El Salvador,Upper middle income,Latin America & Caribbean,8.689632757950086,7.661574995504734,260.64678134707106,53.51068560096,58.69973141174336
El Salvador,2003,86.96115,63.9,117.44,,33.85,1.46,0.0,2.81,65.80796,5536.21,3.9,6510.000229,,1.565393031,2209.497245,313,21041.0,13.794185,-88.89653,El Salvador,El Salvador,Upper middle income,Latin America & Caribbean,8.78124836840811,7.7009727669411605,260.6779281609583,52.98855409935,59.30498155716939
El Salvador,2004,87.35705,65.8,114.54,1300000.0,33.33,1.61,0.0,2.73,62.903225,5513.2593,3.9,6679.999828,,0.889404486,2278.43033,313,21041.0,13.794185,-88.89653,El Salvador,El Salvador,Upper middle income,Latin America & Caribbean,8.807022930180828,7.731680835466302,257.69692224609184,29.64385151838,59.7788885415169
El Salvador,2005,87.52584,67.7,118.97,,34.08,1.64,0.0,3.07,65.180466,5701.853,3.89,6840.000153,,2.710398073,2428.568879,313,21041.0,13.794185,-88.89653,El Salvador,El Salvador,Upper middle income,Latin America & Caribbean,8.83068922112615,7.7954691045451225,265.66958708289775,92.37036632783999,60.769338559917536
El Salvador,2006,89.20147,69.4,120.36,0.0,34.76,2.11,0.0,3.49,62.32143,6029.882,3.98,7239.999771,,4.34481288,2631.822739,313,21041.0,13.794185,-88.89653,El Salvador,El Salvador,Upper middle income,Latin America & Caribbean,8.887514565763354,7.875811834404352,273.76321936389525,151.0256957088,62.02841205094365
El Salvador,2007,91.10956,71.4,131.45,250000.0,28.24,2.21,0.0,3.51,61.36364,6277.061,3.95,7630.000114,,1.859704695,2786.157774,313,21041.0,13.794185,-88.89653,El Salvador,El Salvador,Upper middle income,Latin America & Caribbean,8.939974192228698,7.9327776365721245,224.02164045679677,52.5180605868,62.92896103129882
El Salvador,2008,91.00023,73.1,130.41,20000.0,31.5,2.08,0.0,3.91,65.27546,6136.0747,3.91,6909.999847,,2.126699102,2933.39424,313,21041.0,13.794185,-88.89653,El Salvador,El Salvador,Upper middle income,Latin America & Caribbean,8.840869601952775,7.984256319137645,251.50407405283582,66.991021713,63.748348969689424
El Salvador,2009,91.08402,75.1,133.03,100000.0,32.2,2.38,0.0,3.47,59.31624,5893.16,3.93,6679.999828,,-2.087323805,2858.483344,313,21041.0,13.794185,-88.89653,El Salvador,El Salvador,Upper middle income,Latin America & Caribbean,8.807022930180828,7.9583962385438625,256.2603588811124,-67.211826521,63.3360706896691
El Salvador,2010,91.58024,76.8,132.59,90000.0,32.62,2.0,0.0,3.97,66.49917,6082.846,3.91,6539.999962,,2.106741573,2983.228806,313,21041.0,13.794185,-88.89653,El Salvador,El Salvador,Upper middle income,Latin America & Caribbean,8.785845332151704,8.001096635998014,260.9957722662552,68.72191011125999,64.01754737857873
El Salvador,2011,92.574684,78.7,143.66,960000.0,29.52,1.97,0.0,4.12,67.651886,6068.4243,3.75,6780.00021,,3.817056396,3266.010978,313,21041.0,13.794185,-88.89653,El Salvador,El Salvador,Upper middle income,Latin America & Caribbean,8.821879893652726,8.091630771864784,238.86494038544842,112.67950480991999,65.47448854818909
El Salvador,2012,93.68057,80.3,152.24,1440000.0,30.27,2.08,0.0,4.18,66.773155,6096.5063,3.71,6769.999981,,2.815501822,3428.409332,313,21041.0,13.794185,-88.89653,El Salvador,El Salvador,Upper middle income,Latin America & Caribbean,8.820404062679561,8.140143318916765,246.40213826361048,85.22524015194,66.26193325250524
El Salvador,2013,95.043106,82.1,155.46,54180000.0,27.54,2.15,0.0,4.12,65.70973,5903.0894,3.43,6460.000038,,2.232142857,3509.526536,313,21041.0,13.794185,-88.89653,El Salvador,El Salvador,Upper middle income,Latin America & Caribbean,8.773539389439607,8.163521315465909,224.82337702793112,61.473214281779995,66.64308026806624
El Salvador,2014,95.12542,84.0,160.39,10000.0,23.95,2.1,0.0,4.14,66.34615,6015.019,3.33,6590.000153,,1.710709945,3589.042885,313,21041.0,13.794185,-88.89653,El Salvador,El Salvador,Upper middle income,Latin America & Caribbean,8.793460384266192,8.185919427093427,196.05277027888758,40.97150318275,67.00927686686559
El Salvador,2015,95.4,85.5,146.12,150500000.0,21.03,2.44,0.0,3.57,59.400997,6200.172,3.39,7000.0,,2.398973133,3705.579704,313,21041.0,13.794185,-88.89653,El Salvador,El Salvador,Upper middle income,Latin America & Caribbean,8.853808274977197,8.217864817710167,172.82169711644482,50.45040498699001,67.53330216215855
El Salvador,2016,96.0,86.9,154.53,67690000.0,20.71,2.34,0.0,3.68,61.12957,6231.5947,3.38,7170.000076,,2.545926086,3805.995686,313,21041.0,13.794185,-88.89653,El Salvador,El Salvador,Upper middle income,Latin America & Caribbean,8.877800404480817,8.244595623206127,170.7455753565989,52.72612924106001,67.97335699018963
El Salvador,2017,96.8,88.2,182.96,222340000.0,24.99,1.55,0.0,3.94,71.76685,6173.1143,3.25,6380.000114,,2.246670039,3910.254403,313,21041.0,13.794185,-88.89653,El Salvador,El Salvador,Upper middle income,Latin America & Caribbean,8.761080121733885,8.271613420709528,206.7076193835311,56.14428427461,68.41958858166198
El Salvador,2018,97.0,89.4,199.49,31910000.0,23.21,1.38,0.0,3.95,74.10882,6645.676,3.27,6809.999943,,2.432287587,4052.624775,313,21041.0,13.794185,-88.89653,El Salvador,El Salvador,Upper middle income,Latin America & Caribbean,8.826294222872503,8.307366765994217,192.8139826387258,56.45339489427,69.01234258474523
El Salvador,2019,97.36,90.75,230.3,1180000.0,19.39,1.84,0.0,4.15,69.28214,7271.5205,3.37,7800.000191,,2.382581398,4167.730939,313,21041.0,13.794185,-88.89653,El Salvador,El Salvador,Upper middle income,Latin America & Caribbean,8.962007234072354,8.335366937299657,161.62276491424035,46.19825330722001,69.47834197942827
Equatorial Guinea,2000,65.55956,19.0,9.24,,45.85,0.08,0.0,0.01,11.111111,4751.2705,1.57,2220.0,,18.21377996,1725.557584,50,28051.0,1.650801,10.267895,Equatorial Guinea,Equatorial Guinea,Upper middle income,Sub-Saharan Africa,7.7057128238944275,7.453884869300201,341.76062125741424,835.1018111660001,55.56039964478248
Equatorial Guinea,2001,65.57119,19.5,8.87,180000.0,46.12,0.05,0.0,0.01,16.666668,2574.472,1.03,3400.0,,63.37987543,2313.165937,50,28051.0,1.650801,10.267895,Equatorial Guinea,Equatorial Guinea,Upper middle income,Sub-Saharan Africa,8.131824785007195,7.74680461520851,357.28262885341644,2923.0798548315997,60.01298174621587
Equatorial Guinea,2002,65.57523,19.4,8.51,170000.0,31.31,0.1,0.0,0.01,9.090909,37471.24,1.25,4630.000114,,19.46283404,2744.191483,50,28051.0,1.650801,10.267895,Equatorial Guinea,Equatorial Guinea,Upper middle income,Sub-Saharan Africa,8.440528131097466,7.917606108523474,247.90024725786995,609.3813337924,62.68848648972823
Equatorial Guinea,2003,65.57404,19.6,8.15,40000.0,29.49,0.11,0.0,0.01,8.333334,38771.44,1.26,5010.000229,,13.95525032,3618.544476,50,28051.0,1.650801,10.267895,Equatorial Guinea,Equatorial Guinea,Upper middle income,Sub-Saharan Africa,8.519390820659185,8.194103461542767,241.64411108089618,411.54033193679993,67.14333153846715
Equatorial Guinea,2004,65.56997,20.1,7.81,,7.2,0.16,0.0,0.01,5.882353,7523.655,3.16,6199.999809,,37.99872686,6152.131238,50,28051.0,1.650801,10.267895,Equatorial Guinea,Equatorial Guinea,Upper middle income,Sub-Saharan Africa,8.732465817548395,8.72471637562078,62.817957904469615,273.590833392,76.1206758350254
Equatorial Guinea,2005,65.56535,20.8,7.47,,7.1,0.19,0.0,0.01,5.0,26154.957,2.7,8319.999695,,16.74870061,10963.40638,50,28051.0,1.650801,10.267895,Equatorial Guinea,Equatorial Guinea,Upper middle income,Sub-Saharan Africa,9.02653768224618,9.30240952167559,66.04710760389669,118.915774331,86.53482290896069
Equatorial Guinea,2006,65.562614,21.3,7.14,464620000.0,6.99,0.25,0.0,0.01,3.846154,30517.992,2.57,9369.999886,,7.704917607,12857.36882,50,28051.0,1.650801,10.267895,Equatorial Guinea,Equatorial Guinea,Upper middle income,Sub-Saharan Africa,9.145375080958633,9.461750148377979,66.13763353716207,53.85737407293,89.5247158703307
Equatorial Guinea,2007,65.56439,21.7,6.82,,8.49,0.31,0.0,0.01,3.125,32212.723,1.9,8539.999962,,15.28211392,15908.41119,50,28051.0,1.650801,10.267895,Equatorial Guinea,Equatorial Guinea,Upper middle income,Sub-Saharan Africa,9.05263337149702,9.674666111847493,82.13791528958522,129.74514718080002,93.5991643757303
Equatorial Guinea,2008,65.57341,22.1,6.51,,7.23,0.41,0.0,0.05,10.869565,30431.822,1.82,9779.999733,,17.79910913,22942.6101,50,28051.0,1.650801,10.267895,Equatorial Guinea,Equatorial Guinea,Upper middle income,Sub-Saharan Africa,9.18819697999267,10.040794749705443,72.59494604037036,128.6875590099,100.81755920571239
Equatorial Guinea,2009,65.59236,22.5,6.21,,9.24,0.46,0.0,0.05,9.803922,30738.887,1.44,9710.000038,,1.343356288,16668.1217,50,28051.0,1.650801,10.267895,Equatorial Guinea,Equatorial Guinea,Upper middle income,Sub-Saharan Africa,9.181014546507443,9.721313286894299,89.82493477090333,12.41261210112,94.50393202194763
Equatorial Guinea,2010,66.157265,22.7,5.93,,5.74,0.55,0.0,0.03,5.172414,28152.885,2.36,9949.999809,,-8.924175889,17288.8426,50,28051.0,1.650801,10.267895,Equatorial Guinea,Equatorial Guinea,Upper middle income,Sub-Saharan Africa,9.20542830842111,9.757874475107847,56.010199487119046,-51.22476960286001,95.21611427196125
Equatorial Guinea,2011,66.1,23.35,5.68,,5.58,0.62,0.0,0.03,4.6153846,28943.424,2.28,9989.999771,,6.52392363,21641.6939,50,28051.0,1.650801,10.267895,Equatorial Guinea,Equatorial Guinea,Upper middle income,Sub-Saharan Africa,9.20943994381239,9.982423212273545,55.70192152448638,36.4034938554,99.64877318893768
Equatorial Guinea,2012,65.73595,24.0,121.8,,4.42,0.67,0.0,0.08,10.666667,26990.076,2.71,9819.999695,,8.312871844,21711.15159,50,28051.0,1.650801,10.267895,Equatorial Guinea,Equatorial Guinea,Upper middle income,Sub-Saharan Africa,9.192278198101873,9.98562736390363,44.13647294845404,36.74289355048,99.71275385074095
Equatorial Guinea,2013,65.82081,23.6,116.68,3420000.0,3.68,0.71,0.0,0.25,26.041668,26720.799,3.48,9180.000305,,-4.133198501,20390.73727,50,28051.0,1.650801,10.267895,Equatorial Guinea,Equatorial Guinea,Upper middle income,Sub-Saharan Africa,9.124891443364481,9.922885061998844,36.51621702815575,-15.21017048368,98.4636479536398
Equatorial Guinea,2014,65.92347,23.9,111.92,,4.2,0.71,0.0,0.38,34.862385,24158.016,3.22,7909.999847,,0.415066302,19394.08066,50,28051.0,1.650801,10.267895,Equatorial Guinea,Equatorial Guinea,Upper middle income,Sub-Saharan Africa,8.976009455681236,9.872774738669236,41.46565390241079,1.7432784684,97.4716810405054
Equatorial Guinea,2015,66.04098,24.0,107.48,20000.0,4.56,0.83,0.0,0.47,36.153847,20745.453,3.27,6570.000172,,-9.110041149,11283.39805,50,28051.0,1.650801,10.267895,Equatorial Guinea,Equatorial Guinea,Upper middle income,Sub-Saharan Africa,8.790421333073487,9.331176347111203,42.55016414282708,-41.54178763944,87.07085202088757
Equatorial Guinea,2016,66.17036,23.9,103.36,,3.95,0.93,0.0,0.47,33.57143,19728.445,4.05,6659.999847,,-8.816417232,9250.316493,50,28051.0,1.650801,10.267895,Equatorial Guinea,Equatorial Guinea,Upper middle income,Sub-Saharan Africa,8.804024879443656,9.132521143947,36.073458518590655,-34.8248480664,83.40294244463904
Equatorial Guinea,2017,66.30864,24.2,99.52,,3.54,0.9,0.0,0.44,32.83582,21365.682,4.7,5800.000191,,-5.667502957,9667.857801,50,28051.0,1.650801,10.267895,Equatorial Guinea,Equatorial Guinea,Upper middle income,Sub-Saharan Africa,8.665785628391422,9.176665463683914,32.48539574144106,-20.06296046778,84.2111890323691
Equatorial Guinea,2018,66.45286,24.1,97.13,,4.91,0.91,0.0,0.44,32.59259,18711.834,3.72,6429.999828,,-6.236550982,10005.61679,50,28051.0,1.650801,10.267895,Equatorial Guinea,Equatorial Guinea,Upper middle income,Sub-Saharan Africa,8.76888529938941,9.21100183216315,45.226018995921066,-30.62146532162,84.84255475211292
Equatorial Guinea,2019,66.600044,24.0,93.76,,6.58,0.95,0.0,0.45,32.142857,17644.693,3.01,5349.999905,,-5.978936905,8419.933336,50,28051.0,1.650801,10.267895,Equatorial Guinea,Equatorial Guinea,Upper middle income,Sub-Saharan Africa,8.585038720557613,9.03847594859918,59.4731717417826,-39.341404834900004,81.69404747340585
Eritrea,2000,29.25451,3.5,0.0,,76.62,0.2,0.0,0.0,0.0,1086.2354,5.2023726,640.0,,-3.141985903,308.1341868,35,117600.0,15.179384,39.782334,Eritrea,Eritrea,Low income,Sub-Saharan Africa,6.46302945692067,5.7337754441221875,439.321874528642,-240.73895988786003,32.87618084361859
Eritrea,2001,30.352562,3.9,0.0,,74.68,0.22,0.0,0.0,0.0,1156.5769,5.0121975,700.0,,8.755435528,316.8239534,35,117600.0,15.179384,39.782334,Eritrea,Eritrea,Low income,Sub-Saharan Africa,6.55250788703459,5.761497623823606,430.26864254714695,653.85592523104,33.19485486932506
Eritrea,2002,32.2,4.4,0.0,,74.67,0.24,0.0,0.0,0.0,1019.1684,4.909889,680.0000072,,3.005429192,293.9556724,35,117600.0,15.179384,39.782334,Eritrea,Eritrea,Low income,Sub-Saharan Africa,6.5235623167222,5.686825081998349,424.63522887281675,224.41539776663998,32.33997951324553
Eritrea,2003,32.52826,4.9,0.0,,74.89,0.26,0.0,0.0,0.0,1172.7673,5.4014144,689.9999976,,-2.655515925,334.5855715,35,117600.0,15.179384,39.782334,Eritrea,Eritrea,Low income,Sub-Saharan Africa,6.538139820294442,5.815876980522217,435.5510270713088,-198.87158762325,33.824425052568216
Eritrea,2004,33.610603,5.4,0.0,,69.91,0.27,0.0,0.0,0.0,1226.452,4.9394093,680.0000072,,1.451735566,407.769077,35,117600.0,15.179384,39.782334,Eritrea,Eritrea,Low income,Sub-Saharan Africa,6.5235623167222,6.013150392682013,420.3793439523995,101.49083341906,36.15797764501184
Eritrea,2005,34.69241,5.8,0.0,,74.65,0.27,0.0,0.0,0.0,1197.5035,4.9345207,600.0000238,,2.574449551,388.5959475,35,117600.0,15.179384,39.782334,Eritrea,Eritrea,Low income,Sub-Saharan Africa,6.3985949741358725,5.965110170020237,445.2954741920107,192.18265898215,35.58253934047886
Eritrea,2006,35.776093,6.4,0.0,,78.34,0.25,0.0,0.0,0.0,809.80237,4.539425,519.9999809,,-0.969217111,415.0360305,35,117600.0,15.179384,39.782334,Eritrea,Eritrea,Low income,Sub-Saharan Africa,6.255750005093097,6.030771868289526,472.4506681618015,-75.92846847574,36.37020932735234
Eritrea,2007,36.864292,6.8,0.28,510000.0,79.8,0.27,0.0,0.0,0.0,818.4819,4.6222405,509.9999905,,1.426822211,439.8321034,35,117600.0,15.179384,39.782334,Eritrea,Eritrea,Low income,Sub-Saharan Africa,6.236369571612706,6.088664085041549,485.8753939863156,113.8604124378,37.07183034047485
Eritrea,2008,37.959724,7.4,0.27,70000.0,81.72,0.27,0.0,0.0,0.0,569.351,4.8200603,449.9999881,,-9.783030018,450.6323989,35,117600.0,15.179384,39.782334,Eritrea,Eritrea,Low income,Sub-Saharan Africa,6.111467313116869,6.112868572173352,499.5436197180063,-799.46921307096,37.36716218066468
Eritrea,2009,39.065098,7.7,0.26,30000.0,81.63,0.28,0.0,0.0,0.0,670.50433,4.9659696,469.9999988,,3.876501528,595.1099872,35,117600.0,15.179384,39.782334,Eritrea,Eritrea,Low income,Sub-Saharan Africa,6.154858091468647,6.390425192321397,521.6504084491955,316.43881973064,40.83753413865596
Eritrea,2010,40.18312,8.0,0.26,50000.0,81.07,0.29,0.0,0.0,0.0,654.88983,4.987259,500.0,,2.194190349,501.355317,35,117600.0,15.179384,39.782334,Eritrea,Eritrea,Low income,Sub-Saharan Africa,6.2166061010848646,6.219307672106317,504.19927297765906,177.88301159342998,38.67978792032049
Eritrea,2011,41.3165,8.3,0.26,250000.0,79.71,0.3,0.0,0.0,0.0,655.3532,4.705405,569.9999928,,8.679800101,642.5082588,35,117600.0,15.179384,39.782334,Eritrea,Eritrea,Low income,Sub-Saharan Africa,6.347389197046553,6.4669348611418584,515.4793777816175,691.86686605071,41.82124649825187
Estonia,2000,100.0,100.0,,,19.83,8.5,0.0,0.01,0.11750881,39722.04,7.95,14920.0,0.10166839,10.08763444,4070.609024,31,45228.0,58.595272,25.013607,Estonia,Estonia,High income,Europe & Central Asia,9.610524895640422,8.311793537903462,164.82286585662564,200.0377909452,69.08591181673376
Estonia,2001,100.0,100.0,,,18.93,8.47,0.0,0.02,0.23557127,41673.484,7.83,15380.0,0.09630356,6.003674251,4505.858332,31,45228.0,58.595272,25.013607,Estonia,Estonia,High income,Europe & Central Asia,9.64088826045181,8.413355589314442,159.2648213057224,113.64955357142999,70.78455227224856
Estonia,2002,100.0,100.0,,,19.41,8.5,0.0,0.03,0.3516999,41766.36,7.01,14949.99981,0.18708262,6.77136793,5341.628947,31,45228.0,58.595272,25.013607,Estonia,Estonia,High income,Europe & Central Asia,9.612533453505748,8.583473122980648,166.60521331705436,131.4322515213,73.67601085293116
Estonia,2003,100.0,100.0,,,19.82,10.11,0.0,0.05,0.492126,45834.83,7.21,16940.00053,0.22028498,7.600265185,7203.523038,31,45228.0,58.595272,25.013607,Estonia,Estonia,High income,Europe & Central Asia,9.737492029625994,8.88246430749152,176.05044257448193,150.6372559667,78.89817217386083
Estonia,2004,100.0,100.0,,,19.97,10.25,0.0,0.06,0.58195925,47047.777,6.88,17020.00046,0.28742737,6.804007771,8914.103557,31,45228.0,58.595272,25.013607,Estonia,Estonia,High income,Europe & Central Asia,9.742203181833412,9.095502146270157,181.637177861015,135.87603518686998,82.72815929280503
Estonia,2005,100.0,100.0,,,18.85,10.09,0.0,0.11,1.0784314,47588.28,6.18,17229.99954,0.5005239,9.526426972,10412.64431,31,45228.0,58.595272,25.013607,Estonia,Estonia,High income,Europe & Central Asia,9.754465339447028,9.250872178155873,174.3789405582382,179.5731484222,85.57863605657839
Estonia,2006,100.0,100.0,,,17.18,9.6,0.0,0.13,1.3360741,47286.48,5.49,15979.99954,0.59395134,9.76558337,12639.40007,31,45228.0,58.595272,25.013607,Estonia,Estonia,High income,Europe & Central Asia,9.679155766800926,9.444653318307557,162.25914400852383,167.7727222966,89.20147630301794
Estonia,2007,100.0,100.0,,,18.56,12.04,0.0,0.14,1.1494253,55017.598,5.71,19979.99954,0.5890301,7.57914052,16744.58445,31,45228.0,58.595272,25.013607,Estonia,Estonia,High income,Europe & Central Asia,9.90253707797826,9.725889887575317,180.51251631339787,140.6688480512,94.5929341052398
Estonia,2008,100.0,100.0,,,20.29,10.38,0.0,0.2,1.8903592,50750.434,5.81,18399.99962,0.8455263,-5.132000958,18204.96648,31,45228.0,58.595272,25.013607,Estonia,Estonia,High income,Europe & Central Asia,9.820160269295323,9.80950464791227,199.03484930613996,-104.12829943781999,96.22638143741243
Estonia,2009,100.0,100.0,,,24.13,8.24,0.0,0.54,6.1503425,43997.6,6.02,15050.00019,2.7872162,-14.62905503,14711.73527,31,45228.0,58.595272,25.013607,Estonia,Estonia,High income,Europe & Central Asia,9.619199725776108,9.596468742604651,231.56279075905022,-352.9990978739,92.0922123277881
Estonia,2010,100.0,100.0,,,25.35,11.92,0.0,1.05,8.095605,54935.6,6.77,19000.0,4.3919716,2.444265118,14663.04461,31,45228.0,58.595272,25.013607,Estonia,Estonia,High income,Europe & Central Asia,9.852246888342531,9.59315383165894,243.18644963255414,61.962120741300005,92.0286004378726
Estonia,2011,100.0,100.0,,,24.98,11.71,0.0,1.18,9.154383,54965.695,6.3,18170.00008,4.9312315,7.263084581,17464.92008,31,45228.0,58.595272,25.013607,Estonia,Estonia,High income,Europe & Central Asia,9.807582200051677,9.768006837216044,244.0048107936568,181.43185283338002,95.41395757189937
Estonia,2012,100.0,100.0,,,24.88,10.49,0.0,1.47,12.29097,55555.875,6.0,16889.99939,6.1257634,3.228200494,17404.2008,31,45228.0,58.595272,25.013607,Estonia,Estonia,High income,Europe & Central Asia,9.734536178566438,9.76452433709367,242.9413655068905,80.31762829072,95.34593552969457
Estonia,2013,100.0,100.0,,,24.43,12.05,0.0,1.23,9.262049,58773.523,6.54,19319.99969,4.7120137,1.458428636,19050.58592,31,45228.0,58.595272,25.013607,Estonia,Estonia,High income,Europe & Central Asia,9.868947850216665,9.854905627483426,240.75534447942007,35.62941157748,97.1191649266045
Estonia,2014,100.0,100.0,,,25.3,11.06,0.0,1.39,11.164659,56413.82,6.02,17940.00053,5.5141263,3.011366587,20234.11742,31,45228.0,58.595272,25.013607,Estonia,Estonia,High income,Europe & Central Asia,9.794843904960658,9.915174860110032,250.85392396078382,76.18757465110001,98.31069250655798
Estonia,2015,100.0,100.0,,,28.16,8.59,0.0,1.56,15.369459,52196.047,5.59,15539.99996,6.578982,1.853020046,17395.04062,31,45228.0,58.595272,25.013607,Estonia,Estonia,High income,Europe & Central Asia,9.651236969341776,9.763997908734348,274.9541811099592,52.18104449536,95.33565516176873
Estonia,2016,100.0,100.0,,,27.24,10.58,0.0,1.59,13.064914,53774.246,5.94,15989.99977,6.427242,3.155564814,18282.92339,31,45228.0,58.595272,25.013607,Estonia,Estonia,High income,Europe & Central Asia,9.679781328576352,9.81377744944067,267.32729772276383,85.95758553335999,96.31022782715021
Estonia,2017,100.0,100.0,,,27.53,11.3,0.0,1.86,14.1337385,59568.55,5.36,16709.99908,6.830332,5.792044675,20387.28315,31,45228.0,58.595272,25.013607,Estonia,Estonia,High income,Europe & Central Asia,9.723822409149824,9.922715659434909,273.17236210424306,159.45498990275,98.46028605799475
Estonia,2018,100.0,100.0,,,28.59,10.38,0.0,1.99,16.087309,58899.945,5.54,15319.99969,7.507283,4.133819798,23052.30126,31,45228.0,58.595272,25.013607,Estonia,Estonia,High income,Europe & Central Asia,9.636979695082088,10.045564259861521,287.2026821894409,118.18590802482001,100.91336129900715
Estonia,2019,100.0,100.0,,,31.29,5.47,0.0,2.14,28.120895,47295.336,4.49,10180.00031,9.91299,4.096342644,23397.12001,31,45228.0,58.595272,25.013607,Estonia,Estonia,High income,Europe & Central Asia,9.228278547556071,10.060410956665255,314.7902588340558,128.17456133075999,101.2118686169903
Eswatini,2000,20.195763,24.3,103.24,,59.39,0.06,0.0,0.55,90.16393,6083.903,6.23,690.0,,1.76017376,1728.710498,67,17364.0,-26.522503,31.465866,Eswatini,Eswatini,Lower middle income,Sub-Saharan Africa,6.53813982376767,7.4557093312920255,442.7945771854334,104.5367196064,55.587601632714986
Eswatini,2001,26.9,25.4,102.41,,61.24,0.06,0.0,0.57,90.47619,6071.866,5.98,610.0,,1.054764906,1521.769075,67,17364.0,-26.522503,31.465866,Eswatini,Eswatini,Lower middle income,Sub-Saharan Africa,6.415096959171596,7.3282857163168424,448.78421726724343,64.59380284344,53.70377153997346
Eswatini,2002,25.80867,26.4,101.86,,63.65,0.06,0.0,0.59,90.769226,6199.8135,5.89,620.0000048,,4.380099088,1405.448706,67,17364.0,-26.522503,31.465866,Eswatini,Eswatini,Lower middle income,Sub-Saharan Africa,6.431331089662947,7.248823158014981,461.38759400765355,278.79330695119995,52.54543717617429
Eswatini,2003,28.606096,27.8,101.5,9820000.0,65.59,0.06,0.0,0.5,89.28571,5659.059,5.66,629.9999952,,3.880213586,2148.632475,67,17364.0,-26.522503,31.465866,Eswatini,Eswatini,Lower middle income,Sub-Saharan Africa,6.44730585493424,7.673052164649018,503.2754914793291,254.50320910574,58.87572952142499
Eswatini,2004,31.400637,29.3,101.19,,65.64,0.06,0.0,0.47,88.67925,5462.625,5.45,629.9999952,,3.623914226,2699.130742,67,17364.0,-26.522503,31.465866,Eswatini,Eswatini,Lower middle income,Sub-Saharan Africa,6.44730585493424,7.901055473783029,518.625281299118,237.87372979464,62.42667759979677
Eswatini,2005,34.19464,30.1,100.83,,66.56,0.06,0.0,0.54,90.0,5620.2163,5.32,660.0000262,,5.99877655,3083.838141,67,17364.0,-26.522503,31.465866,Eswatini,Eswatini,Lower middle income,Sub-Saharan Africa,6.493753879488599,8.03425446851251,534.7599774241927,399.278567168,64.54924486481323
Eswatini,2006,35.2,31.8,100.33,,71.42,0.06,0.0,0.54,90.0,5687.314,5.76,649.9999762,,5.992166838,3176.691168,67,17364.0,-26.522503,31.465866,Eswatini,Eswatini,Lower middle income,Sub-Saharan Africa,6.478509605649429,8.06391016427513,575.9244639325299,427.96055556996004,65.02664713749976
Eswatini,2007,39.790913,33.7,99.76,,71.35,0.06,0.0,0.57,90.47619,5892.16,5.64,660.0000262,,4.435375577,3327.445134,67,17364.0,-26.522503,31.465866,Eswatini,Eswatini,Lower middle income,Sub-Saharan Africa,6.493753879488599,8.110260547203534,578.6670900429722,316.46404741895,65.77632614352618
Eswatini,2008,42.59854,35.3,117.95,,72.68,0.06,0.0,0.54,90.0,5664.233,5.61,629.9999952,,0.821663914,3137.387266,67,17364.0,-26.522503,31.465866,Eswatini,Eswatini,Lower middle income,Sub-Saharan Africa,6.44730585493424,8.051464337405593,585.1804280426385,59.71853326952001,64.82607797651407
Eswatini,2009,38.6,37.1,117.14,,70.83,0.06,0.0,0.57,90.47619,5503.006,5.52,699.9999881,,1.565048852,3385.858846,67,17364.0,-26.522503,31.465866,Eswatini,Eswatini,Lower middle income,Sub-Saharan Africa,6.552507870058841,8.12765817672052,575.6820286571144,110.85241018716,66.05882743761192
Eswatini,2010,45.552338,39.1,116.65,,72.39,0.06,0.0,0.58,90.625,5146.958,5.22,649.9999762,,3.793754968,4168.489403,67,17364.0,-26.522503,31.465866,Eswatini,Eswatini,Lower middle income,Sub-Saharan Africa,6.478509605649429,8.335548861972065,603.4103821181577,274.62992213352,69.48137483032379
Eswatini,2011,51.148006,41.0,173.35,,72.52,0.03,0.0,0.68,95.77465,5236.0625,5.18,660.0000262,,2.247229761,4496.613361,67,17364.0,-26.522503,31.465866,Eswatini,Eswatini,Lower middle income,Sub-Saharan Africa,6.493753879488599,8.411302170843337,609.9876334295587,162.96910226772,70.75000420923384
Eswatini,2012,54.366226,42.7,172.21,,71.41,0.04,0.0,0.7,94.5946,5162.853,5.08,680.0000072,,5.396630697,4527.565039,67,17364.0,-26.522503,31.465866,Eswatini,Eswatini,Lower middle income,Sub-Saharan Africa,6.5235623167222,8.41816039986269,601.1408341541947,385.37339807277,70.86542451781638
Eswatini,2013,57.562515,44.2,171.03,,69.7,0.04,0.0,0.77,95.06173,5053.2617,5.39,750.0,,3.861213798,4230.171266,67,17364.0,-26.522503,31.465866,Eswatini,Eswatini,Lower middle income,Sub-Saharan Africa,6.621405651764134,8.350234128747429,582.0113187736958,269.12660172060004,69.72641000489834
Eswatini,2014,65.0,46.3,154.25,,71.67,0.04,0.0,0.61,93.84616,5096.1387,4.74,750.0,,0.923230547,4039.159341,67,17364.0,-26.522503,31.465866,Eswatini,Eswatini,Lower middle income,Sub-Saharan Africa,6.621405651764134,8.30403941101901,595.1505045877325,66.16793330349,68.95707053975696
Eswatini,2015,64.01241,47.6,153.01,1040000.0,71.68,0.04,0.0,0.51,92.72727,5016.5044,4.99,769.9999809,,2.227480675,3680.349473,67,17364.0,-26.522503,31.465866,Eswatini,Eswatini,Lower middle income,Sub-Saharan Africa,6.647688348790307,8.211034668562835,588.5669650425841,159.665814784,67.42109032834078
Eswatini,2016,63.43,49.2,151.73,,69.61,0.04,0.0,0.52,92.85714,5267.826,5.28,839.9999738,,1.062610193,3425.531957,67,17364.0,-26.522503,31.465866,Eswatini,Eswatini,Lower middle income,Sub-Saharan Africa,6.734591628819559,8.139303937408771,566.5769470830245,73.96829553473,66.24826858551792
Eswatini,2017,73.5,50.6,150.27,,65.54,0.04,0.0,0.63,94.02985,5553.8486,4.44,889.9999857,,2.026578156,3914.418484,67,17364.0,-26.522503,31.465866,Eswatini,Eswatini,Lower middle income,Sub-Saharan Africa,6.792344411421427,8.27267749517719,542.1912830339131,132.82193234424,68.43719293921114
Eswatini,2018,73.91578,52.4,148.76,,66.07,0.04,0.0,0.71,94.666664,5823.5767,4.5,910.0000262,,2.371610521,4105.893683,67,17364.0,-26.522503,31.465866,Eswatini,Eswatini,Lower middle income,Sub-Saharan Africa,6.814542926019563,8.320422226842819,549.730296527505,156.69230712247,69.22942603294001
Eswatini,2019,76.86944,53.8,147.22,,65.95,0.04,0.0,0.67,94.3662,5780.252,4.67,959.9999785,,2.61303529,3915.643467,67,17364.0,-26.522503,31.465866,Eswatini,Eswatini,Lower middle income,Sub-Saharan Africa,6.867974386597764,8.272990307567504,545.603710784077,172.3296773755,68.44236862910586
Ethiopia,2000,12.7,0.9,6.12,1500000.0,95.55,0.06,0.0,1.64,96.47059,287.99124,21.38,3560.0,,6.07321748,124.4607909,115,1104300.0,9.145,40.489673,Ethiopia,Ethiopia,Low income,Sub-Saharan Africa,8.177796683277778,4.831993286650002,461.6969585394077,580.295930214,23.34815912223069
Ethiopia,2001,10.162491,0.9,7.01,790000.0,94.6,0.06,0.0,1.98,97.05882,304.5467,20.52,4400.0,,8.301306321,120.7657837,115,1104300.0,9.145,40.489673,Ethiopia,Ethiopia,Low income,Sub-Saharan Africa,8.38958706681109,4.802099393806535,454.27860265409817,785.3035779666,23.06015858799709
Ethiopia,2002,11.854834,1.0,6.81,205460000.0,94.53,0.06,0.0,2.01,97.101456,303.84665,20.82,4570.000172,,1.514725706,111.9272251,115,1104300.0,9.145,40.489673,Ethiopia,Ethiopia,Low income,Sub-Saharan Africa,8.42748731596027,4.726743585575012,446.81907114440594,143.18702098818,22.342104923774524
Ethiopia,2003,13.541941,1.0,7.09,7790000.0,94.23,0.06,0.0,2.27,97.4249,319.22073,21.97,5019.999981,,-2.161359722,119.490396,115,1104300.0,9.145,40.489673,Ethiopia,Ethiopia,Low income,Sub-Saharan Africa,8.5213843922506,4.791570048509583,451.509645671058,-203.66492660405999,22.959143529774128
Ethiopia,2004,15.226162,1.1,9.72,640000.0,94.13,0.06,0.0,2.51,97.665375,331.65744,19.93,5329.999924,,13.57260314,136.46625,115,1104300.0,9.145,40.489673,Ethiopia,Ethiopia,Low income,Sub-Saharan Africa,8.581294102566524,4.9233784324322745,463.43761184485,1277.5891335682,24.23965518893928
Ethiopia,2005,14.0,1.1,9.45,364870000.0,94.73,0.06,0.0,2.82,97.916664,370.1885,18.24,5050.000191,,11.81876595,162.4327286,115,1104300.0,9.145,40.489673,Ethiopia,Ethiopia,Low income,Sub-Saharan Africa,8.527341560282347,5.096401459798671,482.78211028672814,1119.5916984435,25.97330783943803
Ethiopia,2006,18.595404,1.3,9.19,420000.0,94.54,0.06,0.0,3.24,98.181816,394.91357,16.97,5400.000095,,10.83472707,194.6874329,115,1104300.0,9.145,40.489673,Ethiopia,Ethiopia,Low income,Sub-Saharan Africa,8.594339418182226,5.276518656192922,498.84207375647884,1024.3150971978,27.841649129151953
Ethiopia,2007,20.28548,1.4,8.94,204140000.0,94.16,0.17,0.0,3.37,95.19774,424.85315,15.73,5960.000038,,11.456167,244.2860523,115,1104300.0,9.145,40.489673,Ethiopia,Ethiopia,Low income,Sub-Saharan Africa,8.692993537594695,5.502425089884311,518.1083464635067,1078.71268472,30.27668186978837
Ethiopia,2008,21.98279,1.6,8.7,320000.0,94.09,0.44,0.0,3.31,88.26667,432.32028,14.65,6489.999771,,10.78852169,326.4368228,115,1104300.0,9.145,40.489673,Ethiopia,Ethiopia,Low income,Sub-Saharan Africa,8.77817184575385,5.791295128985349,544.9029586862315,1015.0920058121,33.539099271009434
Ethiopia,2009,23.690039,1.9,16.91,4284370000.0,94.18,0.42,0.0,3.55,89.420654,434.64044,13.85,6530.00021,,8.802553198,380.5690032,115,1104300.0,9.145,40.489673,Ethiopia,Ethiopia,Low income,Sub-Saharan Africa,8.784315382056997,5.944291707763387,559.8333930371558,829.0244601876401,35.33460390698457
Ethiopia,2010,25.409937,2.1,21.7,92370000.0,94.11,0.08,0.0,4.91,98.3968,468.26212,12.65,6469.99979,,12.55053835,341.5541227,115,1104300.0,9.145,40.489673,Ethiopia,Ethiopia,Low income,Sub-Saharan Africa,8.775085902604784,5.836429667699795,549.2663960272276,1181.1311641185,34.063911266006336
Ethiopia,2011,23.0,2.5,23.08,109570000.0,93.56,0.07,0.0,6.25,98.8924,514.24506,11.8,7539.999962,,11.17829623,354.4795719,115,1104300.0,9.145,40.489673,Ethiopia,Ethiopia,Low income,Sub-Saharan Africa,8.928110073163527,5.873467784582388,549.5216459255282,1045.8413952788,34.497623816527145
Ethiopia,2012,28.89852,2.9,22.44,54000000.0,93.3,0.04,0.0,7.51,99.4702,557.1035,11.19,8479.999542,,8.647811633,467.0778718,115,1104300.0,9.145,40.489673,Ethiopia,Ethiopia,Low income,Sub-Saharan Africa,9.045583592358632,6.148634674810954,573.667615159862,806.8408253589,37.80570836428761
Ethiopia,2013,30.671673,3.2,23.32,292840000.0,92.49,0.03,0.0,8.64,99.653984,632.63324,10.51,10079.99992,,10.58227005,499.5315302,115,1104300.0,9.145,40.489673,Ethiopia,Ethiopia,Low income,Sub-Saharan Africa,9.218407735118221,6.21567059417362,574.8873732551181,978.7541569245,38.63456093527464
Ethiopia,2014,27.2,3.7,22.73,655350000.0,91.25,0.02,0.0,9.45,99.7888,697.6292,9.94,12340.00015,,10.25749296,566.9264029,115,1104300.0,9.145,40.489673,Ethiopia,Ethiopia,Low income,Sub-Saharan Africa,9.42068234360779,6.3419918379667735,578.7067552144681,935.9962326,40.220860472837174
Ethiopia,2015,29.0,4.3,25.97,300680000.0,91.56,0.02,0.0,10.37,99.8075,715.42474,9.21,12890.00034,,10.39246302,640.5419231,115,1104300.0,9.145,40.489673,Ethiopia,Ethiopia,Low income,Sub-Saharan Africa,9.464284698818094,6.463874533596123,591.8323522960611,951.5339141111999,41.781673986072505
Ethiopia,2016,42.9,4.9,25.57,54100000.0,90.49,0.01,0.0,12.46,99.91981,807.2398,8.72,14970.00027,,9.433482658,717.1248698,115,1104300.0,9.145,40.489673,Ethiopia,Ethiopia,Low income,Sub-Saharan Africa,9.613870293484704,6.5766434672975205,595.1204673557526,853.6358457224201,43.25223929594715
Ethiopia,2017,44.3,5.45,41.03,361270000.0,90.22,0.01,0.0,13.12,99.923836,794.97723,8.2,15819.99969,,9.564189643,768.5230154,115,1104300.0,9.145,40.489673,Ethiopia,Ethiopia,Low income,Sub-Saharan Africa,9.669093430854854,6.645770862383309,599.5814472042222,862.88118959146,44.166270355303
Ethiopia,2018,44.9406,6.2,40.75,33800000.0,89.42,0.01,0.0,13.78,99.92748,823.5834,7.88,17239.99977,,6.816147797,771.5248663,115,1104300.0,9.145,40.489673,Ethiopia,Ethiopia,Low income,Sub-Saharan Africa,9.755045533835558,6.649664197638947,594.6129725528746,609.4999360077401,44.21803394136121
Ethiopia,2019,48.06359,7.0,39.71,56700000.0,88.92,0.01,0.0,14.22,99.929726,921.99115,7.53,18360.00061,,8.364085699,855.7608852,115,1104300.0,9.145,40.489673,Ethiopia,Ethiopia,Low income,Sub-Saharan Africa,9.817984162144779,6.753158865897235,600.4908863555821,743.7345003550801,45.605154668046424
Fiji,2000,75.72492,28.2,133.85,,50.06,0.18,0.0,0.44,70.96774,9308.956,2.75,810.0,,-1.699998416,2069.317455,49,18274.0,-17.713371,178.065032,Fiji,Fiji,Upper middle income,East Asia & Pacific,6.698268054115413,7.6354572344043685,382.2309891542827,-85.10192070496,58.300207178418006
Fiji,2001,77.00068,28.15,133.42,,40.44,0.17,0.0,0.5,74.62686,9574.995,2.97,1040.0,,2.000000147,2030.246351,49,18274.0,-17.713371,178.065032,Fiji,Fiji,Upper middle income,East Asia & Pacific,6.947937068614969,7.616404849645665,308.0074121196707,80.88000594468001,58.009622833706004
Fiji,2002,79.63,28.2,133.24,,48.98,0.21,0.0,0.5,70.42254,8027.728,2.69,879.9999952,,3.199999114,2248.714191,49,18274.0,-17.713371,178.065032,Fiji,Fiji,Upper middle income,East Asia & Pacific,6.781057620487825,7.71855846090773,378.0549934152606,156.73595660371998,59.5761447144503
Fiji,2003,80.0,28.3,133.15,,40.83,0.31,0.0,0.41,56.944443,8717.398,2.79,1049.999952,,0.999999345,2818.91392,49,18274.0,-17.713371,178.065032,Fiji,Fiji,Upper middle income,East Asia & Pacific,6.95749732520616,7.944461638643572,324.37236870581705,40.829973256349994,63.114470727879315
Fiji,2004,80.79184,28.5,140.77,310000.0,35.72,0.31,0.0,0.44,58.666668,11433.929,3.27,1470.000029,,5.299999705,3311.159895,49,18274.0,-17.713371,178.065032,Fiji,Fiji,Upper middle income,East Asia & Pacific,7.293697740315917,8.105355791815676,289.52330888365594,189.31598946260002,65.69679251191992
Fiji,2005,82.05135,28.7,140.22,260000.0,40.02,0.37,0.0,0.42,53.164555,9695.102,2.72,1289.999962,,0.700000402,3627.632856,49,18274.0,-17.713371,178.065032,Fiji,Fiji,Upper middle income,East Asia & Pacific,7.163172361412095,8.196611232626921,328.0283815297294,28.01401608804,67.18443569882582
Fiji,2006,83.31274,29.2,153.81,,39.07,0.39,0.0,0.45,53.57143,10524.99,2.91,1379.999995,,1.852483872,3715.932657,49,18274.0,-17.713371,178.065032,Fiji,Fiji,Upper middle income,East Asia & Pacific,7.230563149788727,8.220654052565196,321.18095383372224,72.37654487904,67.57915305195658
Fiji,2007,88.9,29.6,164.45,50000.0,36.04,0.27,0.0,0.6,68.96552,10062.741,2.7,1259.99999,,-0.85065431,4040.152119,49,18274.0,-17.713371,178.065032,Fiji,Fiji,Upper middle income,East Asia & Pacific,7.139660328034705,8.304285108269985,299.2864353020503,-30.6575813324,68.96115115943464
Fiji,2008,86.16,30.2,173.35,,40.89,0.26,0.0,0.62,70.454544,7890.7285,2.15,970.0000286,,1.03279422,4167.694935,49,18274.0,-17.713371,178.065032,Fiji,Fiji,Upper middle income,East Asia & Pacific,6.878326497745495,8.335358300581191,340.83280091076495,42.2309556558,69.47819799906776
Fiji,2009,87.134865,31.0,171.69,96070000.0,40.09,0.28,0.0,0.58,67.44186,6803.4795,1.93,970.0000286,,-1.386037708,3362.820495,49,18274.0,-17.713371,178.065032,Fiji,Fiji,Upper middle income,East Asia & Pacific,6.878326497745495,8.120832659086473,325.5641813027767,-55.56625171372,65.94792307688547
Fiji,2010,89.24858,31.9,170.56,,26.49,0.35,0.0,0.55,61.111115,9167.494,2.29,1159.999967,,2.954672422,3652.535933,49,18274.0,-17.713371,178.065032,Fiji,Fiji,Upper middle income,East Asia & Pacific,7.057036953274118,8.203450726409402,217.30940974258505,78.26927245878,67.29660382062694
Fiji,2011,90.146126,33.2,169.88,10000.0,31.15,0.3,0.0,0.56,65.11628,7085.0757,2.23,1110.000014,,2.705143029,4371.447385,49,18274.0,-17.713371,178.065032,Fiji,Fiji,Upper middle income,East Asia & Pacific,7.01301580224089,8.383078173658552,261.13288510946387,84.26520535334998,70.2759996656704
Fiji,2012,91.07083,34.5,221.18,110000.0,31.73,0.24,0.0,0.62,72.093025,7121.2935,2.11,1029.999971,,1.411314382,4591.577015,49,18274.0,-17.713371,178.065032,Fiji,Fiji,Upper middle income,East Asia & Pacific,6.938284455888929,8.43219658668193,267.5535976954177,44.78100534086,71.10193927645041
Fiji,2013,91.75,36.6,220.53,4710000.0,32.81,0.27,0.0,0.61,69.318184,7502.866,2.19,1129.999995,,4.73421949,4840.72727,49,18274.0,-17.713371,178.065032,Fiji,Fiji,Upper middle income,East Asia & Pacific,7.030857471695254,8.485026810013252,278.39372963653483,155.3297414669,71.99567996664366
Fiji,2014,93.786606,38.1,220.93,6670000.0,33.17,0.38,0.0,0.53,58.241753,7886.4253,2.33,1289.999962,,5.603514887,5605.609148,49,18274.0,-17.713371,178.065032,Fiji,Fiji,Upper middle income,East Asia & Pacific,7.163172361412095,8.631701385828798,286.3135349679412,185.86858880179003,74.50626881411878
Fiji,2015,95.16824,40.3,222.02,1700000.0,32.74,0.43,0.0,0.53,55.208332,8231.743,2.3,1379.999995,,4.501199392,5390.714207,49,18274.0,-17.713371,178.065032,Fiji,Fiji,Upper middle income,East Asia & Pacific,7.230563149788727,8.592618648034607,281.32233453665305,147.36926809408,73.83309523055208
Fiji,2016,96.561745,42.4,223.35,180000.0,27.68,0.36,0.0,0.6,62.500004,8094.5083,2.01,1519.999981,,2.445652008,5651.272721,49,18274.0,-17.713371,178.065032,Fiji,Fiji,Upper middle income,East Asia & Pacific,7.327123279767511,8.639812994763464,239.15002369505268,67.69564758144,74.64636858448361
Fiji,2017,96.0,44.6,238.59,50000.0,28.55,0.41,0.0,0.64,60.952385,8787.309,2.15,1649.999976,,5.353364937,6101.02389,49,18274.0,-17.713371,178.065032,Fiji,Fiji,Upper middle income,East Asia & Pacific,7.409136429383484,8.716375780378751,248.85252852981336,152.83856895135,75.97520674477329
Fiji,2018,99.372505,46.7,239.61,5620000.0,25.8,0.38,0.0,0.71,65.13761,9316.589,2.12,1629.999995,,3.81235097,6317.41372,49,18274.0,-17.713371,178.065032,Fiji,Fiji,Upper middle income,East Asia & Pacific,7.39694859955541,8.751223461965834,225.78156531871852,98.358655026,76.58391208126127
Fiji,2019,99.71588,49.4,237.93,110000.0,26.48,0.42,0.0,0.71,62.83186,9417.632,2.15,1629.999995,,-0.445563044,6175.890653,49,18274.0,-17.713371,178.065032,Fiji,Fiji,Upper middle income,East Asia & Pacific,7.39694859955541,8.728570293256551,231.13254136543347,-11.79850940512,76.18793936432075
Finland,2000,100.0,100.0,,,31.68,23.93,22.48,23.38,65.71142,69377.0,6.57,55100.0,19.702833,5.773362458,24285.46682,18,338145.0,61.92411,25.748151,Finland,Finland,High income,Europe & Central Asia,10.916923143796645,10.09767455320289,319.89432984546755,182.90012266944,101.96303138240117
Finland,2001,100.0,100.0,,,29.25,29.98,22.77,21.54,59.644634,70719.58,6.57,61090.0,17.716715,2.610019124,24946.18919,18,338145.0,61.92411,25.748151,Finland,Finland,High income,Europe & Central Asia,11.020119834801047,10.124516437117876,296.1421057856979,76.343059377,102.50583308547004
Finland,2002,100.0,100.0,,,29.52,32.6,22.3,19.83,56.376286,70908.92,6.79,63439.99863,16.264904,1.707148962,26869.6749,18,338145.0,61.92411,25.748151,Finland,Finland,High income,Europe & Central Asia,11.057865597515226,10.198790818525218,301.06830496286443,50.395037358239996,104.01533416003429
Finland,2003,100.0,100.0,,,28.35,42.29,22.73,19.06,49.702663,75758.37,7.02,71709.99908,14.593681,2.003784203,32855.13263,18,338145.0,61.92411,25.748151,Finland,Finland,High income,Europe & Central Asia,11.180399419006594,10.39989369233387,294.83698617766527,56.807282155050004,108.15778881184583
Finland,2004,100.0,100.0,,,31.1,37.25,22.72,25.63,56.483646,75218.67,6.83,67680.00031,19.509205,3.99209129,37702.84538,18,338145.0,61.92411,25.748151,Finland,Finland,High income,Europe & Central Asia,11.122560774164972,10.537517367704005,327.7167901355946,124.154039119,111.03927227466355
Finland,2005,100.0,100.0,,,31.52,23.6,23.27,23.46,66.44391,68155.33,6.13,55459.99908,19.46372,2.779850556,39040.28888,18,338145.0,61.92411,25.748151,Finland,Finland,High income,Europe & Central Asia,10.923435333432321,10.57237505432633,333.2412617123659,87.62088952511999,111.77511428934166
Finland,2006,100.0,100.0,,,31.25,36.68,22.91,22.46,55.29555,72824.555,6.41,67019.99664,17.534887,4.027409658,41188.0937,18,338145.0,61.92411,25.748151,Finland,Finland,High income,Europe & Central Asia,11.112761231965573,10.62592878427473,332.06027450858534,125.8565518125,112.91036252847826
Finland,2007,100.0,100.0,,,31.8,33.18,23.42,24.32,58.99654,72265.94,6.0,65099.99847,18.869097,5.299336507,48414.84509,18,338145.0,61.92411,25.748151,Finland,Finland,High income,Europe & Central Asia,11.083695165559842,10.787582417020836,343.0451208612626,168.51890092259998,116.37193440401711
Finland,2008,100.0,100.0,,,34.61,26.25,22.96,27.77,65.90023,69352.664,5.71,56659.99985,22.427767,0.783995061,53554.03892,18,338145.0,61.92411,25.748151,Finland,Finland,High income,Europe & Central Asia,10.944841419716631,10.888465168927997,376.849779496598,27.134069061210003,118.55867373495819
Finland,2009,100.0,100.0,,,32.46,26.55,23.53,21.7,63.011982,63925.77,5.86,54180.00031,19.18046,-8.074447432,47293.99283,18,338145.0,61.92411,25.748151,Finland,Finland,High income,Europe & Central Asia,10.900085578185521,10.764159709045611,349.4046241556205,-262.09656364272,115.86713424184089
Finland,2010,100.0,100.0,,,33.43,33.36,22.8,24.18,58.47648,69228.28,6.22,62529.99878,19.647142,3.185958654,46459.97325,18,338145.0,61.92411,25.748151,Finland,Finland,High income,Europe & Central Asia,11.043417693246829,10.746367954232413,359.2510807099896,106.50659780321999,115.48442420775335
Finland,2011,100.0,100.0,,,35.14,25.84,23.19,24.18,64.70428,64942.777,5.83,55119.99893,20.955502,2.547664838,51081.99767,18,338145.0,61.92411,25.748151,Finland,Finland,High income,Europe & Central Asia,10.917286028346256,10.841206994211532,380.96001377659326,89.52494240732001,117.53176909134105
Finland,2012,100.0,100.0,,,38.72,18.54,22.99,28.56,73.5483,62886.45,5.71,49409.99985,24.975452,-1.397545728,47710.79022,18,338145.0,61.92411,25.748151,Finland,Finland,High income,Europe & Central Asia,10.807928347417285,10.772933820757348,417.1279975397245,-54.11297058816,116.05610310641752
Finland,2013,100.0,100.0,,,38.52,21.74,23.61,25.63,69.37165,62843.996,5.67,50189.99863,22.647865,-0.901696316,49878.04324,18,338145.0,61.92411,25.748151,Finland,Finland,High income,Europe & Central Asia,10.82359097944247,10.817356218375046,416.6845615318068,-34.73334209232,117.01519555521728
Finland,2014,100.0,100.0,,,41.25,17.95,23.58,26.28,73.528984,60391.24,5.81,46159.99985,24.728233,-0.364908157,50260.29986,18,338145.0,61.92411,25.748151,Finland,Finland,High income,Europe & Central Asia,10.739890561475992,10.824990673477037,446.5308652809278,-15.05246147625,117.18042308086484
Finland,2015,100.0,100.0,,,43.23,14.58,23.25,30.53,78.67174,60022.977,5.5,42819.99969,28.137722,0.543659212,42784.69836,18,338145.0,61.92411,25.748151,Finland,Finland,High income,Europe & Central Asia,10.664783908204642,10.66395917526189,461.0029551465715,23.50238773476,113.72002529165226
Finland,2016,100.0,100.0,,,42.4,14.87,23.2,30.41,78.28563,60795.297,5.55,45700.00076,26.58672,2.811457767,43784.28396,18,338145.0,61.92411,25.748151,Finland,Finland,High income,Europe & Central Asia,10.7298754751108,10.68705305726132,453.1310496278799,119.20580932079999,114.21310304871852
Finland,2017,100.0,100.0,,,44.48,13.17,22.48,31.48,80.381355,59405.816,5.34,43020.00046,28.707514,3.19240963,46297.49635,18,338145.0,61.92411,25.748151,Finland,Finland,High income,Europe & Central Asia,10.669443658246337,10.742864763305061,477.84262467180906,141.9983803424,115.4091433226615
Finland,2018,100.0,100.0,,,44.17,15.05,22.79,32.14,78.49385,60528.164,5.37,44580.00183,28.641554,1.141947509,49964.49991,18,338145.0,61.92411,25.748151,Finland,Finland,High income,Europe & Central Asia,10.705063079320823,10.819088044449481,477.8791189233336,50.43982147253,117.0526661135497
Finland,2019,100.0,100.0,,,45.76,12.63,23.87,31.88,81.52969,59219.418,5.19,40709.99908,29.214561,1.220754143,48628.64176,18,338145.0,61.92411,25.748151,Finland,Finland,High income,Europe & Central Asia,10.614253582586212,10.791988536724594,493.8413954405174,55.861709583679996,116.46701657679503
France,2000,100.0,100.0,,,9.32,50.61,415.16,67.83,90.51537,52966.594,4.36,373120.0,6.7445607,3.923669227,22364.02939,119,643801.0,46.227638,2.213749,France,France,High income,Europe & Central Asia,12.829658042803535,10.015253829972949,93.34216569534789,36.56859719564,100.30530927878782
France,2001,100.0,100.0,,,9.46,46.48,421.08,76.09,91.45038,53298.86,4.42,376730.0,7.405367,1.983721419,22433.55498,119,643801.0,46.227638,2.213749,France,France,High income,Europe & Central Asia,12.839286683896535,10.018357682242767,94.77366367401659,18.766004623740002,100.36749064935267
France,2002,100.0,100.0,,,8.73,52.67,436.76,62.69,90.46041,52433.27,4.38,371019.989,6.175621,1.135531482,24177.33556,119,643801.0,46.227638,2.213749,France,France,High income,Europe & Central Asia,12.824013914113307,10.09321228639836,88.11374326025769,9.913189837860001,101.87293425830282
France,2003,100.0,100.0,,,8.91,57.38,441.07,61.47,89.75211,52657.883,4.45,376709.9915,5.962182,0.823160757,29568.3888,119,643801.0,46.227638,2.213749,France,France,High income,Europe & Central Asia,12.839233571645744,10.294494943035339,91.72394994244488,7.334362344870001,105.97662613218017
France,2004,100.0,100.0,,,8.95,56.53,448.24,62.42,90.033325,52754.13,4.39,377790.0085,5.970315,2.829752929,33741.26192,119,643801.0,46.227638,2.213749,France,France,High income,Europe & Central Asia,12.842096434136897,10.426506393568369,93.3172322224369,25.32628871455,108.71203557512207
France,2005,100.0,100.0,,,8.66,63.35,451.53,54.98,88.88324,52097.117,4.34,380660.0037,5.365334,1.66321998,34760.18502,119,643801.0,46.227638,2.213749,France,France,High income,Europe & Central Asia,12.849664503974493,10.456256670282691,90.5511827646481,14.4034850268,109.33330355483128
France,2006,100.0,100.0,,,8.52,56.9,450.19,60.91,89.98239,51332.477,4.17,371549.9878,5.969732,2.449323601,36443.62631,119,643801.0,46.227638,2.213749,France,France,High income,Europe & Central Asia,12.825441382174464,10.503549300231025,89.49024003796833,20.86823708052,110.32454790238366
France,2007,100.0,100.0,,,9.46,58.18,439.73,64.3,89.65155,50095.92,4.02,362829.9866,6.6387134,2.424736243,41508.43269,119,643801.0,46.227638,2.213749,France,France,High income,Europe & Central Asia,12.801692403167989,10.633675974126422,100.59457471523596,22.93800485878,113.07506472271352
France,2008,100.0,100.0,,,10.6,55.57,439.45,72.33,90.205345,49932.984,4.03,357989.9902,7.6322675,0.25494596,45334.11796,119,643801.0,46.227638,2.213749,France,France,High income,Europe & Central Asia,12.788263098027036,10.721837242039934,113.65147476562329,2.702427176,114.9577938447945
France,2009,100.0,100.0,,,11.32,51.32,409.74,68.15,90.30252,46864.53,3.97,343730.011,7.70645,-2.873313828,41575.42196,119,643801.0,46.227638,2.213749,France,France,High income,Europe & Central Asia,12.74761468570982,10.63528850576127,120.39146588521758,-32.52591253296,113.10936160077779
France,2010,100.0,100.0,,,11.99,57.63,428.52,76.68,89.76067,48006.33,4.02,347779.9988,8.220292,1.949437623,40638.33525,119,643801.0,46.227638,2.213749,France,France,High income,Europe & Central Asia,12.759328246862466,10.612491725081185,127.24377578372341,23.37375709977,112.62498061491662
France,2011,100.0,100.0,,,10.66,58.99,442.39,66.02,89.60345,45914.77,3.85,335140.0146,7.185518,2.192700633,43790.72602,119,643801.0,46.227638,2.213749,France,France,High income,Europe & Central Asia,12.72230666134167,10.687200174867026,113.9255538640825,23.37418874778,114.2162475776778
France,2012,100.0,100.0,,,12.34,56.42,425.41,85.25,90.05078,45681.15,3.84,338420.0134,9.137363,0.313134751,40874.70039,119,643801.0,46.227638,2.213749,France,France,High income,Europe & Central Asia,12.732046001122004,10.6182910429763,131.02971147032756,3.86408282734,112.74810467335074
France,2013,100.0,100.0,,,13.42,53.35,423.68,99.42,90.74507,45921.207,3.83,338559.9976,10.4594345,0.576326675,42592.93539,119,643801.0,46.227638,2.213749,France,France,High income,Europe & Central Asia,12.732459554805029,10.65946716038598,143.05004929237984,7.7343039785,113.62424014334714
France,2014,100.0,100.0,,,13.2,35.68,436.48,94.03,93.69823,43808.914,3.65,306100.0061,10.459279,0.956183052,43011.2631,119,643801.0,46.227638,2.213749,France,France,High income,Europe & Central Asia,12.631670411762471,10.66924054238932,140.83397515953902,12.621616286399998,113.83269375136395
France,2015,100.0,100.0,,,13.34,44.65,437.43,91.84,92.22017,43929.527,3.66,311299.9878,10.147399,1.112912341,36638.18493,119,643801.0,46.227638,2.213749,France,France,High income,Europe & Central Asia,12.648515529569542,10.508873573180374,140.18837346622618,14.846250628939998,110.43642377708883
France,2016,100.0,100.0,,,14.24,56.45,403.2,99.0,89.89528,43053.95,3.56,313920.0134,10.975246,1.095464404,37037.37419,119,643801.0,46.227638,2.213749,France,France,High income,Europe & Central Asia,12.656896683564934,10.519709794438242,149.80066747280057,15.599413112959999,110.66429415919988
France,2017,100.0,100.0,,,14.12,65.09,398.36,92.63,88.294846,42633.387,3.47,317829.9866,10.437264,2.291419994,38685.25849,119,643801.0,46.227638,2.213749,France,France,High income,Europe & Central Asia,12.669275031792896,10.563239738185054,149.15294510317295,32.35485031528,111.58203376637185
France,2018,100.0,100.0,,,15.21,49.27,412.94,113.62,91.44365,43334.203,3.4,307049.9878,12.132495,1.865066071,41572.48501,119,643801.0,46.227638,2.213749,France,France,High income,Europe & Central Asia,12.634769096817996,10.635217863469336,161.7616637033686,28.36765493991,113.10785900345726
France,2019,100.0,100.0,,,15.53,53.5,399.01,113.21,90.54302,42326.785,3.29,300519.989,12.384905,1.842971814,40578.64429,119,643801.0,46.227638,2.213749,France,France,High income,Europe & Central Asia,12.613272877440014,10.611021847693285,164.78916929467673,28.621352271419997,112.59378465222423
Gabon,2000,73.6,64.6,138.56,,72.78,0.48,0.0,0.8,62.5,9016.453,3.03,6080.0,,-1.882966398,4135.99238,9,267667.0,-0.803689,11.609444,Gabon,Gabon,Upper middle income,Sub-Saharan Africa,8.71292443512011,8.327724324545285,606.0917763404059,-137.04229444644,69.35099242562322
Gabon,2001,77.1408,66.5,135.29,,72.42,0.48,0.0,0.87,64.44444,9478.856,3.18,6230.0,,2.135233422,3993.031336,9,267667.0,-0.803689,11.609444,Gabon,Gabon,Upper middle income,Sub-Saharan Africa,8.737292112544221,8.292556359713636,600.5469315704615,154.63360442124002,68.76649097902707
Gabon,2002,77.84244,68.0,132.19,,79.82,0.51,0.0,0.91,64.08451,9233.193,3.85,5960.000038,,-0.249033169,4141.434366,9,267667.0,-0.803689,11.609444,Gabon,Gabon,Upper middle income,Sub-Saharan Africa,8.692993537594695,8.329038905119678,664.8238854066526,-19.877827549579997,69.3728890829972
Gabon,2003,78.53884,69.6,129.02,,83.63,0.57,0.0,0.89,60.958904,8742.1875,4.43,6440.000057,,2.247330012,4933.46217,9,267667.0,-0.803689,11.609444,Gabon,Gabon,Upper middle income,Sub-Saharan Africa,8.770439095396448,8.503998963152439,711.1894332884384,187.94420890356,72.31799836529775
Gabon,2004,79.23235,71.1,125.79,,85.78,0.6,0.0,0.88,59.459457,8665.52,5.1,6090.000153,,0.689543058,5739.613204,9,267667.0,-0.803689,11.609444,Gabon,Gabon,Upper middle income,Sub-Saharan Africa,8.714567575955513,8.655321313572854,742.4534622782794,59.149003515240004,74.91458704118851
Gabon,2005,81.6,72.7,122.47,,85.25,0.71,0.0,0.8,52.980133,9015.141,5.8,6059.999943,,2.676203333,6891.36192,9,267667.0,-0.803689,11.609444,Gabon,Gabon,Upper middle income,Sub-Saharan Africa,8.709630072546895,8.838169109327676,753.4539165701844,228.14633413825,78.11323320507397
Gabon,2006,80.62018,74.45,119.15,,86.16,0.67,0.0,0.94,58.385094,8974.716,6.71,5440.000057,,-2.806578356,7221.369877,9,267667.0,-0.803689,11.609444,Gabon,Gabon,Upper middle income,Sub-Saharan Africa,8.60171815696194,8.884938415840262,765.5262939087969,-241.81479115296,78.94213065327406
Gabon,2007,81.31955,75.9,115.72,,87.35,0.89,0.0,0.79,47.02381,8646.734,6.98,4940.000057,,6.008108025,8458.309179,9,267667.0,-0.803689,11.609444,Gabon,Gabon,Upper middle income,Sub-Saharan Africa,8.505323030381875,9.043022791937522,789.9080408757425,524.80823598375,81.7762612155015
Gabon,2008,82.02615,77.7,112.35,407070000.0,87.32,0.89,0.0,0.88,49.717514,8547.841,7.94,5269.999981,,-3.308430649,10254.17196,9,267667.0,-0.803689,11.609444,Gabon,Gabon,Upper middle income,Sub-Saharan Africa,8.569975373250578,9.235537438771548,806.4471291535315,-288.89216427068,85.29515178295092
Gabon,2009,82.7427,79.0,109.37,,88.0,0.87,0.0,0.94,51.933704,8182.456,8.68,5199.999809,,0.13033112,7721.018953,9,267667.0,-0.803689,11.609444,Gabon,Gabon,Upper middle income,Sub-Saharan Africa,8.556606157049364,8.951831131237125,787.7611395488669,11.46913856,80.13528060218614
Gabon,2010,89.46172,80.4,105.66,6240000.0,85.86,0.97,0.0,0.9,48.12834,9214.65,9.09,5760.000229,,7.089887315,8849.322608,9,267667.0,-0.803689,11.609444,Gabon,Gabon,Upper middle income,Sub-Saharan Africa,8.658866389482426,9.088209190218942,780.3136410721984,608.7377248659001,82.59554628518003
Gabon,2011,88.859566,81.6,101.86,,79.71,1.13,0.0,0.83,42.34694,9102.298,6.83,5780.00021,,7.091753343,10809.68495,9,267667.0,-0.803689,11.609444,Gabon,Gabon,Upper middle income,Sub-Saharan Africa,8.66233199340837,9.288290271253125,740.3696175215865,565.2836589705299,86.27233616305544
Gabon,2012,89.3,82.65,98.07,,75.49,1.18,0.0,0.9,43.269234,11006.094,5.73,5599.999905,,5.251076918,9813.505747,9,267667.0,-0.803689,11.609444,Gabon,Gabon,Upper middle income,Sub-Saharan Africa,8.630700415248576,9.19161674853991,693.8751483472778,396.40379653981995,84.4858184520394
Gabon,2013,86.4,83.6,182.49,20000.0,82.19,1.09,0.0,0.93,46.039604,10740.267,7.97,5789.999962,,5.638699003,9683.58162,9,267667.0,-0.803689,11.609444,Gabon,Gabon,Upper middle income,Sub-Saharan Africa,8.664060260663883,9.178290376147032,754.3636860155245,463.44467105657,84.24101422887323
Gabon,2014,86.96431,84.65,176.03,10000.0,81.3,1.13,0.0,0.79,41.145836,10845.483,7.42,5960.000038,,4.314964441,9663.42411,9,267667.0,-0.803689,11.609444,Gabon,Gabon,Upper middle income,Sub-Saharan Africa,8.692993537594695,9.17620680476629,746.0256132274993,350.80660905329995,84.20277132383916
Gabon,2015,87.37686,85.6,170.87,13090000.0,81.95,1.12,0.0,0.93,45.365856,10108.493,7.22,6119.999886,,3.878899395,7384.700704,9,267667.0,-0.803689,11.609444,Gabon,Gabon,Upper middle income,Sub-Saharan Africa,8.719480742226661,8.907301072522689,729.9533228932344,317.87580542025,79.34001239656384
Gabon,2016,88.20383,86.2,165.79,40720000.0,80.77,1.28,0.0,0.96,42.857143,9740.699,7.11,6420.000076,,2.091442208,6984.419712,9,267667.0,-0.803689,11.609444,Gabon,Gabon,Upper middle income,Sub-Saharan Africa,8.767329159630211,8.851580357502195,714.9421454754523,168.92578714016,78.35047482531868
Gabon,2017,86.27,86.8,161.22,120000.0,90.1,1.25,0.0,0.94,42.922375,10052.3955,6.75,5329.999924,,0.472642031,7230.434912,9,267667.0,-0.803689,11.609444,Gabon,Gabon,Upper middle income,Sub-Saharan Africa,8.581294102566524,8.886192761851003,800.6459678427753,42.5850469931,78.96442180077315
Gabon,2018,89.881516,87.4,157.08,20000.0,90.13,1.26,0.0,0.91,41.935482,8795.324,6.64,5119.999886,,0.837916581,7959.007267,9,267667.0,-0.803689,11.609444,Gabon,Gabon,Upper middle income,Sub-Saharan Africa,8.541104989201273,8.98218519177771,809.5643513349249,75.52142144553,80.67965081939077
Gabon,2019,90.726295,87.8,153.22,,89.88,1.25,0.0,1.01,44.690266,7427.6616,5.99,5250.0,,3.920808795,7766.996554,9,267667.0,-0.803689,11.609444,Gabon,Gabon,Upper middle income,Sub-Saharan Africa,8.566173813637858,8.957767566356232,805.1241488640981,352.40229449459997,80.24159977286365
Georgia,2000,99.81181,48.1,587.03,,47.25,1.47,0.0,5.8,79.779915,9423.704,5.99,4770.0,,1.838341066,749.908535,57,69700.0,42.315407,43.356892,Georgia,Georgia,Upper middle income,Europe & Central Asia,8.470311205516108,6.621283853401609,312.85566207322603,86.8616153685,43.84139986731686
Georgia,2001,99.80533,49.1,595.94,18260000.0,53.15,1.31,0.0,5.49,80.73529,8959.572,5.12,3520.0,,4.805453273,801.9904139,57,69700.0,42.315407,43.356892,Georgia,Georgia,Upper middle income,Europe & Central Asia,8.166500319155052,6.688342776017473,355.4854185453287,255.40984145995,44.73392908950512
Georgia,2002,99.9,49.6,601.31,,56.76,0.46,0.0,6.7,93.575424,10776.443,4.8,2960.000038,,5.473836801,853.5164537,57,69700.0,42.315407,43.356892,Georgia,Georgia,Upper middle income,Europe & Central Asia,7.993282340935093,6.750535757724272,383.1604096084297,310.69497682476,45.56973301631401
Georgia,2003,100.0,51.1,604.1,1860000.0,55.33,0.6,0.0,6.46,91.50142,9694.849,4.6,3160.000086,,11.05872319,1010.00798,57,69700.0,42.315407,43.356892,Georgia,Georgia,Upper middle income,Europe & Central Asia,8.058643739422198,6.918703112164395,382.811843196056,611.8791541027,47.868452754273285
Georgia,2004,99.93,52.7,605.98,3440000.0,54.53,0.82,0.0,5.99,87.958885,10085.432,4.47,3369.999886,,5.794496346,1305.047486,57,69700.0,42.315407,43.356892,Georgia,Georgia,Upper middle income,Europe & Central Asia,8.122964681416201,7.17476066905286,391.23969928345247,315.97388574738,51.477190658187844
Georgia,2005,97.93505,54.2,608.23,9570000.0,41.48,0.97,0.0,6.17,86.414566,11553.322,4.17,4239.999771,,9.589574062,1642.760938,57,69700.0,42.315407,43.356892,Georgia,Georgia,Upper middle income,Europe & Central Asia,8.35255431547789,7.404742150200513,307.1487043903173,397.77553209176,54.830206310956115
Georgia,2006,100.0,56.35,616.92,2580000.0,37.22,1.85,0.0,5.26,73.98031,10517.187,4.06,4699.999809,,9.419770648,1996.057129,57,69700.0,42.315407,43.356892,Georgia,Georgia,Upper middle income,Europe & Central Asia,8.455530490394477,7.599429940417748,282.85078238234854,350.60386351856,57.7513354193177
Georgia,2007,100.0,58.3,648.93,,36.22,1.42,0.0,6.75,82.61934,13246.12,3.98,5630.000114,,12.57895343,2635.353882,57,69700.0,42.315407,43.356892,Georgia,Georgia,Upper middle income,Europe & Central Asia,8.63604234549969,7.877152136232361,285.3104503743361,455.6096932346,62.04952577735005
Georgia,2008,100.0,60.8,654.96,,36.3,1.21,0.0,7.09,85.421684,13342.63,3.49,4840.000153,,2.418571659,3324.735879,57,69700.0,42.315407,43.356892,Georgia,Georgia,Upper middle income,Europe & Central Asia,8.484876621544734,8.109446245595443,294.37289871511456,87.79415122169999,65.76311841020203
Georgia,2009,100.0,63.0,659.83,1020000.0,36.72,1.08,0.0,7.34,87.17339,13652.776,3.74,5619.999886,,-3.650513631,2822.66743,57,69700.0,42.315407,43.356892,Georgia,Georgia,Upper middle income,Europe & Central Asia,8.634264842720986,7.945791826097485,291.7694758542996,-134.04686053032,63.13560774367761
Georgia,2010,100.0,65.6,659.27,8380000.0,39.15,0.71,0.0,9.27,92.88578,14789.647,3.55,5320.000172,,6.249487768,3233.295943,57,69700.0,42.315407,43.356892,Georgia,Georgia,Upper middle income,Europe & Central Asia,8.57941656692112,8.081566545845144,316.39333026983735,244.66744611719997,65.31171783492341
Georgia,2011,100.0,68.7,662.44,139210000.0,31.53,2.17,0.0,7.81,78.256516,13820.907,3.75,6519.999981,,7.399999867,4021.743306,57,69700.0,42.315407,43.356892,Georgia,Georgia,Upper middle income,Europe & Central Asia,8.78278301447954,8.299719363302078,261.69015152491454,233.32199580651002,68.88534150957145
Georgia,2012,100.0,71.7,666.78,37150000.0,28.69,2.32,0.0,7.15,75.50158,14376.836,3.68,7190.000057,,6.369008306,4421.818242,57,69700.0,42.315407,43.356892,Georgia,Georgia,Upper middle income,Europe & Central Asia,8.88058553102907,8.394532383196234,240.83913407389997,182.72684829914,70.46817393253023
Georgia,2013,100.0,74.1,675.23,9820000.0,33.16,1.68,0.0,8.19,82.97872,16267.887,3.99,7840.000153,,3.621305352,4623.745725,57,69700.0,42.315407,43.356892,Georgia,Georgia,Upper middle income,Europe & Central Asia,8.967121675743739,8.439176670056781,279.84309837908285,120.08248547231999,71.21970286843066
Georgia,2014,100.0,77.0,711.64,195990000.0,31.34,1.91,0.0,8.25,81.20079,17044.346,4.08,8470.000267,,4.431924823,4739.188338,57,69700.0,42.315407,43.356892,Georgia,Georgia,Upper middle income,Europe & Central Asia,9.044403875950852,8.463832147655031,265.2564995075087,138.89652395282,71.63645462367877
Georgia,2015,100.0,79.3,714.92,6770000.0,28.15,2.24,0.0,8.37,78.88785,18088.293,4.18,9199.999809,,3.02220738,4014.185944,57,69700.0,42.315407,43.356892,Georgia,Georgia,Upper middle income,Europe & Central Asia,9.127067432023749,8.297838937637247,233.58416609448847,85.075137747,68.85413103496883
Georgia,2016,100.0,81.65,731.32,90510000.0,27.64,2.1,0.0,9.25,81.497795,19119.283,4.2,9649.999619,,2.90643878,4062.169888,57,69700.0,42.315407,43.356892,Georgia,Georgia,Upper middle income,Europe & Central Asia,9.174816776429362,8.309718708551916,229.68062510437497,80.3339678792,69.05142501525772
Georgia,2017,100.0,84.0,792.98,30000000.0,28.03,2.1,0.0,9.21,81.43236,19005.781,4.04,9729.999542,,4.842603225,4357.000936,57,69700.0,42.315407,43.356892,Georgia,Georgia,Upper middle income,Europe & Central Asia,9.18307189775591,8.379768730281963,234.88491750980344,135.73816839675,70.22052397301138
Georgia,2018,99.9,85.8,821.49,46330000.0,27.94,1.99,0.0,9.93,83.30537,19383.402,3.82,9569.999695,,4.842919885,4722.787783,57,69700.0,42.315407,43.356892,Georgia,Georgia,Upper middle income,Europe & Central Asia,9.166492940328807,8.460366253149838,236.38263311300648,135.3111815869,71.57779713743662
Georgia,2019,100.0,87.7,916.8,23940000.0,25.22,2.67,0.0,8.93,76.98276,19659.346,3.83,10109.99966,,4.982350475,4697.983652,57,69700.0,42.315407,43.356892,Georgia,Georgia,Upper middle income,Europe & Central Asia,9.221379185464656,8.45510152005867,213.23766033587967,125.65487897949998,71.48874171449845
Germany,2000,100.0,100.0,,,3.7,367.22,169.61,35.47,35.834354,48903.7,4.0,830280.0,2.8871117,2.912502964,23635.92922,240,357022.0,51.165691,10.451526,Germany,Germany,High income,Europe & Central Asia,13.629519476693101,10.070565565451473,37.26109259217045,10.7762609668,101.41629080805694
Germany,2001,100.0,100.0,,,3.9,372.69,171.3,37.9,35.951813,49841.387,4.05,847680.0,2.9411676,1.681468481,23607.88286,240,357022.0,51.165691,10.451526,Germany,Germany,High income,Europe & Central Asia,13.650259664755595,10.069378312568743,39.270575419018094,6.5577270759,101.39237960162974
Germany,2002,100.0,100.0,,,4.41,372.64,164.84,44.48,35.968105,49257.79,3.97,833380.0049,3.538632,-0.197973835,25077.72908,240,357022.0,51.165691,10.451526,Germany,Germany,High income,Europe & Central Asia,13.633246205414126,10.129775318821705,44.67230915600372,-0.87306461235,102.61234800980938
Germany,2003,100.0,100.0,,,5.44,390.81,165.06,46.67,35.139576,49300.902,3.99,836789.978,3.6419897,-0.700116686,30243.57653,240,357022.0,51.165691,10.451526,Germany,Germany,High income,Europe & Central Asia,13.637329590685917,10.317072159120462,56.12487254561532,-3.80863477184,106.44197793649856
Germany,2004,100.0,100.0,,,6.34,385.24,167.07,57.97,36.874874,49342.406,3.97,821070.0073,4.5165977,1.175088132,34044.05363,240,357022.0,51.165691,10.451526,Germany,Germany,High income,Europe & Central Asia,13.618364873488778,10.435440033183854,66.16068981038563,7.45005875688,108.89840868617623
Germany,2005,100.0,100.0,,,7.28,386.96,163.05,63.4,36.916584,48793.566,3.92,802380.0049,5.2084193,0.731707164,34507.36881,240,357022.0,51.165691,10.451526,Germany,Germany,High income,Europe & Central Asia,13.595338842493225,10.448957147805984,76.06840803602756,5.32682815392,109.18070547668577
Germany,2006,100.0,100.0,,,8.59,390.03,167.27,72.51,38.0718,50043.03,3.89,814409.9731,6.0263047,3.816441913,36323.44774,240,357022.0,51.165691,10.451526,Germany,Germany,High income,Europe & Central Asia,13.6102203985334,10.500246285019402,90.19711558831666,32.78323603267,110.25517204606376
Germany,2007,100.0,100.0,,,10.47,402.4,140.53,89.38,36.36033,47958.13,3.58,783799.9878,7.6538334,2.976455131,41587.2129,240,357022.0,51.165691,10.451526,Germany,Germany,High income,Europe & Central Asia,13.571910425017352,10.63557206234993,111.35443949280376,31.16348522157,113.11539309343833
Germany,2008,100.0,100.0,,,10.25,390.43,148.49,94.28,38.340176,48445.984,3.59,789690.0024,7.8176284,0.959879134,45427.15168,240,357022.0,51.165691,10.451526,Germany,Germany,High income,Europe & Central Asia,13.579397011726956,10.723887272915887,109.91984454738784,9.8387611235,115.00175824220733
Germany,2009,100.0,100.0,,,10.72,358.07,134.93,95.94,39.200935,45436.277,3.56,734809.9976,8.45428,-5.693836336,41485.90165,240,357022.0,51.165691,10.451526,Germany,Germany,High income,Europe & Central Asia,13.507368599004792,10.633133033507836,113.987186119204,-61.03792552192001,113.06351810827555
Germany,2010,100.0,100.0,,,11.61,378.9,140.56,105.18,39.34106,47305.82,3.6,773070.0073,8.792469,4.179882499,41531.9342,240,357022.0,51.165691,10.451526,Germany,Germany,High income,Europe & Central Asia,13.558126182729787,10.634241986669359,123.46354946523125,48.52843581338999,113.08710263104147
Germany,2011,100.0,100.0,,,12.54,373.16,107.97,124.04,38.33799,45571.504,3.28,746479.9805,10.566965,3.925192705,46644.77603,240,357022.0,51.165691,10.451526,Germany,Germany,High income,Europe & Central Asia,13.523125417405058,10.750337656195248,134.8092342086884,49.2219165207,115.56975972220953
Germany,2012,100.0,100.0,,,13.64,377.89,99.46,143.04,39.088314,46132.67,3.29,760130.0049,11.899699,0.418497594,43858.36306,240,357022.0,51.165691,10.451526,Germany,Germany,High income,Europe & Central Asia,13.541246072276094,10.68874349975061,145.79446133659832,5.7083071821599995,114.24923760346091
Germany,2013,100.0,100.0,,,13.63,381.52,97.29,152.34,39.55161,47361.547,3.35,776150.0244,12.063335,0.437591303,46285.76407,240,357022.0,51.165691,10.451526,Germany,Germany,High income,Europe & Central Asia,13.562102399301686,10.742611325986646,146.421792373198,5.96436945989,115.40369810121656
Germany,2014,100.0,100.0,,,14.02,360.28,97.13,162.54,41.88564,45327.562,3.13,736010.0098,13.278847,2.209543431,47959.99327,240,357022.0,51.165691,10.451526,Germany,Germany,High income,Europe & Central Asia,13.50900035656652,10.778143319310647,151.10956933673526,30.977798902620002,116.16837341160074
Germany,2015,100.0,100.0,,,14.55,359.99,91.79,188.79,43.80161,46066.887,3.1,742309.9976,14.823544,1.491931528,41086.72967,240,357022.0,51.165691,10.451526,Germany,Germany,High income,Europe & Central Asia,13.517523568569107,10.623464807734765,154.57141295254084,21.707603732400003,112.85800452117904
Germany,2016,100.0,100.0,,,14.24,368.67,84.63,189.67,42.6614,46675.777,3.04,747150.0244,14.607312,2.229999868,42107.51727,240,357022.0,51.165691,10.451526,Germany,Germany,High income,Europe & Central Asia,13.524022618245358,10.64800530965978,151.62759560955527,31.755198120320003,113.38001707454286
Germany,2017,100.0,100.0,,,15.22,353.37,76.32,216.32,45.29961,47112.9,2.98,732200.0122,16.196213,2.680231114,44542.2952,240,357022.0,51.165691,10.451526,Germany,Germany,High income,Europe & Central Asia,13.503810362076495,10.704216921011442,162.91818153779414,40.79311755508,114.58025989206767
Germany,2018,100.0,100.0,,,16.12,334.65,76.0,222.07,47.109306,45781.406,2.87,707700.0122,17.084951,1.086024514,47950.18081,240,357022.0,51.165691,10.451526,Germany,Germany,High income,Europe & Central Asia,13.469776984329915,10.777938705868644,173.74037193860255,17.50671516568,116.16396274746147
Germany,2019,100.0,100.0,,,17.17,284.09,75.07,240.33,52.611385,44467.746,2.76,657400.0244,18.768305,1.055508247,46794.89929,240,357022.0,51.165691,10.451526,Germany,Germany,High income,Europe & Central Asia,13.396049498470854,10.753550856058158,184.6384681985186,18.12307660099,115.63885601382916
Ghana,2000,43.7,6.2,61.51,4160000.0,71.62,0.58,0.0,6.55,91.86536,2116.77,5.02,5740.0,,3.700000082,258.4710399,137,238533.0,7.946527,-1.023194,Ghana,Ghana,Lower middle income,Sub-Saharan Africa,8.655388690167637,5.558645096763599,398.110161830209,264.99400587284003,30.898535311774005
Ghana,2001,44.837513,6.6,60.02,1020000.0,69.32,1.18,0.0,6.55,84.7348,2073.1177,4.82,6210.0,,4.000000128,269.0149848,137,238533.0,7.946527,-1.023194,Ghana,Ghana,Lower middle income,Sub-Saharan Africa,8.734077192559303,5.598477456717607,388.08645729966446,277.28000887295997,31.342949833375243
Ghana,2002,46.85807,7.2,58.57,20000.0,65.68,2.1,0.0,5.01,70.464134,1846.1882,4.61,7429.999828,,4.499999559,304.564636,137,238533.0,7.946527,-1.023194,Ghana,Ghana,Lower middle income,Sub-Saharan Africa,8.91341569501119,5.722161330701014,375.83155620044266,295.55997103512004,32.74313029457
Ghana,2003,48.3,7.9,57.15,340000.0,64.47,1.86,0.0,3.87,67.53927,1645.2809,4.16,7139.999866,,5.200000133,367.8213621,137,238533.0,7.946527,-1.023194,Ghana,Ghana,Lower middle income,Sub-Saharan Africa,8.873608082784232,5.910312413269593,381.03784128349065,335.24400857450996,34.93179282244864
Ghana,2004,50.88583,8.5,55.74,250000.0,62.38,0.64,0.0,5.24,89.11565,1892.3693,3.88,6679.999828,,5.599999991,417.5080667,137,238533.0,7.946527,-1.023194,Ghana,Ghana,Lower middle income,Sub-Saharan Africa,8.807022930180828,6.036696165012581,376.56910677348486,349.32799943858,36.441700588677605
Ghana,2005,41.25,9.5,54.36,350000.0,61.43,1.1,0.0,5.58,83.532936,1893.7173,3.64,7039.999962,,5.900003819,492.5440562,137,238533.0,7.946527,-1.023194,Ghana,Ghana,Lower middle income,Sub-Saharan Africa,8.859505479122172,6.201612127837272,380.96503301304364,362.43723460117,38.45999298413834
Ghana,2006,55.09345,10.5,52.91,27040000.0,58.56,2.64,0.0,5.58,67.88321,1794.2775,3.69,8510.000229,,6.399912606,913.3938493,137,238533.0,7.946527,-1.023194,Ghana,Ghana,Lower middle income,Sub-Saharan Africa,9.049114750383318,6.818261385970664,399.2773867624421,374.77888220736,46.4886883274186
Ghana,2007,56.929794,11.8,51.56,922210000.0,54.53,3.06,0.0,3.71,54.80059,1649.7666,3.48,9119.999886,,4.346819104,1081.166318,137,238533.0,7.946527,-1.023194,Ghana,Ghana,Lower middle income,Sub-Saharan Africa,9.118334713681529,6.9867201610872485,380.98585038408766,237.03204574112,48.81425860934303
Ghana,2008,60.5,13.0,50.36,7780000.0,57.34,2.0,0.0,6.14,75.42997,1899.8279,3.42,8659.999847,,9.149798938,1217.064435,137,238533.0,7.946527,-1.023194,Ghana,Ghana,Lower middle income,Sub-Saharan Africa,9.066585450665649,7.105018349169415,407.4017521413743,524.64947110492,50.48128574203408
Ghana,2009,60.99078,14.5,49.1,620000.0,51.9,1.96,0.0,6.82,77.67654,2130.4485,3.34,10010.00023,,4.844487052,1077.662058,137,238533.0,7.946527,-1.023194,Ghana,Ghana,Lower middle income,Sub-Saharan Africa,9.211439790394211,6.98347671694243,362.44244160931214,251.42887799879998,48.768947056077025
Ghana,2010,64.2,16.0,47.89,24730000.0,51.91,2.98,0.0,6.95,69.98993,2141.837,3.42,11189.99958,,7.899711941,1299.345212,137,238533.0,7.946527,-1.023194,Ghana,Ghana,Lower middle income,Sub-Saharan Africa,9.32286512528787,7.170385055890388,372.21468825127,410.07404685730995,51.4144218497362
Ghana,2011,64.06256,17.3,46.75,1370000.0,50.09,3.42,0.0,7.51,68.70997,2627.7834,3.15,11750.0,,14.04712358,1549.462719,137,238533.0,7.946527,-1.023194,Ghana,Ghana,Lower middle income,Sub-Saharan Africa,9.371693622333941,7.3463086937496564,367.9766024699203,703.6204201222,53.96825142386179
Ghana,2012,56.51,18.7,45.65,800000.0,46.5,3.71,0.0,8.01,68.34471,2631.042,3.21,14609.99966,,9.292789406,1587.560932,137,238533.0,7.946527,-1.023194,Ghana,Ghana,Lower middle income,Sub-Saharan Africa,9.589529925401946,7.370583811173473,342.7321472195665,432.11470737900004,54.32550571753248
Ghana,2013,70.7,19.6,59.77,2370000.0,46.19,4.36,0.0,8.17,65.203514,2698.5383,3.01,15630.00011,,7.312525017,2361.090324,137,238533.0,7.946527,-1.023194,Ghana,Ghana,Lower middle income,Sub-Saharan Africa,9.65701140793277,7.767302236500334,358.7716903039504,337.76553053522997,60.33098403314309
Ghana,2014,78.3,20.5,58.55,7190000.0,47.69,4.31,0.0,8.32,65.8749,2673.1282,2.97,15090.00015,,2.856240163,2012.264247,137,238533.0,7.946527,-1.023194,Ghana,Ghana,Lower middle income,Sub-Saharan Africa,9.62185382855825,7.6075126872680245,362.80228005581205,136.21409337346998,57.87424928694396
Ghana,2015,74.07884,21.1,58.31,6660000.0,44.02,5.36,0.0,5.81,52.014324,2847.0212,3.03,15779.99973,,2.120759338,1774.074771,137,238533.0,7.946527,-1.023194,Ghana,Ghana,Lower middle income,Sub-Saharan Africa,9.66656194663895,7.481597825529346,329.33993627980186,93.35582605876,55.974306022965436
Ghana,2016,79.3,21.8,57.24,505230000.0,45.22,5.84,0.0,5.56,48.77193,2814.9978,2.96,16069.99969,,3.37346575,1971.956935,137,238533.0,7.946527,-1.023194,Ghana,Ghana,Lower middle income,Sub-Saharan Africa,9.684771665259667,7.587288678617648,343.09719404709006,152.54812121499998,57.56694949267954
Ghana,2017,79.0,21.9,56.3,7910000.0,44.43,7.17,0.0,5.67,44.15888,2757.9565,2.75,17010.00023,,8.128894881,2074.290733,137,238533.0,7.946527,-1.023194,Ghana,Ghana,Lower middle income,Sub-Saharan Africa,9.741615486130247,7.637856535139146,339.34996585623225,361.16679956283,58.336852451367754
Ghana,2018,80.4,22.2,56.21,28360000.0,41.48,8.3,0.0,6.07,42.24078,3112.291,2.92,18680.00031,,6.200077681,2260.860567,137,238533.0,7.946527,-1.023194,Ghana,Ghana,Lower middle income,Sub-Saharan Africa,9.835262260134963,7.723943013308425,320.38915619203345,257.17922220787995,59.65929567283603
Ghana,2019,83.5,22.4,55.23,3360000.0,41.8,9.37,0.0,7.32,43.858597,3135.595,2.85,20040.00092,,6.507774794,2246.625578,137,238533.0,7.946527,-1.023194,Ghana,Ghana,Lower middle income,Sub-Saharan Africa,9.90553550005932,7.717629639312104,322.59691892324594,272.0249863892,59.56180724958868
Greece,2000,100.0,100.0,,,7.82,49.28,0.0,4.14,7.7499065,33796.73,3.6,94460.0,3.2847326,3.919770905,12042.95371,81,131957.0,39.074208,21.824312,Greece,Greece,High income,Europe & Central Asia,11.455942329885708,9.396318046186733,73.47920712118025,30.652608477100003,88.29079282509447
Greece,2001,100.0,100.0,,,7.11,50.14,0.0,2.94,5.5388093,33961.258,3.58,96610.0,2.296041,4.131611969,12538.17887,81,131957.0,39.074208,21.824312,Greece,Greece,High income,Europe & Central Asia,11.478447885353338,9.436613331181702,67.0943207847019,29.37576109959,89.04967116223622
Greece,2002,100.0,100.0,,,7.33,50.37,0.0,3.58,6.6357737,33917.586,3.48,96599.99847,2.7831922,3.922872114,14110.31337,81,131957.0,39.074208,21.824312,Greece,Greece,High income,Europe & Central Asia,11.478344356275556,9.554732121308875,70.03618644919406,28.75465259562,91.29290590997161
Greece,2003,100.0,100.0,,,7.6,52.01,0.0,5.89,10.172711,35850.453,3.39,100220.0012,4.297642,5.794530776,18477.57836,81,131957.0,39.074208,21.824312,Greece,Greece,High income,Europe & Central Asia,11.515133038485768,9.824367413665092,74.6651923438547,44.0384338976,96.51819507868453
Greece,2004,100.0,100.0,,,7.85,52.89,0.0,5.91,10.051021,35828.086,3.29,99839.99634,4.291226,5.060992902,21955.10414,81,131957.0,39.074208,21.824312,Greece,Greece,High income,Europe & Central Asia,11.511334162920448,9.99680047278114,78.47488371133196,39.728794280699994,99.93601969259724
Greece,2005,100.0,100.0,,,8.01,53.02,0.0,6.41,10.785798,35956.984,3.33,101949.9969,4.6003256,0.59914188,22551.73577,81,131957.0,39.074208,21.824312,Greece,Greece,High income,Europe & Central Asia,11.5322475542775,10.02361165774951,80.28912937857358,4.7991264588,100.47279066537189
Greece,2006,100.0,100.0,,,8.51,52.5,0.0,7.67,12.747216,37034.242,3.15,100699.9969,5.32195,5.652433708,24801.15778,81,131957.0,39.074208,21.824312,Greece,Greece,High income,Europe & Central Asia,11.519910978359738,10.118685935626226,86.11001731217918,48.10221085508,102.38780506384
Greece,2007,100.0,100.0,,,8.05,58.12,0.0,4.59,7.319407,37808.297,3.04,104309.9976,3.1136858,3.273746933,28827.32639,81,131957.0,39.074208,21.824312,Greece,Greece,High income,Europe & Central Asia,11.555132077424496,10.26911373795887,82.66636559056892,26.35366281065,105.45469696313559
Greece,2008,100.0,100.0,,,8.32,57.17,0.0,5.75,9.138589,37168.062,3.07,100410.0037,3.9871402,-0.335172558,31997.28202,81,131957.0,39.074208,21.824312,Greece,Greece,High income,Europe & Central Asia,11.517027078839854,10.373437493465671,86.30699994563439,-2.7886356825600003,107.60820543083935
Greece,2009,100.0,100.0,,,9.19,52.91,0.0,8.16,13.361716,35855.25,3.11,94739.99786,5.8433247,-4.300733458,29710.97023,81,131957.0,39.074208,21.824312,Greece,Greece,High income,Europe & Central Asia,11.458902109037854,10.299305281639912,94.65061553827078,-39.52374047902,106.07568928441579
Greece,2010,100.0,100.0,,,11.37,46.85,0.0,10.53,18.351341,34298.055,3.09,87580.00183,7.824593,-5.478627432,26690.60742,81,131957.0,39.074208,21.824312,Greece,Greece,High income,Europe & Central Asia,11.38031937931714,10.192104466137726,115.88422777998593,-62.291993901839994,103.87899344866459
Greece,2011,100.0,100.0,,,11.38,51.04,0.0,8.15,13.7692175,33738.633,3.33,84550.00305,6.159234,-10.14931483,25450.53412,81,131957.0,39.074208,21.824312,Greece,Greece,High income,Europe & Central Asia,11.345110217650799,10.144531299926161,115.44476619315972,-115.4992027654,102.91151529518156
Greece,2012,100.0,100.0,,,14.17,50.62,0.0,10.13,16.674896,31860.057,3.55,80089.99634,8.102894,-7.086696786,21914.25173,81,131957.0,39.074208,21.824312,Greece,Greece,High income,Europe & Central Asia,11.290918721495062,9.994938099439915,141.6282728690636,-100.41849345762,99.89878761163558
Greece,2013,100.0,100.0,,,16.61,42.76,0.0,14.36,25.140057,30079.553,3.21,72480.00336,12.095451,-2.515997222,21781.59535,81,131957.0,39.074208,21.824312,Greece,Greece,High income,Europe & Central Asia,11.191079783888153,9.988866551463014,165.91507341980065,-41.79071385742,99.7774549829366
Greece,2014,100.0,100.0,,,16.41,38.17,0.0,12.18,24.190666,28344.934,3.16,69550.00305,10.859847,0.475695947,21587.95755,81,131957.0,39.074208,21.824312,Greece,Greece,High income,Europe & Central Asia,11.149815619246155,9.979937238415403,163.77077008239675,7.80617049027,99.59914728271045
Greece,2015,100.0,100.0,,,17.47,36.98,0.0,14.85,28.65136,28845.504,3.18,68010.00214,13.008345,-0.19608763,18076.60676,81,131957.0,39.074208,21.824312,Greece,Greece,High income,Europe & Central Asia,11.127424767247124,9.802429255715529,171.24843909735029,-3.4256508961,96.0876193133077
Greece,2016,100.0,100.0,,,16.41,39.52,0.0,14.89,27.366293,28556.062,3.13,66849.99847,13.225245,-0.487173294,17911.79938,81,131957.0,39.074208,21.824312,Greece,Greece,High income,Europe & Central Asia,11.110221518394615,9.793270785465007,160.70757358948075,-7.99451375454,95.90815267744239
Greece,2017,100.0,100.0,,,16.38,41.38,0.0,13.8,25.009062,30131.885,3.14,66800.00305,14.015645,1.09214912,18536.19072,81,131957.0,39.074208,21.824312,Greece,Greece,High income,Europe & Central Asia,11.109473375130564,9.827534302288127,160.97501187147952,17.8894025856,96.58043046264979
Greece,2018,100.0,100.0,,,17.86,37.11,0.0,16.14,30.309858,30475.123,3.0,65019.99664,13.455227,1.668428636,19747.34258,81,131957.0,39.074208,21.824312,Greece,Greece,High income,Europe & Central Asia,11.082465521947126,9.890824846807789,176.6501317639871,29.79813543896,97.82841615023031
Greece,2019,100.0,100.0,,,18.51,32.48,0.0,16.1,33.14121,29966.309,2.9,60000.0,13.694194,1.803595256,19133.75776,81,131957.0,39.074208,21.824312,Greece,Greece,High income,Europe & Central Asia,11.002116507732017,9.859261738255238,182.49493477510447,33.384548188560004,97.2050420234237
Grenada,2000,86.04223,92.4,0.0,,10.5,0.13,0.0,0.0,0.0,8030.945,2.45,210.0,,4.887952137,5056.977259,331,349.0,12.1165,-61.679,Grenada,Grenada,Upper middle income,Latin America & Caribbean,5.351858133476067,8.528721931173935,89.55158027732632,51.3234974385,72.73909777928726
Grenada,2001,86.37166,92.8,0.0,,10.42,0.14,0.0,0.0,0.0,8319.619,2.56,230.0,,-2.023900041,5041.012235,331,349.0,12.1165,-61.679,Grenada,Grenada,Upper middle income,Latin America & Caribbean,5.442417710521793,8.525560534361343,88.83634076804519,-21.08903842722,72.68518242505966
Grenada,2002,86.69351,92.8,0.0,,10.46,0.15,0.0,0.0,0.0,8525.037,2.58,239.9999946,,3.43732353,5213.795649,331,349.0,12.1165,-61.679,Grenada,Grenada,Upper middle income,Latin America & Caribbean,5.484796911084016,8.559255181432212,89.52980919778095,35.9544041238,73.26084926087417
Grenada,2003,87.010124,93.1,0.0,460000.0,10.44,0.16,0.0,0.0,0.0,8976.218,2.5,250.0,,9.463973431,5682.705378,331,349.0,12.1165,-61.679,Grenada,Grenada,Upper middle income,Latin America & Caribbean,5.5254529391317835,8.645358654305676,90.25754435095125,98.80388261963999,74.74222626157805
Grenada,2004,87.323845,93.1,0.0,,10.56,0.15,0.0,0.0,0.0,8654.664,2.45,230.0000042,,-0.647450316,5741.653658,331,349.0,12.1165,-61.679,Grenada,Grenada,Upper middle income,Latin America & Caribbean,5.442417728703612,8.65567669223748,91.40394587002778,-6.837075336960001,74.92073900054315
Grenada,2005,87.63704,93.2,0.0,,10.57,0.15,0.0,0.0,0.0,9039.732,2.27,250.0,,13.27618833,6645.985549,331,349.0,12.1165,-61.679,Grenada,Grenada,Upper middle income,Latin America & Caribbean,5.5254529391317835,8.801918729975732,93.0362809758435,140.3293106481,77.4737733290976
Grenada,2006,87.9521,93.3,0.0,,10.36,0.17,0.0,0.0,0.0,9290.929,2.45,259.9999905,,-3.995328244,6658.223586,331,349.0,12.1165,-61.679,Grenada,Grenada,Upper middle income,Latin America & Caribbean,5.5645203709242255,8.803758178059933,91.2069347247009,-41.39160060784,77.50615805775716
Grenada,2007,88.27168,93.2,0.0,,9.9,0.18,0.0,0.0,0.0,9798.676,2.44,280.0000012,,6.123450947,7212.986819,331,349.0,12.1165,-61.679,Grenada,Grenada,Upper middle income,Latin America & Caribbean,5.6383546736042085,8.883777034320145,87.94939263976944,60.6221643753,78.92149439551403
Grenada,2008,90.0,93.2,1.41,,10.69,0.19,0.0,0.0,0.0,10349.056,2.52,289.9999917,,0.947542625,7832.349081,331,349.0,12.1165,-61.679,Grenada,Grenada,Upper middle income,Latin America & Caribbean,5.673323238649155,8.966145421802546,95.84809455906921,10.129230661249998,80.39176372491075
Grenada,2009,88.93526,92.9,1.82,,10.47,0.2,0.0,0.0,0.0,9980.4795,2.7,810.0000024,,-6.613281348,7290.834938,331,349.0,12.1165,-61.679,Grenada,Grenada,Upper middle income,Latin America & Caribbean,6.698268057074722,8.894510499502859,93.12552492979493,-69.24105571356,79.1123170257666
Grenada,2010,89.28466,92.7,2.44,,10.53,0.2,0.0,0.0,0.0,10297.715,2.82,289.9999917,,-0.511262754,7258.166561,331,349.0,12.1165,-61.679,Grenada,Grenada,Upper middle income,Latin America & Caribbean,5.673323238649155,8.89002030246863,93.61191378499467,-5.383596799619999,79.03246097830443
Grenada,2011,88.8,92.6,3.28,3090000.0,11.27,0.2,0.0,0.0,0.0,10196.201,2.69,310.0000024,,0.764976824,7291.74167,331,349.0,12.1165,-61.679,Grenada,Grenada,Upper middle income,Latin America & Caribbean,5.739792919896276,8.894634840719686,100.24253465491086,8.621288806479999,79.11452894974451
Grenada,2012,90.03225,92.2,3.65,,11.38,0.19,0.0,0.0,0.0,10296.617,2.89,409.9999964,,-1.155143735,7444.089075,331,349.0,12.1165,-61.679,Grenada,Grenada,Upper middle income,Latin America & Caribbean,6.01859320573711,8.915309909452178,101.45622676956579,-13.1455357043,79.4827507815762
Grenada,2013,90.434906,91.7,5.5,,10.92,0.19,0.0,0.0,0.0,11516.319,3.18,319.9999928,,2.351418773,7789.632355,331,349.0,12.1165,-61.679,Grenada,Grenada,Upper middle income,Latin America & Caribbean,5.771441100700109,8.96067731079491,97.85059623388042,25.67749300116,80.29373786819471
Grenada,2014,90.85538,91.5,7.14,110000.0,11.26,0.19,0.0,0.0,0.0,9650.67,2.36,250.0,,7.344076522,8370.040472,331,349.0,12.1165,-61.679,Grenada,Grenada,Upper middle income,Latin America & Caribbean,5.5254529391317835,9.032533465435133,101.70632682079959,82.69430163772,81.58666080420561
Grenada,2015,91.29069,91.2,10.06,1740000.0,11.07,0.19,0.0,0.0,0.0,9958.878,2.44,270.0000107,,6.443143733,9096.538652,331,349.0,12.1165,-61.679,Grenada,Grenada,Upper middle income,Latin America & Caribbean,5.602118860363095,9.115759178117026,100.91145410175548,71.32560112431001,83.0970653934248
Grenada,2016,91.73787,90.85,20.55,,11.4,0.2,0.0,0.0,0.0,10175.044,2.4,280.0000012,,3.739651388,9628.259169,331,349.0,12.1165,-61.679,Grenada,Grenada,Upper middle income,Latin America & Caribbean,5.6383546736042085,9.172561572341772,104.5672019246962,42.6320258232,84.13588579840096
Grenada,2017,92.193954,90.25,21.31,720000.0,11.48,0.21,0.0,0.0,0.0,10974.274,2.38,289.9999917,,4.438675669,10152.83281,331,349.0,12.1165,-61.679,Grenada,Grenada,Upper middle income,Latin America & Caribbean,5.673323238649155,9.22560652993944,105.90996296370479,50.95599668012,85.11181584526125
Grenada,2018,92.3,89.9,24.54,,10.69,0.21,0.0,0.0,0.0,10724.042,2.54,319.9999928,,4.299405392,10466.88221,331,349.0,12.1165,-61.679,Grenada,Grenada,Upper middle income,Latin America & Caribbean,5.771441100700109,9.256067011198496,98.94735634971192,45.960643640479994,85.67477651579706
Grenada,2019,93.120964,89.6,29.95,,10.37,0.21,0.0,0.0,0.0,10655.754,2.68,330.0000131,,0.7355827,10827.43529,331,349.0,12.1165,-61.679,Grenada,Grenada,Upper middle income,Latin America & Caribbean,5.802118414954101,9.289930850332532,96.33658291794835,7.627992599,86.30281520396011
Guatemala,2000,73.31821,40.55,62.27,,62.75,2.84,0.0,3.19,52.902153,4058.544,4.0,9420.0,,3.608868717,1664.298958,167,108889.0,15.783471,-90.230759,Guatemala,Guatemala,Upper middle income,Latin America & Caribbean,9.150696519048667,7.417759940650945,465.46443627584677,226.45651199175,55.02316253712591
Guatemala,2001,73.73273,39.7,63.35,,61.35,2.83,0.0,3.0,51.457977,4133.946,4.01,9810.0,,2.332574866,1550.360366,167,108889.0,15.783471,-90.230759,Guatemala,Guatemala,Upper middle income,Latin America & Caribbean,9.19125948416339,7.3468874804827875,450.73154692761904,143.1034680291,53.97675565087472
Guatemala,2002,78.66784,39.0,63.21,,63.84,3.35,0.0,2.79,45.43974,4082.936,4.43,10470.00027,,3.839287086,1682.994501,167,108889.0,15.783471,-90.230759,Guatemala,Guatemala,Upper middle income,Latin America & Caribbean,9.256364836072965,7.42892392935751,474.2625036501835,245.10008757024002,55.18891074818063
Guatemala,2003,78.51221,38.2,63.81,,64.37,4.1,0.0,3.55,46.405228,4382.797,4.4,10539.99996,,2.560377668,1737.879287,167,108889.0,15.783471,-90.230759,Guatemala,Guatemala,Upper middle income,Latin America & Caribbean,9.263027690460483,7.460996096763799,480.2643187486858,164.81151048916,55.66646275592465
Guatemala,2004,77.22824,37.6,66.66,,66.17,3.45,0.0,3.29,48.813057,4045.296,4.4,10750.0,,3.137916836,1859.098363,167,108889.0,15.783471,-90.230759,Guatemala,Guatemala,Upper middle income,Latin America & Caribbean,9.282754052485227,7.528384648642306,498.1532122006614,207.63595703812,56.676575417913135
Guatemala,2005,78.389206,37.45,73.95,40000.0,65.32,4.31,0.0,3.99,48.07229,4087.143,4.36,11529.99973,,3.276026926,2068.500129,167,108889.0,15.783471,-90.230759,Guatemala,Guatemala,Upper middle income,Latin America & Caribbean,9.352794316355974,7.635062373522683,498.7222742385016,213.99007880631999,58.294177447581816
Guatemala,2006,83.730995,37.3,82.38,0.0,64.81,3.68,0.0,4.61,55.60917,4242.915,4.17,11520.00046,,5.351397787,2251.087963,167,108889.0,15.783471,-90.230759,Guatemala,Guatemala,Upper middle income,Latin America & Caribbean,9.351926775965142,7.719613048443475,500.30812166962164,346.82409057547,59.59242561769876
Guatemala,2007,80.719406,37.1,82.97,,63.36,4.44,0.0,4.58,50.77605,4454.024,4.2,12409.99985,,6.33771869,2490.749127,167,108889.0,15.783471,-90.230759,Guatemala,Guatemala,Upper middle income,Latin America & Caribbean,9.426338443043468,7.8207402034913285,495.52209929321054,401.5578561984,61.16397733050559
Guatemala,2008,81.894,37.1,84.38,60000.0,66.59,3.39,0.0,5.05,59.83413,4052.9338,3.96,11239.99977,,3.293524,2802.461962,167,108889.0,15.783471,-90.230759,Guatemala,Guatemala,Upper middle income,Latin America & Caribbean,9.327323067000984,7.93861034743173,528.632063035479,219.31576316000002,63.021534248350136
Guatemala,2009,83.07853,37.4,84.25,20000.0,65.35,4.04,0.0,4.5,52.693207,4154.522,4.22,11850.00038,,0.476898107,2651.817123,167,108889.0,15.783471,-90.230759,Guatemala,Guatemala,Upper middle income,Latin America & Caribbean,9.380167563253252,7.883377419609529,515.1787143714827,31.16529129245,62.14763954000939
Guatemala,2010,84.27571,38.1,89.61,9610000.0,67.17,2.96,0.0,5.03,62.953697,4004.3474,4.14,11439.99958,,2.884175428,2852.547327,167,108889.0,15.783471,-90.230759,Guatemala,Guatemala,Upper middle income,Latin America & Caribbean,9.344958636990865,7.956318175435859,534.4258918440266,193.73006349876,63.302998908771
Guatemala,2011,84.02641,38.4,89.69,4330000.0,67.19,3.02,0.0,5.26,63.526573,4004.556,4.06,11739.99977,,4.163906883,3228.045741,167,108889.0,15.783471,-90.230759,Guatemala,Guatemala,Upper middle income,Latin America & Caribbean,9.37084224904074,8.079941936343914,542.8912987029476,279.77290346877,65.28546169468905
Guatemala,2012,86.71886,39.2,99.19,8420000.0,67.45,3.38,0.0,5.94,63.733906,4204.253,4.13,12149.99962,,2.974708568,3355.036919,167,108889.0,15.783471,-90.230759,Guatemala,Guatemala,Upper middle income,Latin America & Caribbean,9.405166718635465,8.118516068420508,547.5939088149632,200.6440929116,65.91030315320198
Guatemala,2013,87.96929,40.2,105.57,17640000.0,67.29,3.63,0.0,6.44,63.952335,4409.617,4.09,13000.0,,3.694819199,3522.773706,167,108889.0,15.783471,-90.230759,Guatemala,Guatemala,Upper middle income,Latin America & Caribbean,9.472781556562168,8.167287769897712,549.576794036417,248.62438390071003,66.70458951632074
Guatemala,2014,85.49437,41.6,111.46,630000.0,66.36,3.83,0.0,6.86,64.17213,4562.1045,4.08,13949.99981,,4.443977583,3779.642336,167,108889.0,15.783471,-90.230759,Guatemala,Guatemala,Upper middle income,Latin America & Caribbean,9.543306455649013,8.23764920433587,546.6504011997283,294.90235240787996,67.8588644136954
Guatemala,2015,90.52062,42.7,134.03,20000.0,63.4,4.72,0.0,6.71,58.705162,5002.62,4.16,16340.00015,,4.092170816,3994.636913,167,108889.0,15.783471,-90.230759,Guatemala,Guatemala,Upper middle income,Latin America & Caribbean,9.701432575231149,8.292958273027574,525.7735545099482,259.4436297344,68.77315691817648
Guatemala,2016,91.81558,44.3,160.83,13190000.0,63.34,4.88,0.0,7.16,59.468437,5357.698,4.37,17489.99977,,2.677802555,4173.301666,167,108889.0,15.783471,-90.230759,Guatemala,Guatemala,Upper middle income,Latin America & Caribbean,9.769441728757442,8.336702357665757,528.0467273345491,169.61201383370002,69.50060620030979
Guatemala,2017,93.3,45.7,162.75,860000.0,65.09,3.92,0.0,8.76,69.085175,5708.0923,4.24,16569.99969,,3.079851491,4454.04815,167,108889.0,15.783471,-90.230759,Guatemala,Guatemala,Upper middle income,Latin America & Caribbean,9.715409439922412,8.401793147927311,546.8727159985887,200.46753354919,70.59012810055832
Guatemala,2018,94.42924,46.95,165.96,11450000.0,64.12,5.08,0.0,9.04,64.02267,5774.4165,4.25,18319.99969,,3.322097997,4478.424646,167,108889.0,15.783471,-90.230759,Guatemala,Guatemala,Upper middle income,Latin America & Caribbean,9.81580320497077,8.407249889929405,539.0728629422734,213.01292356764003,70.681850711718
Guatemala,2019,95.742004,48.6,163.26,56590000.0,62.92,5.51,0.0,8.3,60.101376,5851.735,4.24,19309.99947,,3.866856575,4638.634943,167,108889.0,15.783471,-90.230759,Guatemala,Guatemala,Upper middle income,Latin America & Caribbean,9.868430133275227,8.44239096604759,531.1952395837144,243.302615699,71.27396522360196
Guinea,2000,15.146257,0.7,15.56,220000.0,85.52,0.34,0.0,0.41,54.666668,933.22345,9.11,1490.0,,2.503060562,363.4822793,53,245857.0,9.945587,-9.696645,Guinea,Guinea,Lower middle income,Sub-Saharan Africa,7.307202314764738,5.898477933805989,504.4378328990881,214.06173926224,34.79204193559617
Guinea,2001,16.432384,0.7,15.23,560000.0,84.84,0.39,0.0,0.55,58.51064,1009.3095,8.9,1570.0,,3.658346471,336.1540207,53,245857.0,9.945587,-9.696645,Guinea,Guinea,Lower middle income,Sub-Saharan Africa,7.359467638255621,5.820539860661907,493.8146017785562,310.37411459964005,33.878684269554135
Guinea,2002,17.710926,0.7,14.93,4910000.0,84.27,0.4,0.0,0.59,59.595955,1035.3723,8.55,1629.999995,,5.164609466,343.6026312,53,245857.0,9.945587,-9.696645,Guinea,Guinea,Lower middle income,Sub-Saharan Africa,7.39694859955541,5.842391959584122,492.3383704341539,435.22163969981995,34.13354380941319
Guinea,2003,18.984232,0.7,14.65,,83.47,0.47,0.0,0.4,45.977013,983.6432,8.5,1700.000048,,1.24860126,393.7396899,53,245857.0,9.945587,-9.696645,Guinea,Guinea,Lower middle income,Sub-Saharan Africa,7.438971620614557,5.9782265347452705,499.00256885518775,104.2207471722,35.73919250073244
Guinea,2004,20.254652,0.7,14.36,,83.19,0.39,0.0,0.55,58.51064,1041.267,8.43,1769.999981,,2.340117313,407.3009759,53,245857.0,9.945587,-9.696645,Guinea,Guinea,Lower middle income,Sub-Saharan Africa,7.479299627054432,6.012004588476972,500.1386617153993,194.67435926847,36.144199171868166
Guinea,2005,20.2,0.7,14.07,,81.56,0.39,0.0,0.49,55.68182,1031.7405,8.25,1830.000043,,2.997272562,322.41554,53,245857.0,9.945587,-9.696645,Guinea,Guinea,Lower middle income,Sub-Saharan Africa,7.512617568158945,5.778937997936601,471.3301831117092,244.45755015672,33.39612438399549
Guinea,2006,22.796291,0.7,13.78,2490000.0,81.06,0.39,0.0,0.46,54.117645,1027.6909,8.23,1899.999976,,1.189613767,453.4037133,53,245857.0,9.945587,-9.696645,Guinea,Guinea,Lower middle income,Sub-Saharan Africa,7.550135329863495,6.118986039248552,496.0050083414876,96.43009195302,37.44199014851868
Guinea,2007,24.072569,0.7,13.47,500000.0,80.36,0.41,0.0,0.53,56.382977,1066.2617,7.81,1980.000019,,6.817473228,659.992931,53,245857.0,9.945587,-9.696645,Guinea,Guinea,Lower middle income,Sub-Saharan Africa,7.591357056289667,6.49374314539208,521.8371991637075,547.85214860208,42.16870003832663
Guinea,2008,25.356077,0.7,13.17,10000.0,80.15,0.44,0.0,0.52,54.166668,1051.0521,7.54,2009.99999,,4.133009273,715.0965267,53,245857.0,9.945587,-9.696645,Guinea,Guinea,Lower middle income,Sub-Saharan Africa,7.606387384800001,6.573814971700894,526.8912699818267,331.26069323095004,43.21504328215882
Guinea,2009,26.649527,0.7,12.93,,79.25,0.44,0.0,0.52,54.166668,1076.7029,7.75,2119.999886,,-1.122641485,674.0854826,53,245857.0,9.945587,-9.696645,Guinea,Guinea,Lower middle income,Sub-Saharan Africa,7.659642900816449,6.514839323743138,516.3010164066437,-88.96933768625,42.44313141418995
Guinea,2010,27.955624,0.7,12.64,,75.71,0.44,0.0,0.48,52.173912,1202.3784,7.71,2500.0,,4.813362867,672.4249304,53,245857.0,9.945587,-9.696645,Guinea,Guinea,Lower middle income,Sub-Saharan Africa,7.824445930877619,6.512376527722711,493.0520269138864,364.41970266057,42.411048038833705
Guinea,2011,29.27708,0.8,12.36,366800000.0,74.75,0.44,0.0,0.41,48.235294,1194.9143,7.39,2619.999886,,5.612108175,651.1361134,53,245857.0,9.945587,-9.696645,Guinea,Guinea,Lower middle income,Sub-Saharan Africa,7.871311159828556,6.48025330302215,484.3989344009057,419.50508608125,41.99368287132948
Guinea,2012,26.2,0.8,12.1,6000000.0,76.36,0.22,0.0,0.49,69.014084,1131.1559,6.93,2480.000019,,5.915288884,717.0505359,53,245857.0,9.945587,-9.696645,Guinea,Guinea,Lower middle income,Sub-Saharan Africa,7.816416991350003,6.576539950833206,502.18459064562364,451.69145918223995,43.25087772490523
Guinea,2013,31.975958,0.8,12.08,,78.53,0.16,0.0,0.48,75.0,982.06683,6.49,2180.000067,,3.945683805,769.0031667,53,245857.0,9.945587,-9.696645,Guinea,Guinea,Lower middle income,Sub-Saharan Africa,7.687538796921482,6.646394627436675,521.9413700926021,309.85454920665,44.1745615436191
Guinea,2014,33.35312,0.9,11.8,60000.0,78.57,0.27,0.0,0.42,60.869564,990.09143,6.35,2240.00001,,3.696541843,787.2385644,53,245857.0,9.945587,-9.696645,Guinea,Guinea,Lower middle income,Sub-Saharan Africa,7.714677478263221,6.669800790739852,524.0462481284301,290.43729260451,44.48624258815395
Guinea,2015,34.74512,1.0,33.37,1190000.0,76.23,0.24,0.0,0.9,78.94737,1171.2323,6.37,2539.999962,,3.825921667,769.2554754,53,245857.0,9.945587,-9.696645,Guinea,Guinea,Lower middle income,Sub-Saharan Africa,7.840312968365422,6.646722246052615,506.67963681659086,291.65000867541,44.178916616170724
Guinea,2016,33.5,1.1,32.5,140760000.0,75.29,0.51,0.0,1.1,68.32298,1285.7498,5.91,2819.999933,,10.82062144,732.2915119,53,245857.0,9.945587,-9.696645,Guinea,Guinea,Lower middle income,Sub-Saharan Africa,7.944846687251553,6.597543319824797,496.729036549609,814.6845882176001,43.527577856964804
Guinea,2017,35.4,1.2,31.62,130000.0,71.96,0.54,0.0,1.23,69.49152,1261.2085,5.66,3339.999914,,10.30000049,855.5752706,53,245857.0,9.945587,-9.696645,Guinea,Guinea,Lower middle income,Sub-Saharan Africa,8.11402541661596,6.75294219551402,485.94172038918884,741.1880352603999,45.602228295953715
Guinea,2018,45.0,1.4,30.74,1139600000.0,69.88,0.73,0.0,0.76,51.00671,1122.0997,5.51,3750.0,,6.358491927,955.1112811,53,245857.0,9.945587,-9.696645,Guinea,Guinea,Lower middle income,Sub-Saharan Africa,8.229777750081887,6.862874309101386,479.5776567200048,444.33141585876,47.09904378252383
Guinea,2019,42.2,1.6,29.88,819800000.0,65.44,0.75,0.0,1.31,63.592236,1201.7898,5.57,3950.000048,,5.646175568,1058.143368,53,245857.0,9.945587,-9.696645,Guinea,Guinea,Lower middle income,Sub-Saharan Africa,8.281724002560214,6.965215716985973,455.8037165195621,369.48572916992003,48.51422998414843
Guinea-Bissau,2002,1.2537057,1.3,0.0,4560000.0,91.04,0.02,0.0,0.0,0.0,806.6247,11.43,150.000006,,-0.985177525,333.0585793,70,36125.0,11.803749,-15.180413,Guinea-Bissau,Guinea-Bissau,Low income,Sub-Saharan Africa,5.017279876550023,5.811316364723925,529.0622418444663,-89.690561876,33.7713978909081
Guinea-Bissau,2003,2.5914624,1.2,0.0,,89.05,0.02,0.0,0.0,0.0,916.40906,11.79,189.9999976,,0.568510176,372.0561949,70,36125.0,11.803749,-15.180413,Guinea-Bissau,Guinea-Bissau,Low income,Sub-Saharan Africa,5.252273415481185,5.921729064864619,527.3299732261943,50.6258311728,35.06687511766239
Guinea-Bissau,2004,3.9263327,1.2,0.0,160000.0,88.55,0.03,0.0,0.0,0.0,926.11926,11.7,200.000003,,2.76140199,405.0751184,70,36125.0,11.803749,-15.180413,Guinea-Bissau,Guinea-Bissau,Low income,Sub-Saharan Africa,5.303304922984449,6.006538163177171,531.8789543493385,244.5221462145,36.07850070570379
Guinea-Bissau,2005,5.2606664,1.2,0.0,,88.53,0.03,0.0,0.0,0.0,915.8147,11.39,209.9999934,,4.266098931,436.4752202,70,36125.0,11.803749,-15.180413,Guinea-Bissau,Guinea-Bissau,Low income,Sub-Saharan Africa,5.351858102196445,6.081020064650732,538.3527063235293,377.67773836143004,36.978805026684796
Guinea-Bissau,2006,14.5362,1.2,0.0,,88.29,0.03,0.0,0.0,0.0,913.9182,11.32,219.9999988,,2.309357998,430.0039403,70,36125.0,11.803749,-15.180413,Guinea-Bissau,Guinea-Bissau,Low income,Sub-Saharan Africa,5.398162696087889,6.066117232289336,535.5774904388255,203.89321764342,36.79777827587764
Guinea-Bissau,2007,7.9376006,1.1,0.0,,87.9,0.03,0.0,0.0,0.0,946.6117,11.2,230.0000042,,3.262955456,493.7219932,70,36125.0,11.803749,-15.180413,Guinea-Bissau,Guinea-Bissau,Low income,Sub-Saharan Africa,5.442417728703612,6.203995974896553,545.331246193407,286.8137845824,38.48956605653263
Guinea-Bissau,2008,9.28556,1.1,0.0,,88.42,0.03,0.0,0.0,0.0,898.46826,10.95,219.9999988,,3.203567307,599.9952372,70,36125.0,11.803749,-15.180413,Guinea-Bissau,Guinea-Bissau,Low income,Sub-Saharan Africa,5.398162696087889,6.398587009711793,565.7630633987168,283.25942128494,40.941915720852506
Guinea-Bissau,2009,4.7,1.1,0.0,30000.0,87.89,0.03,0.0,0.0,0.0,907.2298,10.8,230.0000042,,3.368974958,559.4145709,70,36125.0,11.803749,-15.180413,Guinea-Bissau,Guinea-Bissau,Low income,Sub-Saharan Africa,5.442417728703612,6.3286768150170545,556.227405271849,296.09920905862,40.05215022893441
Guinea-Bissau,2010,6.0,1.1,0.0,20000.0,87.81,0.03,0.0,0.0,0.0,907.236,10.49,239.9999946,,4.6109709,558.1746681,70,36125.0,11.803749,-15.180413,Guinea-Bissau,Guinea-Bissau,Low income,Sub-Saharan Africa,5.484796911084016,6.326461889643156,555.5266185295656,404.889354729,40.024120041107246
Guinea-Bissau,2011,13.399912,1.1,0.0,220000.0,87.87,0.03,0.0,0.0,0.0,896.62317,9.84,239.9999946,,8.084779734,703.6605673,70,36125.0,11.803749,-15.180413,Guinea-Bissau,Guinea-Bissau,Low income,Sub-Saharan Africa,5.484796911084016,6.55771622204817,576.2265244313727,710.40959522658,43.003642048913726
Guinea-Bissau,2012,14.803885,1.1,0.0,100000.0,87.81,0.03,0.0,0.0,0.0,890.10126,10.14,250.0,,-1.712683012,616.375664,70,36125.0,11.803749,-15.180413,Guinea-Bissau,Guinea-Bissau,Low income,Sub-Saharan Africa,5.5254529391317835,6.425477694381571,564.2211963436457,-150.39069528372002,41.28676360099511
Guinea-Bissau,2013,16.22769,1.1,0.0,190000.0,87.71,0.03,0.0,0.0,0.0,886.97314,9.95,250.0,,3.255904265,634.6620391,70,36125.0,11.803749,-15.180413,Guinea-Bissau,Guinea-Bissau,Low income,Sub-Saharan Africa,5.5254529391317835,6.454667037042151,566.1388458189671,285.57536308314997,41.66272655907851
Guinea-Bissau,2014,17.2,1.1,0.0,200000.0,87.28,0.03,0.0,0.0,0.0,907.5775,10.07,270.0000107,,0.964560751,623.3130914,70,36125.0,11.803749,-15.180413,Guinea-Bissau,Guinea-Bissau,Low income,Sub-Saharan Africa,5.602118860363095,6.43665199157393,561.7909858245727,84.18686234728001,41.430488860632636
Guinea-Bissau,2015,20.053154,1.1,0.18,,87.15,0.06,0.0,0.0,0.0,914.8769,9.69,280.0000012,,6.134082941,603.3993815,70,36125.0,11.803749,-15.180413,Guinea-Bissau,Guinea-Bissau,Low income,Sub-Saharan Africa,5.6383546736042085,6.4042352070691395,558.1290982960755,534.58532830815,41.014228587463904
Guinea-Bissau,2016,22.968792,1.1,0.17,410000.0,86.73,0.08,0.0,0.0,0.0,928.79553,9.33,310.0000024,,6.262805638,661.4578387,70,36125.0,11.803749,-15.180413,Guinea-Bissau,Guinea-Bissau,Low income,Sub-Saharan Africa,5.739792919896276,6.495956916137173,563.394343336577,543.17313298374,42.19745625631037
Guinea-Bissau,2017,26.0,1.1,0.17,3370000.0,86.8,0.08,0.0,0.0,0.0,733.6317,8.91,310.0000024,,5.919176626,738.5499449,70,36125.0,11.803749,-15.180413,Guinea-Bissau,Guinea-Bissau,Low income,Sub-Saharan Africa,5.739792919896276,6.60604181861261,573.4044298555746,513.7845311368,43.6397885092586
Guinea-Bissau,2018,28.495056,1.2,0.62,4510000.0,86.59,0.08,0.0,0.0,0.0,719.8099,8.93,319.9999928,,1.283736703,802.7673851,70,36125.0,11.803749,-15.180413,Guinea-Bissau,Guinea-Bissau,Low income,Sub-Saharan Africa,5.771441100700109,6.689309905302352,579.2273447001306,111.15876111277001,44.746867009176164
Guinea-Bissau,2019,30.961557,1.0,0.61,230000.0,86.24,0.08,0.0,0.0,0.0,703.1273,8.59,330.0000131,,4.499999992,749.453747,70,36125.0,11.803749,-15.180413,Guinea-Bissau,Guinea-Bissau,Low income,Sub-Saharan Africa,5.802118414954101,6.620678019594056,570.9672724097913,388.07999931008,43.83337743913587
Guyana,2000,74.51728,35.6,29.4,,29.75,0.82,0.0,0.06,6.818182,9131.178,5.78,1660.0,,-1.363803903,954.4003181,4,214969.0,4.860416,-58.93018,Guyana,Guyana,High income,Latin America & Caribbean,7.415175109613295,6.862130433905356,204.14838040868435,-40.57316611425,47.0888340919301
Guyana,2001,75.10074,37.7,29.67,5030000.0,30.41,0.85,0.0,0.06,6.593406,8915.736,5.69,1640.0,,2.279521659,955.6653806,4,214969.0,4.860416,-58.93018,Guyana,Guyana,High income,Latin America & Caribbean,7.403061091090091,6.863453675764096,208.71762627998615,69.32025365019,47.106996359359684
Guyana,2002,75.67661,39.9,29.89,,33.73,0.85,0.0,0.06,6.593406,9012.365,5.78,1620.000005,,1.132626962,974.9491933,4,214969.0,4.860416,-58.93018,Guyana,Guyana,High income,Latin America & Caribbean,7.390798524820192,6.883410529013048,232.1774371436101,38.20350742826,47.38134051092769
Guyana,2003,76.24725,42.4,30.09,,34.1,0.77,0.0,0.05,6.097561,9282.544,6.06,1620.000005,,-0.632225388,997.2113729,4,214969.0,4.860416,-58.93018,Guyana,Guyana,High income,Latin America & Caribbean,7.390798524820192,6.9059650503787395,235.49340821791503,-21.558885730800004,47.692353277052625
Guyana,2004,76.81501,45.0,29.61,,35.05,0.8,0.0,0.06,6.976744,9064.288,6.25,1669.999957,,1.56335211,1056.423886,4,214969.0,4.860416,-58.93018,Guyana,Guyana,High income,Latin America & Caribbean,7.4211775028622995,6.963590932916367,244.07386219871864,54.7954914555,48.49159868099504
Guyana,2005,77.5,47.6,29.8,30000.0,34.13,0.6,0.0,0.05,7.692308,8189.165,5.36,1480.000019,,-1.950957595,1105.506825,4,214969.0,4.860416,-58.93018,Guyana,Guyana,High income,Latin America & Caribbean,7.300472827096968,7.0089633275696865,239.2159183699534,-66.58618271735,49.12556692721673
Guyana,2006,73.38259,50.3,30.01,,36.28,0.62,0.0,0.05,7.4626865,7341.6763,4.88,1330.000043,,5.129609348,3188.67316,4,214969.0,4.860416,-58.93018,Guyana,Guyana,High income,Latin America & Caribbean,7.193685850701647,8.067673732849492,292.6952030277796,186.10222714544,65.08735945970966
Guyana,2007,78.524925,53.0,30.21,,32.63,0.65,0.0,0.05,7.142857,9106.513,5.1,1610.000014,,7.191236241,3658.479967,4,214969.0,4.860416,-58.93018,Guyana,Guyana,High income,Latin America & Caribbean,7.384610391867229,8.205076330781182,267.73164067339,234.65003854383002,67.32327759394559
Guyana,2008,79.10577,55.8,30.46,,32.03,0.66,0.0,0.05,7.042254,8685.301,4.78,1600.000024,,1.606001675,4050.786237,4,214969.0,4.860416,-58.93018,Guyana,Guyana,High income,Latin America & Caribbean,7.378383727987345,8.30691310904115,266.07042688258804,51.44023365025,69.00480540115969
Guyana,2009,77.6,58.5,70.79,,31.09,0.61,0.0,0.11,15.277777,8978.9375,4.97,1629.999995,,3.876525381,4233.766143,4,214969.0,4.860416,-58.93018,Guyana,Guyana,High income,Latin America & Caribbean,7.39694859955541,8.351083385490632,259.63518245490377,120.52117409529,69.74059371141769
Guyana,2010,83.09163,61.0,70.94,1190000.0,30.29,0.73,0.0,0.13,15.116279,9713.2295,4.69,1759.99999,,3.778200183,4580.698762,4,214969.0,4.860416,-58.93018,Guyana,Guyana,High income,Latin America & Caribbean,7.473637102817614,8.429825117072214,255.33940279611735,114.44168354307,71.06195150442157
Guyana,2011,84.08454,63.7,71.91,,32.57,0.77,0.0,0.14,15.384615,10153.407,4.8,1830.000043,,5.339378131,4908.566448,4,214969.0,4.860416,-58.93018,Guyana,Guyana,High income,Latin America & Caribbean,7.512617568158945,8.498940917093575,276.8105056697378,173.90354572667002,72.23199671224738
Guyana,2012,85.06648,66.2,71.87,90000.0,28.41,0.81,0.0,0.14,14.736842,11516.412,4.36,2000.0,,5.383623469,5378.810878,4,214969.0,4.860416,-58.93018,Guyana,Guyana,High income,Latin America & Caribbean,7.601402334583733,8.590408499749852,244.0535054778933,152.94874275428998,73.7951181925745
Guyana,2013,86.02649,68.6,71.81,20000.0,26.27,0.85,0.0,0.14,14.141414,11227.718,3.99,1980.000019,,3.653504768,5489.140726,4,214969.0,4.860416,-58.93018,Guyana,Guyana,High income,Latin America & Caribbean,7.591357056289667,8.610709167326236,226.20332982566023,95.97757025535999,74.14431236427609
Guyana,2014,86.9,70.9,71.69,20000.0,24.02,0.85,0.0,0.15,15.000001,11144.22,4.01,2059.999943,,1.686027732,5407.147366,4,214969.0,4.860416,-58.93018,Guyana,Guyana,High income,Latin America & Caribbean,7.630946553233981,8.595661866981713,206.46779804490075,40.49838612264,73.88540293148354
Guyana,2015,88.00384,72.8,71.97,2850000.0,24.95,0.88,0.0,0.16,15.384616,11248.948,4.0,2079.999924,,0.68752121,5576.825852,4,214969.0,4.860416,-58.93018,Guyana,Guyana,High income,Latin America & Caribbean,7.64060378987273,8.62655434719092,215.23253096241345,17.1536541895,74.41743990503856
Guyana,2016,89.17036,74.7,59.81,,21.41,0.95,0.0,0.15,13.636364,12634.438,4.14,2480.000019,,3.807918837,5811.397924,4,214969.0,4.860416,-58.93018,Guyana,Guyana,High income,Latin America & Caribbean,7.816416991350003,8.667748488279042,185.57649513405428,81.52754230017,75.12986385606361
Guyana,2017,90.295815,76.2,61.44,,22.18,0.99,0.0,0.15,13.157896,12459.088,3.95,2470.000029,,3.734374061,6124.95367,4,214969.0,4.860416,-58.93018,Guyana,Guyana,High income,Latin America & Caribbean,7.812378217724749,8.72028972451724,193.41602608979238,82.82841667298,76.04345287952097
Guyana,2018,91.19838,77.9,65.61,30810000.0,16.81,1.0,0.0,0.16,13.793104,12371.177,3.86,2589.999914,,4.441013589,6145.819277,4,214969.0,4.860416,-58.93018,Guyana,Guyana,High income,Latin America & Caribbean,7.859799147370292,8.723690036279597,146.64522950986003,74.65343843109,76.10276784908393
Guyana,2019,91.91576,79.5,67.93,14630000.0,11.35,1.06,0.0,0.16,13.114754,14184.612,3.98,2849.999905,,5.352627426,6609.51128,4,214969.0,4.860416,-58.93018,Guyana,Guyana,High income,Latin America & Caribbean,7.9554250555910295,8.796416279324916,99.8393247703378,60.752321285099995,77.3769393591724
Haiti,2000,33.7,2.6,6.65,840000.0,80.85,0.25,0.0,0.28,52.830193,836.0804,5.63,1470.0,,0.870059253,805.0256325,414,27750.0,18.971187,-72.285215,Haiti,Haiti,Lower middle income,Latin America & Caribbean,7.293697720601438,6.692115544110133,541.0575417413042,70.34429060504999,44.78441045572046
Haiti,2001,31.542381,2.7,6.54,,80.88,0.29,0.0,0.28,49.122807,893.391,5.55,1600.0,,-0.342747883,735.5211179,414,27750.0,18.971187,-72.285215,Haiti,Haiti,Lower middle income,Latin America & Caribbean,7.3783837129967145,6.601937908811369,533.9647380646635,-27.721448777039996,43.58558415180063
Haiti,2002,33.152473,2.9,6.43,,79.08,0.27,0.0,0.26,49.056606,961.6241,5.7,1830.000043,,1.051820135,692.0301629,414,27750.0,18.971187,-72.285215,Haiti,Haiti,Lower middle income,Latin America & Caribbean,7.512617568158945,6.5410735233509385,517.2680942265922,83.17793627580001,42.78564283788266
Haiti,2003,31.6,3.0,6.32,,79.02,0.26,0.0,0.25,49.019608,874.4462,5.54,1809.999943,,3.480779732,542.3335961,414,27750.0,18.971187,-72.285215,Haiti,Haiti,Lower middle income,Latin America & Caribbean,7.5016344264090895,6.297723488752213,497.6461100811999,275.05121442264,39.66132114078135
Haiti,2004,34.110813,3.05,6.22,,81.11,0.27,0.0,0.26,49.056606,990.22144,5.72,1669.999957,,-1.31785676,667.2825464,414,27750.0,18.971187,-72.285215,Haiti,Haiti,Lower middle income,Latin America & Caribbean,7.4211775028622995,6.5047110577612015,527.597113895011,-106.89136180359999,42.31126594496085
Haiti,2005,34.588005,3.1,6.12,320000.0,81.11,0.27,0.0,0.26,49.056606,1015.81964,5.7,1700.000048,,3.072173377,781.2766578,414,27750.0,18.971187,-72.285215,Haiti,Haiti,Lower middle income,Latin America & Caribbean,7.438971620614557,6.662208460332032,540.3717282175311,249.18398260847,44.385021568919704
Haiti,2006,33.9,3.3,6.02,,81.37,0.28,0.0,0.27,49.09091,1022.4895,5.77,1720.000029,,1.768750603,804.5245119,414,27750.0,18.971187,-72.285215,Haiti,Haiti,Lower middle income,Latin America & Caribbean,7.450660813062208,6.69149363281821,544.4868369024177,143.92323656611,44.77608703804664
Haiti,2007,35.55065,3.4,5.93,,79.26,0.3,0.0,0.15,33.333336,1084.6621,5.59,2049.999952,,4.70652994,1002.888487,414,27750.0,18.971187,-72.285215,Haiti,Haiti,Lower middle income,Latin America & Caribbean,7.626082734669162,6.911636225357987,547.8162872218741,373.03956304440004,47.7707153116808
Haiti,2008,36.041466,3.4,5.84,0.0,79.64,0.29,0.0,0.18,38.29787,1075.1736,5.53,2029.999971,,2.658032308,1086.938192,414,27750.0,18.971187,-72.285215,Haiti,Haiti,Lower middle income,Latin America & Caribbean,7.6162835473017045,6.992039616978676,556.8460350961818,211.68569300912,48.888618005399316
Haiti,2009,36.54222,3.6,5.74,14870000.0,80.33,0.48,0.0,0.2,29.411764,1005.77826,5.41,1990.00001,,5.890378948,1183.604854,414,27750.0,18.971187,-72.285215,Haiti,Haiti,Lower middle income,Latin America & Caribbean,7.596392309086798,7.077164541420153,568.5086276122809,473.17414089284,50.086257946334726
Haiti,2010,37.055622,3.6,5.71,2330000.0,78.99,0.39,0.0,0.17,30.357143,922.15204,5.87,2460.000038,,-5.651511534,1191.972664,414,27750.0,18.971187,-72.285215,Haiti,Haiti,Lower middle income,Latin America & Caribbean,7.808323065831933,7.08420350817236,559.5812351105346,-446.41289607065994,50.18593934520157
Haiti,2011,37.584385,3.7,5.63,31320000.0,79.01,0.53,0.0,0.12,18.461538,958.5984,5.78,2700.000048,,5.098213544,1287.95465,414,27750.0,18.971187,-72.285215,Haiti,Haiti,Lower middle income,Latin America & Caribbean,7.901377371563811,7.161586820008406,565.8369746488642,402.80985211144,51.28832578051811
Haiti,2012,37.9,3.7,5.6,12110000.0,82.19,0.83,0.0,0.22,20.952381,1037.8396,5.93,2420.000076,,0.502424404,1337.335946,414,27750.0,18.971187,-72.285215,Haiti,Haiti,Lower middle income,Latin America & Caribbean,7.791935988330045,7.1991822898901745,591.7007924060734,41.29426176476,51.828225643068336
Haiti,2013,38.697876,3.7,5.55,13910000.0,80.39,0.86,0.0,0.14,14.0,1075.7772,5.93,2650.000095,,4.324784115,1432.837618,414,27750.0,18.971187,-72.285215,Haiti,Haiti,Lower middle income,Latin America & Caribbean,7.882692242124558,7.268109777648737,584.283345025182,347.66939500485,52.825419739953176
Haiti,2014,39.49641,3.8,5.48,810000.0,77.77,0.89,0.0,0.09,9.183673,1142.4454,5.62,3019.999981,,1.722565602,1435.13647,414,27750.0,18.971187,-72.285215,Haiti,Haiti,Lower middle income,Latin America & Caribbean,8.013343175097363,7.269711779911589,565.3654851237242,133.96392686753998,52.84870936298532
Haiti,2015,40.836285,4.0,5.44,49590000.0,76.12,0.9,0.0,0.08,8.163265,1284.612,5.6,3279.999971,,2.562508835,1386.854191,414,27750.0,18.971187,-72.285215,Haiti,Haiti,Lower middle income,Latin America & Caribbean,8.095903524122333,7.235514085836827,550.7673322138993,195.0581725202,52.35266408634313
Haiti,2016,40.4,4.0,5.37,8670000.0,76.13,0.95,0.0,0.07,6.8627453,1314.9376,5.7,3359.999895,,1.812468078,1290.380508,414,27750.0,18.971187,-72.285215,Haiti,Haiti,Lower middle income,Latin America & Caribbean,8.119993796484403,7.163467086381693,545.3547492862382,137.98319477814,51.31526069767382
Haiti,2017,43.74927,4.1,5.35,26180000.0,76.17,0.87,0.0,0.13,13.0,1287.2642,5.68,3329.999924,,2.510271345,1369.063734,414,27750.0,18.971187,-72.285215,Haiti,Haiti,Lower middle income,Latin America & Caribbean,8.111027815377708,7.222612538907978,550.1463970886207,191.20736834865002,52.166131887190744
Haiti,2018,44.962345,4.3,7.24,750000.0,76.25,0.8,0.0,0.2,20.0,1325.5319,5.78,3289.999962,,1.667810955,1479.345827,414,27750.0,18.971187,-72.285215,Haiti,Haiti,Lower middle income,Latin America & Caribbean,8.098946737396698,7.300031006354197,556.6273642345075,127.17058531875,53.29045269373267
Haiti,2019,45.990234,4.4,7.15,39510000.0,76.4,0.85,0.0,0.17,16.666666,1184.3462,5.8,3319.999933,,-1.684595081,1312.770636,414,27750.0,18.971187,-72.285215,Haiti,Haiti,Lower middle income,Latin America & Caribbean,8.1080212012021,7.180656629774742,548.6021665147903,-128.70306418840002,51.56182963472795
Honduras,2000,67.383354,30.7,66.67,32740000.0,55.24,1.3,0.0,2.24,63.276836,3657.3855,4.65,4990.0,,7.291288159,1080.510472,89,112090.0,15.199999,-86.241905,Honduras,Honduras,Lower middle income,Latin America & Caribbean,8.515391569469609,6.986113928194132,385.91293339344384,402.77075790316,48.805787817708044
Honduras,2001,64.2,32.2,64.94,,50.4,1.86,0.0,1.89,50.4,3886.6245,4.88,5800.0,,2.723193273,1120.54996,89,112090.0,15.199999,-86.241905,Honduras,Honduras,Lower middle income,Latin America & Caribbean,8.665785595466064,7.022466900449106,353.93233178263495,137.2489409592,49.31504136790328
Honduras,2002,63.141136,33.8,68.4,,49.76,2.3,0.0,1.63,41.475826,3824.1345,4.93,6090.000153,,3.754337861,1122.0886,89,112090.0,15.199999,-86.241905,Honduras,Honduras,Lower middle income,Latin America & Caribbean,8.714567575955513,7.023837847441114,349.5061712886698,186.81585196336,49.334298107146225
Honduras,2003,65.09046,35.0,68.25,210000.0,47.94,2.54,0.0,1.81,41.609196,4087.4094,5.12,6730.000019,,4.547038052,1145.497946,89,112090.0,15.199999,-86.241905,Honduras,Honduras,Lower middle income,Latin America & Caribbean,8.814479002833474,7.044467310756886,337.7117628776851,217.98500421288,49.62451969232235
Honduras,2004,67.113525,36.3,70.08,,46.7,3.12,0.0,1.54,33.04721,4235.931,5.23,7559.999943,,6.232302961,1204.479826,89,112090.0,15.199999,-86.241905,Honduras,Honduras,Lower middle income,Latin America & Caribbean,8.930758728019585,7.0946329625164495,331.3193593495182,291.0485482787,50.33381687282493
Honduras,2005,68.90331,37.4,72.35,5860000.0,51.62,3.48,0.0,1.92,35.555553,4243.7075,4.89,6969.99979,,6.050599222,1296.694784,89,112090.0,15.199999,-86.241905,Honduras,Honduras,Lower middle income,Latin America & Caribbean,8.849513935361596,7.168344726316135,370.0299547724388,312.33193183964,51.38516611530434
Honduras,2006,71.26645,38.7,73.83,,52.49,3.48,0.0,2.26,39.372826,3989.0889,5.0,7969.99979,,6.567243552,1420.134396,89,112090.0,15.199999,-86.241905,Honduras,Honduras,Lower middle income,Latin America & Caribbean,8.983565208082421,7.259210702090709,381.0359697527413,344.71461404448,52.69614001734828
Honduras,2007,73.54819,39.8,77.19,20000.0,50.87,3.61,0.0,2.44,40.330578,4827.8486,5.04,8539.999962,,6.188327167,1572.064888,89,112090.0,15.199999,-86.241905,Honduras,Honduras,Lower middle income,Latin America & Caribbean,9.05263337149702,7.360781153319998,374.44293726938827,314.80020298528996,54.18109918707088
Honduras,2008,76.3969,40.8,77.89,20000.0,50.32,3.71,0.0,2.57,40.923565,4677.777,4.91,8590.000153,,4.23160011,1727.793682,89,112090.0,15.199999,-86.241905,Honduras,Honduras,Lower middle income,Latin America & Caribbean,9.058470440447392,7.455179150627924,375.14461485959714,212.9341175352,55.57969616795729
Honduras,2009,78.269684,41.5,77.32,130000.0,51.33,3.31,0.0,3.07,48.11912,4338.667,4.97,8069.999695,,-2.43162788,1777.272802,89,112090.0,15.199999,-86.241905,Honduras,Honduras,Lower middle income,Latin America & Caribbean,8.996032631534755,7.483397836250379,384.12281093473194,-124.8154590804,56.001243175596855
Honduras,2010,80.984665,42.5,76.05,20520000.0,52.16,3.18,0.0,3.34,51.226994,4439.492,4.9,8180.000305,,3.731140344,1891.158589,89,112090.0,15.199999,-86.241905,Honduras,Honduras,Lower middle income,Latin America & Caribbean,9.009569708795203,7.545473566923579,393.57190125073384,194.61628034304,56.93417134914243
Honduras,2011,82.1953,43.2,87.22,13080000.0,51.92,3.6,0.0,3.4,48.57143,4406.6816,5.0,8810.00042,,3.835690662,2073.90437,89,112090.0,15.199999,-86.241905,Honduras,Honduras,Lower middle income,Latin America & Caribbean,9.083756267534417,7.637670344855784,396.5478443049123,199.14905917104002,58.33400829668947
Honduras,2012,83.60773,43.8,86.63,270000.0,52.27,3.94,0.0,3.55,47.39653,4707.272,5.05,9239.999771,,4.128687749,2129.521439,89,112090.0,15.199999,-86.241905,Honduras,Honduras,Lower middle income,Latin America & Caribbean,9.131405359107172,7.66412203578537,400.6036588105013,215.80650864023002,58.738766579410886
Honduras,2013,87.18488,44.5,87.36,322440000.0,51.07,4.15,0.0,3.57,46.243526,4629.147,4.9,9369.999886,,2.791559757,2088.097206,89,112090.0,15.199999,-86.241905,Honduras,Honduras,Lower middle income,Latin America & Caribbean,9.145375080958633,7.644487292786082,390.40396604258524,142.56495678999,58.43818596956788
Honduras,2014,88.65377,45.1,104.51,134590000.0,53.63,4.76,0.0,3.61,43.130226,4979.008,4.83,9460.000038,,3.058080562,2190.653139,89,112090.0,15.199999,-86.241905,Honduras,Honduras,Lower middle income,Latin America & Caribbean,9.154933368720933,7.692411396039415,412.54402316959386,164.00486054006,59.17319308591707
Honduras,2015,89.98171,45.9,149.98,391110000.0,52.68,5.11,0.0,4.28,45.580406,5439.805,5.02,9930.000305,,3.840079971,2286.203037,89,112090.0,15.199999,-86.241905,Honduras,Honduras,Lower middle income,Latin America & Caribbean,9.20341648761527,7.735084968831635,407.48427615805053,202.29541287228,59.8315394750451
Honduras,2016,91.6,46.5,157.73,176000000.0,52.77,4.77,0.0,4.79,50.1046,5242.269,4.81,9470.000267,,3.892972197,2326.297278,89,112090.0,15.199999,-86.241905,Honduras,Honduras,Lower middle income,Latin America & Caribbean,9.155989805417422,7.752462906754267,409.0974675894227,205.43214283569003,60.10068112060082
Honduras,2017,86.5,47.1,170.62,86060000.0,45.92,4.19,0.0,5.41,56.354164,5456.1885,4.05,9260.000229,,4.842913911,2436.671636,89,112090.0,15.199999,-86.241905,Honduras,Honduras,Lower middle income,Latin America & Caribbean,9.13356733789762,7.798798615162229,358.12083240824956,222.38660679312002,60.8212598398563
Honduras,2018,91.6,47.2,177.18,99040000.0,49.76,3.8,0.0,6.11,61.654896,5896.7534,4.58,10050.00019,,3.84499477,2492.868968,89,112090.0,15.199999,-86.241905,Honduras,Honduras,Lower middle income,Latin America & Caribbean,9.215427429928331,7.821590585966422,389.2023475576891,191.3269397552,61.17727929447855
Honduras,2019,91.1,48.1,178.88,960000.0,45.96,5.39,0.0,5.73,51.528778,5640.568,4.3,10220.00027,,2.653066255,2556.456891,89,112090.0,15.199999,-86.241905,Honduras,Honduras,Lower middle income,Latin America & Caribbean,9.232199732745277,7.84676864176974,360.6374867757373,121.93492507980001,61.57177811746094
Hungary,2000,100.0,100.0,,,5.17,20.77,14.18,0.24,40.97755,27524.092,5.28,54630.0,0.26188785,4.479193809,4624.281657,107,93028.0,47.162494,19.503304,Hungary,Hungary,High income,Europe & Central Asia,10.908356766182873,8.43929254690308,43.63114246748892,23.15743199253,71.22165869221386
Hungary,2001,100.0,100.0,,,5.12,22.03,14.13,0.26,39.51126,28261.502,5.2,56280.0,0.26927036,4.074091517,5276.033189,107,93028.0,47.162494,19.503304,Hungary,Hungary,High income,Europe & Central Asia,10.938112279371822,8.57111932275485,43.88413093250483,20.85934856704,73.46408644490155
Hungary,2002,100.0,100.0,,,5.17,21.97,13.95,0.23,39.22545,27680.426,4.96,55599.99847,0.24771267,4.74128193,6655.333009,107,93028.0,47.162494,19.503304,Hungary,Hungary,High income,Europe & Central Asia,10.925956438170955,8.803324012649757,45.51318514539924,24.512427578100002,77.49851367169582
Hungary,2003,100.0,100.0,,,5.01,22.79,11.01,0.33,33.2259,28106.879,4.87,58189.99863,0.3591855,4.084523338,8421.103313,107,93028.0,47.162494,19.503304,Hungary,Hungary,High income,Europe & Central Asia,10.97148595904324,9.038614875685342,45.283460527183564,20.463461923380002,81.69655887096035
Hungary,2004,100.0,100.0,,,4.63,20.86,11.91,0.94,38.119255,28622.2,4.63,56349.99847,1.0114942,5.000448324,10303.70419,107,93028.0,47.162494,19.503304,Hungary,Hungary,High income,Europe & Central Asia,10.939355238388137,9.240355787429774,42.782847295799854,23.152075740119997,85.38417507828692
Hungary,2005,100.0,100.0,,,7.29,20.05,13.83,1.87,43.916084,30582.84,4.78,55919.99817,1.9106504,4.295278477,11225.93258,107,93028.0,47.162494,19.503304,Hungary,Hungary,High income,Europe & Central Asia,10.931695226712618,9.32607086527463,67.98705660785205,31.312580097330002,86.97559778412429
Hungary,2006,100.0,100.0,,,7.86,20.9,13.46,1.49,41.701534,30034.668,4.55,55459.99908,1.5408134,3.947769723,11493.10041,107,93028.0,47.162494,19.503304,Hungary,Hungary,High income,Europe & Central Asia,10.923435333432321,9.349589174891719,73.48777091464892,31.02947002278,87.41481773925241
Hungary,2007,100.0,100.0,,,9.0,23.4,14.68,1.88,41.44144,29686.33,4.45,53849.99847,1.9637135,0.276980757,13944.97101,107,93028.0,47.162494,19.503304,Hungary,Hungary,High income,Europe & Central Asia,10.893976224102518,9.542945929046542,85.88651336141888,2.492826813,91.06781700470597
Hungary,2008,100.0,100.0,,,8.96,22.85,14.82,2.35,42.90355,29320.72,4.35,53009.99832,2.4881732,1.006464779,15777.19202,107,93028.0,47.162494,19.503304,Hungary,Hungary,High income,Europe & Central Asia,10.8782546864776,9.66638401369126,86.6108007626737,9.017924419840002,93.43897990014597
Hungary,2009,100.0,100.0,,,12.29,17.59,15.43,2.89,51.01643,27245.459,4.43,47840.00015,3.3081076,-6.595474129,13081.79264,107,93028.0,47.162494,19.503304,Hungary,Hungary,High income,Europe & Central Asia,10.775638294551468,9.479053106809484,116.49756268268855,-81.05837704541,89.85244780171453
Hungary,2010,100.0,100.0,,,13.46,18.59,15.76,3.02,50.25422,27819.338,4.54,47880.00107,3.356313,1.083118668,13223.083,107,93028.0,47.162494,19.503304,Hungary,Hungary,High income,Europe & Central Asia,10.77647406734808,9.489794915948194,127.73263956866269,14.578777271280002,90.05620754675618
Hungary,2011,100.0,100.0,,,14.74,17.62,15.69,2.71,51.08273,27072.97,4.36,46909.99985,3.0736933,1.860155072,14240.2575,107,93028.0,47.162494,19.503304,Hungary,Hungary,High income,Europe & Central Asia,10.756007465314076,9.56389848865135,140.9718637227209,27.41868576128,91.46815430122759
Hungary,2012,100.0,100.0,,,16.47,16.19,15.79,2.64,53.235126,25308.668,4.21,43430.00031,3.186504,-1.257749507,12989.18028,107,93028.0,47.162494,19.503304,Hungary,Hungary,High income,Europe & Central Asia,10.678928757959913,9.471948987936317,156.00299983131114,-20.71513438029,89.71781763006781
Hungary,2013,100.0,100.0,,,17.18,12.1,15.37,2.78,60.0,24057.617,4.0,40759.99832,3.550579,1.806363928,13719.95054,107,93028.0,47.162494,19.503304,Hungary,Hungary,High income,Europe & Central Asia,10.615480979676564,9.526679180221143,163.66834831619923,31.033332283039996,90.75761620285898
Hungary,2014,100.0,100.0,,,15.72,10.54,15.65,3.16,64.088585,24145.828,3.83,40630.00107,4.012245,4.223725539,14298.83367,107,93028.0,47.162494,19.503304,Hungary,Hungary,High income,Europe & Central Asia,10.612286627368867,9.568003184711822,150.40901006366985,66.39696547308,91.54668494265556
Hungary,2015,100.0,100.0,,,15.6,11.24,15.83,3.22,62.892036,25501.146,3.9,43380.00107,3.8928456,3.703259936,12720.71202,107,93028.0,47.162494,19.503304,Hungary,Hungary,High income,Europe & Central Asia,10.677776860878087,9.451065420604614,147.43662056143197,57.7708550016,89.32263758454827
Hungary,2016,100.0,100.0,,,15.34,12.51,16.05,3.25,60.67274,26030.773,3.86,44250.0,3.8303542,2.191960369,13107.37791,107,93028.0,47.162494,19.503304,Hungary,Hungary,High income,Europe & Central Asia,10.697633249050782,9.481006839888314,145.43864492388673,33.62467206046,89.889490698009
Hungary,2017,100.0,100.0,,,14.54,13.25,16.1,3.48,59.640568,27509.97,3.87,46439.99863,3.8641884,4.268557419,14623.69665,107,93028.0,47.162494,19.503304,Hungary,Hungary,High income,Europe & Central Asia,10.745937939241264,9.590466930004599,139.44538916226685,62.064824872260004,91.97705593551183
Hungary,2018,100.0,100.0,,,13.58,12.43,15.73,3.77,61.07109,27740.646,3.66,46400.00153,4.1346164,5.359496489,16427.37276,107,93028.0,47.162494,19.503304,Hungary,Hungary,High income,Europe & Central Asia,10.745076322679676,9.70676516534739,131.81787094541755,72.78196232062,94.22128997520154
Hungary,2019,100.0,100.0,,,13.64,13.2,16.29,4.7,61.392223,28131.205,3.51,46380.00107,4.9454613,4.554063072,16735.65978,107,93028.0,47.162494,19.503304,Hungary,Hungary,High income,Europe & Central Asia,10.744645194664558,9.725356788888739,132.6538666004424,62.11742030208,94.58256467118429
Iceland,2000,100.0,100.0,,,60.66,0.0,0.0,7.61,100.0,118057.81,11.18,2230.0,67.80518,4.98504277,32096.37226,3,103000.0,64.963051,-19.020835,Iceland,Iceland,High income,Europe & Central Asia,7.7102051944325325,10.376529444708117,629.4402761159944,302.39269442819995,107.67236331689455
Iceland,2001,100.0,100.0,,,62.12,0.0,0.0,7.96,100.0,117792.88,10.4,2160.0,69.64024,4.013497555,28897.44394,3,103000.0,64.963051,-19.020835,Iceland,Iceland,High income,Europe & Central Asia,7.6783263565068856,10.271543029744368,638.0682530077202,249.31846811659997,105.50459621189012
Iceland,2002,100.0,100.0,,,61.84,0.01,0.0,8.34,99.88023,121304.664,10.65,2240.00001,69.7559,0.559519082,32409.21615,3,103000.0,64.963051,-19.020835,Iceland,Iceland,High income,Europe & Central Asia,7.714677478263221,10.386228965351243,642.2843992173209,34.60066003088,107.87375212070116
Iceland,2003,100.0,100.0,,,61.88,0.01,0.0,8.43,99.88152,121068.53,10.43,2230.000019,69.68164,2.142688379,39476.69785,3,103000.0,64.963051,-19.020835,Iceland,Iceland,High income,Europe & Central Asia,7.7102052029488926,10.583491180043774,654.9064342211087,132.58955689252,112.01028555806435
Iceland,2004,100.0,100.0,,,61.81,0.01,0.0,8.54,99.88304,122384.42,9.57,2319.999933,68.89618,7.802399508,47334.93065,3,103000.0,64.963051,-19.020835,Iceland,Iceland,High income,Europe & Central Asia,7.749753377407569,10.76502491929715,665.386190261757,482.26631358948,115.88576151308862
Iceland,2005,100.0,100.0,,,62.47,0.01,0.0,8.61,99.88399,120874.47,9.16,2289.999962,68.649345,6.124438965,56794.85016,3,103000.0,64.963051,-19.020835,Iceland,Iceland,High income,Europe & Central Asia,7.736743665866852,10.94721854147681,683.8727422860562,382.59370214355,119.84159379485365
Iceland,2006,100.0,100.0,,,64.02,0.01,0.0,9.85,99.89859,129510.24,10.67,2329.999924,70.91828,6.316993086,57492.93425,3,103000.0,64.963051,-19.020835,Iceland,Iceland,High income,Europe & Central Asia,7.754052606431724,10.959434729916495,701.623011409254,404.41389736572,120.10920959929985
Iceland,2007,100.0,100.0,,,67.52,0.0,0.0,11.89,100.0,144361.56,11.69,2380.000114,74.30169,8.454860096,69495.72674,3,103000.0,64.963051,-19.020835,Iceland,Iceland,High income,Europe & Central Asia,7.775275894365904,11.149034933177585,752.7828386881505,570.87215368192,124.30097994121412
Iceland,2008,100.0,100.0,,,74.0,0.0,0.0,16.34,100.0,177673.47,12.92,2180.000067,81.15162,2.209496419,56943.37045,3,103000.0,64.963051,-19.020835,Iceland,Iceland,High income,Europe & Central Asia,7.687538796921482,10.949830113243003,810.2874283799822,163.50273500600002,119.89877950888328
Iceland,2009,100.0,100.0,,,74.69,0.0,0.0,16.71,100.0,176767.39,14.52,2109.999895,82.5026,-7.66380956,41301.27322,3,103000.0,64.963051,-19.020835,Iceland,Iceland,High income,Europe & Central Asia,7.65491699810886,10.628672819080878,793.8555728571507,-572.4099360363999,112.96868589506865
Iceland,2010,100.0,100.0,,,75.96,0.0,0.0,16.74,100.0,177121.83,15.02,1960.000038,83.07628,-2.832774915,43237.07295,3,103000.0,64.963051,-19.020835,Iceland,Iceland,High income,Europe & Central Asia,7.5812098455742145,10.674476704386306,810.8332504651837,-215.17758254339998,113.94445291248593
Iceland,2011,100.0,100.0,,,77.19,0.0,0.0,16.85,100.0,176561.36,15.78,1889.999986,83.27399,1.845779156,47714.59223,3,103000.0,64.963051,-19.020835,Iceland,Iceland,High income,Europe & Central Asia,7.544861061254967,10.77301350459451,831.5689124196502,142.47569305164,116.0578199701757
Iceland,2012,100.0,100.0,,,77.82,0.0,0.0,17.29,100.0,177259.34,15.24,1860.000014,83.54047,1.063636607,45995.54788,3,103000.0,64.963051,-19.020835,Iceland,Iceland,High income,Europe & Central Asia,7.528869264165088,10.736321626568177,835.5005489795354,82.77220075673999,115.26860206911554
Iceland,2013,100.0,100.0,,,76.73,0.0,0.0,17.99,100.0,181204.22,15.2,2029.999971,83.09186,4.55246032,49804.983,3,103000.0,64.963051,-19.020835,Iceland,Iceland,High income,Europe & Central Asia,7.6162835473017045,10.815890396358695,829.9032701126027,349.3102803536,116.98348506604424
Iceland,2014,100.0,100.0,,,76.99,0.0,0.0,17.8,100.0,178940.12,14.89,2049.999952,82.747856,1.687215018,54576.74481,3,103000.0,64.963051,-19.020835,Iceland,Iceland,High income,Europe & Central Asia,7.626082734669162,10.907381474427364,839.7592997161627,129.89868423581999,118.97097062868126
Iceland,2015,100.0,100.0,,,77.33,0.0,0.0,18.55,100.0,184878.39,13.58,2059.999943,81.80247,4.436663719,52951.68151,3,103000.0,64.963051,-19.020835,Iceland,Iceland,High income,Europe & Central Asia,7.630946553233981,10.877153992051335,841.1303182053297,343.08720539027,118.3124789667983
Iceland,2016,100.0,100.0,,,80.25,0.0,0.0,18.17,100.0,183038.08,12.07,1629.999995,79.91398,6.303687107,61987.92636,3,103000.0,64.963051,-19.020835,Iceland,Iceland,High income,Europe & Central Asia,7.39694859955541,11.034711040978307,885.5355610385091,505.87089033675,121.76484775788855
Iceland,2017,100.0,100.0,,,80.08,0.0,0.0,18.84,100.0,186955.55,12.18,1669.999957,78.81927,4.194948829,72010.14903,3,103000.0,64.963051,-19.020835,Iceland,Iceland,High income,Europe & Central Asia,7.4211775028622995,11.184576233649423,895.6608647906457,335.93150222632,125.09474552631552
Iceland,2018,100.0,100.0,,,80.71,0.0,0.0,19.43,100.0,188294.0,12.78,1700.000048,77.96496,4.892180731,74469.80406,3,103000.0,64.963051,-19.020835,Iceland,Iceland,High income,Europe & Central Asia,7.438971620614557,11.218162435745906,905.4178901890521,394.84790679900993,125.84716843478053
Iceland,2019,100.0,100.0,,,81.07,0.0,0.0,19.12,100.0,175527.73,12.27,1639.999986,80.09719,2.434823,68941.46223,3,103000.0,64.963051,-19.020835,Iceland,Iceland,High income,Europe & Central Asia,7.4030610825587075,11.141027554982825,903.2031038824575,197.39110061,124.12249498088659
India,2000,58.721474,22.3,23.66,485730000.0,46.88,475.35,15.77,80.27,16.808134,3518.6821,6.42,937860.0,6.3762894,3.840991157,443.3141938,464,3287263.0,20.593684,78.96288,India,India,Lower middle income,South Asia,13.751357029374228,6.096531955864177,285.8054180909126,180.06566544016002,37.16770188887308
India,2001,55.8,23.4,24.81,193140000.0,47.11,491.01,18.89,76.19,16.222763,3469.8364,6.22,953540.0,5.9925246,4.823966264,451.5729973,464,3287263.0,20.593684,78.96288,India,India,Lower middle income,South Asia,13.767937702573777,6.114949070129309,288.07525069379176,227.25705069704,37.3926021302753
India,2002,62.3,24.7,24.54,17160000.0,45.75,517.51,19.35,72.78,15.112197,3519.7168,6.16,985450.0122,5.731832,3.803975321,470.9867868,464,3287263.0,20.593684,78.96288,India,India,Lower middle income,South Asia,13.800854695765072,6.1569509911259175,281.6805078440107,174.03187093575,37.90804550712642
India,2003,64.047485,25.9,27.23,10700000.0,45.63,545.36,18.14,74.63,14.53779,3583.3396,5.84,1011770.02,5.6240616,7.860381476,546.7266135,464,3287263.0,20.593684,78.96288,India,India,Lower middle income,South Asia,13.827212838405666,6.305776281991296,287.73257174726285,358.66920674988,39.762814518523975
India,2004,64.4,27.3,29.38,399430000.0,44.92,567.86,21.26,109.2,18.68198,3826.2053,5.73,1085670.044,7.460849,7.922936613,627.7742417,464,3287263.0,20.593684,78.96288,India,India,Lower middle income,South Asia,13.897708827513357,6.443772276058383,289.45425064054257,355.89831265596,41.52220114569864
India,2005,67.57981,28.6,31.68,175340000.0,44.16,579.32,17.73,107.47,17.770964,3987.0566,5.52,1136469.971,6.8943167,7.923430621,714.8610154,464,3287263.0,20.593684,78.96288,India,India,Lower middle income,South Asia,13.943438379493616,6.57348603554853,290.2851433298231,349.89869622335993,43.21071865955153
India,2006,67.9,29.5,34.85,160980000.0,43.16,599.24,17.63,127.56,19.503513,4136.6675,5.39,1215209.961,7.7062397,8.060732573,806.7532806,464,3287263.0,20.593684,78.96288,India,India,Lower middle income,South Asia,14.010428250137439,6.694256666101498,288.9241177089406,347.9012178506799,44.81307231164434
India,2007,71.119865,30.55,36.69,465640000.0,41.53,636.68,17.83,141.75,20.041193,4423.9287,5.31,1336739.99,7.8556447,7.660815065,1028.334772,464,3287263.0,20.593684,78.96288,India,India,Lower middle income,South Asia,14.105745112560097,6.936668020143974,288.0798228765792,318.15364964945,48.117363221688116
India,2008,72.89938,32.0,39.3,369350000.0,39.37,674.27,15.23,138.91,18.60673,4616.339,5.43,1424380.005,7.2570653,3.08669806,998.5223415,464,3287263.0,20.593684,78.96288,India,India,Lower middle income,South Asia,14.169247894857358,6.907277506366976,271.9395154256678,121.52330262219998,47.71048254996318
India,2009,75.0,34.0,39.61,210650000.0,37.41,728.56,16.82,134.33,17.181797,4892.3794,5.5,1564880.005,6.4735703,7.861888833,1101.960838,464,3287263.0,20.593684,78.96288,India,India,Lower middle income,South Asia,14.263320343921803,7.005753513636785,262.0852389451521,294.11326124253,49.08058229383416
India,2010,76.3,35.4,42.34,372820000.0,36.16,771.78,23.08,142.61,17.674166,5033.775,5.34,1659979.98,6.583671,8.497584702,1357.563727,464,3287263.0,20.593684,78.96288,India,India,Lower middle income,South Asia,14.32231670243576,7.214183337593186,260.86486948736956,307.2726628243199,52.04444122840716
India,2011,67.6,37.2,46.43,1950940000.0,35.01,828.16,32.22,173.62,19.907156,5236.977,5.28,1756739.99,7.501343,5.241315001,1458.104066,464,3287263.0,20.593684,78.96288,India,India,Lower middle income,South Asia,14.378970940252335,7.285577872915399,255.06808133076808,183.49843818501,53.07964494231447
India,2012,79.9,39.6,47.76,1119110000.0,34.75,893.45,33.14,165.25,18.170246,5447.3413,5.29,1909439.941,6.727289,5.456388753,1443.882435,464,3287263.0,20.593684,78.96288,India,India,Lower middle income,South Asia,14.46232105613038,7.275783237375048,252.83346749878294,189.60950916675,52.93702171726774
India,2013,81.99933,41.6,49.57,586410000.0,34.85,924.93,33.31,187.9,19.300434,5555.5483,5.11,1972430.054,7.329665,6.386106401,1449.610451,464,3287263.0,20.593684,78.96288,India,India,Lower middle income,South Asia,14.494777377479107,7.27973974750835,253.69893020066598,222.55580807485,52.99461079145293
India,2014,83.8725,44.8,55.41,699800000.0,33.85,1025.29,34.69,202.04,18.758022,5857.2837,5.08,2147110.107,7.344336,7.410227605,1573.885642,464,3287263.0,20.593684,78.96288,India,India,Lower middle income,South Asia,14.579633825405498,7.361937940369658,249.20159928151293,250.83620442925002,54.198130237854244
India,2015,88.0,48.2,59.9,898770000.0,33.4,1080.44,38.31,203.21,18.269842,5988.8335,4.82,2158020.02,7.1846457,7.996253786,1605.605445,464,3287263.0,20.593684,78.96288,India,India,Lower middle income,South Asia,14.584702165253242,7.381878812878747,246.55475235015012,267.07487645239996,54.49213480802814
India,2016,89.2178,51.4,68.18,2112780000.0,33.02,1155.52,37.9,208.21,17.558842,6184.2495,4.54,2195250.0,7.0113974,8.256305502,1732.554242,464,3287263.0,20.593684,78.96288,India,India,Lower middle income,South Asia,14.601806948751122,7.457929055088383,246.26081739901844,272.62320767604,55.6207057907315
India,2017,92.12495,55.8,78.55,861450000.0,32.41,1198.85,37.41,234.9,18.509884,6346.3545,4.47,2320409.912,7.511875,6.795383419,1980.66702,464,3287263.0,20.593684,78.96288,India,India,Lower middle income,South Asia,14.657254845200466,7.59169369875785,246.04679277674188,220.23837660978998,57.633813215759645
India,2018,95.7,59.8,87.32,1764130000.0,32.82,1276.32,39.05,263.61,19.16807,6633.665,4.4,2451929.932,7.9128056,6.532989011,1996.915087,464,3287263.0,20.593684,78.96288,India,India,Lower middle income,South Asia,14.712386407615412,7.5998594593063915,249.42738745443577,214.41269934102,57.757863801208835
India,2019,97.308266,63.9,93.89,786330000.0,32.93,1273.59,45.16,303.16,21.475914,6731.805,4.28,2456300.049,8.849619,4.041554187,2100.751461,464,3287263.0,20.593684,78.96288,India,India,Lower middle income,South Asia,14.714167137691627,7.650526305150171,251.93183122859514,133.08837937791,58.53055274579473
Indonesia,2000,86.3,6.1,25.89,2320000.0,45.62,78.43,,19.6,19.99388,5435.4355,5.42,280650.0,3.7336404,4.920067747,780.1902047,151,1904569.0,-0.789275,113.921327,Indonesia,Indonesia,Upper middle income,East Asia & Pacific,12.544867183520955,6.66081866013743,303.86654727546954,224.45349061814,44.36650522323499
Indonesia,2001,86.26,6.9,21.71,5090000.0,44.33,83.96,,22.19,20.90438,5740.4346,5.34,302060.0,4.1123867,3.643466447,748.2576087,151,1904569.0,-0.789275,113.921327,Indonesia,Indonesia,Upper middle income,East Asia & Pacific,12.618384262715395,6.619082861233632,293.42394323848686,161.51486759551,43.8122579238768
Indonesia,2002,87.6,8.0,21.61,120000.0,44.66,92.03,,21.0,18.579138,5815.386,5.3,305640.0146,3.6838136,4.499475391,900.1775881,151,1904569.0,-0.789275,113.921327,Indonesia,Indonesia,Upper middle income,East Asia & Pacific,12.63016653734767,6.803702339296344,303.8533464729747,200.94657096205998,46.290365521746544
Indonesia,2003,87.94,9.3,21.48,201310000.0,43.0,97.57,,19.82,16.883892,6224.9414,5.07,333890.0146,3.2210946,4.780369122,1065.64852,151,1904569.0,-0.789275,113.921327,Indonesia,Indonesia,Upper middle income,East Asia & Pacific,12.718569915117422,6.972276787474994,299.80790186142474,205.55587224599998,48.61264360116262
Indonesia,2004,89.01,11.3,21.4,51670000.0,41.46,103.8,,20.97,16.806925,6087.6787,5.14,341239.9902,3.4259636,5.030873945,1150.261367,151,1904569.0,-0.789275,113.921327,Indonesia,Indonesia,Upper middle income,East Asia & Pacific,12.740344222788437,7.048613461136408,292.2355140987155,208.5800337597,49.68295172451337
Indonesia,2005,85.03832,14.1,23.61,188350000.0,41.57,110.22,,22.66,17.05298,6186.4365,4.94,342149.9939,3.5274262,5.692571304,1263.287332,151,1904569.0,-0.789275,113.921327,Indonesia,Indonesia,Upper middle income,East Asia & Pacific,12.743007421242712,7.142263868493866,296.90390901329,236.64018910728,51.011933167192964
Indonesia,2006,90.62,17.9,24.78,255840000.0,40.07,116.8,,21.18,15.350051,6211.292,4.79,364470.0012,3.2203085,5.500951785,1589.801489,151,1904569.0,-0.789275,113.921327,Indonesia,Indonesia,Upper middle income,East Asia & Pacific,12.806202269515621,7.371993249340138,295.3957695010593,220.42313802495,54.34628446831656
Indonesia,2007,91.1,22.5,24.93,602100000.0,40.01,124.1,,24.29,16.369028,6579.23,4.48,379959.9915,3.370551,6.345022227,1860.002811,151,1904569.0,-0.789275,113.921327,Indonesia,Indonesia,Upper middle income,East Asia & Pacific,12.847823872485924,7.528870767119347,301.2301193924451,253.86433930227,56.68389502798426
Indonesia,2008,92.73,28.5,24.94,19440000.0,41.12,129.55,,26.34,16.89653,6569.101,4.3,376140.0146,3.586532,6.0137036,2166.854231,151,1904569.0,-0.789275,113.921327,Indonesia,Indonesia,Upper middle income,East Asia & Pacific,12.837719390892335,7.681493123675438,315.86299724553396,247.283492032,59.005336609073034
Indonesia,2009,93.55,34.7,28.08,29220000.0,38.18,136.05,,26.79,16.451733,6662.824,4.34,391079.9866,3.655174,4.628871183,2261.247309,151,1904569.0,-0.789275,113.921327,Indonesia,Indonesia,Upper middle income,East Asia & Pacific,12.876669944373917,7.724113982706831,294.9066718597468,176.73030176694002,59.66193681784718
Indonesia,2010,94.15,41.3,28.35,46300000.0,34.81,142.88,,34.63,19.50876,7121.819,4.21,415519.989,4.326221,6.223854181,3122.362673,151,1904569.0,-0.789275,113.921327,Indonesia,Indonesia,Upper middle income,East Asia & Pacific,12.937288407043916,8.046665480223545,280.1044253665816,216.65236404061002,64.74882535062122
Indonesia,2011,94.83,47.3,29.16,947340000.0,30.92,161.41,,30.46,15.875333,7429.8623,4.04,475309.9976,3.3885977,6.169784208,3643.047176,151,1904569.0,-0.789275,113.921327,Indonesia,Indonesia,Upper middle income,East Asia & Pacific,13.071724600562904,8.200850204509,253.5702883234183,190.76972771136002,67.25394407679532
Indonesia,2012,96.0,52.9,30.14,16110000.0,28.78,177.83,,31.11,14.8894415,7574.457,3.79,481510.0098,3.4713633,6.030050653,3694.35934,151,1904569.0,-0.789275,113.921327,Indonesia,Indonesia,Upper middle income,East Asia & Pacific,13.084684375587148,8.21483307899209,236.42289601339235,173.54485779334001,67.48348251570266
Indonesia,2013,96.46426,58.0,32.81,245060000.0,29.7,189.66,,35.5,15.766565,7225.1826,3.47,447940.0024,4.3306036,5.557263689,3623.927241,151,1904569.0,-0.789275,113.921327,Indonesia,Indonesia,Upper middle income,East Asia & Pacific,13.012416811653663,8.195589495639066,243.40900802048026,165.0507315633,67.1676871810294
Indonesia,2014,97.01,62.8,32.99,881330000.0,28.32,203.11,,34.41,14.487201,7235.558,3.44,483910.0037,4.4786325,5.006668426,3491.637491,151,1904569.0,-0.789275,113.921327,Indonesia,Indonesia,Upper middle income,East Asia & Pacific,13.089656292138493,8.158412457858027,231.04624080653934,141.78884982432,66.55969383253306
Indonesia,2015,97.53737,67.1,33.18,378150000.0,26.69,209.71,,33.56,13.795372,7266.8945,3.26,488549.9878,3.7929575,4.8763223,3331.695115,151,1904569.0,-0.789275,113.921327,Indonesia,Indonesia,Upper middle income,East Asia & Pacific,13.09919912127199,8.111536599476214,216.49691184002015,130.149042187,65.79702600464213
Indonesia,2016,97.62,71.2,34.65,342330000.0,28.24,217.97,,39.58,15.367891,7212.07,3.19,482510.0098,5.47902,5.033069183,3562.816334,151,1904569.0,-0.789275,113.921327,Indonesia,Indonesia,Upper middle income,East Asia & Pacific,13.086759017739187,8.178587253592761,230.96330404145957,142.13387372792,66.88928946462998
Indonesia,2017,98.14,75.1,35.74,300880000.0,26.15,222.64,,43.17,16.240925,7388.523,3.2,517320.0073,5.283774,5.069785901,3837.578024,151,1904569.0,-0.789275,113.921327,Indonesia,Indonesia,Upper middle income,East Asia & Pacific,13.156418864677985,8.252857270751482,215.81221763015125,132.57490131115,68.1096531313956
Indonesia,2018,98.51,78.7,36.64,1056140000.0,21.05,235.41,,48.38,17.047817,8026.891,3.19,576989.9902,7.393458,5.17429154,3893.859578,151,1904569.0,-0.789275,113.921327,Indonesia,Indonesia,Upper middle income,East Asia & Pacific,13.265581930463643,8.267412905793604,174.02904166695538,108.918836917,68.35011615488264
Indonesia,2019,98.85,81.85,38.06,215790000.0,19.09,247.39,,48.04,16.261044,8474.4795,3.16,619840.0269,7.870309,5.018159715,4135.201531,151,1904569.0,-0.789275,113.921327,Indonesia,Indonesia,Upper middle income,East Asia & Pacific,13.337218315917259,8.327533141065018,158.97260766293118,95.79666895935,69.3478082155362
Iraq,2000,96.92168,74.1,28.51,,0.36,29.41,0.0,0.61,2.0319786,13100.986,5.07,87630.0,2.9294536,16.92166569,2058.264401,93,438317.0,33.223191,43.679291,Iraq,Iraq,Upper middle income,"Middle East, North Africa, Afghanistan & Pakistan",11.38089009560181,7.630104111119716,2.746837480003098,6.0917996484,58.218488746526
Iraq,2001,97.0628,77.0,27.68,,0.35,29.74,0.0,0.61,2.0098846,14176.429,5.57,97550.0,3.0164843,1.761480089,1494.388802,93,438317.0,33.223191,43.679291,Iraq,Iraq,Upper middle income,"Middle East, North Africa, Afghanistan & Pakistan",11.488130597151969,7.310141520240332,2.558549532084116,0.6165180311499999,53.438169045941635
Iraq,2002,97.196335,79.4,14.44,,0.31,31.34,0.0,0.51,1.6012559,13048.608,5.79,91160.00366,3.8850465,-8.198469828,1320.734706,93,438317.0,33.223191,43.679291,Iraq,Iraq,Upper middle income,"Middle East, North Africa, Afghanistan & Pakistan",11.420382493171763,7.18670032402535,2.2278771004478584,-2.5415256466800002,51.648661547346066
Iraq,2003,97.32463,82.2,17.94,23850000.0,0.35,26.23,0.0,0.43,1.6129032,11233.329,8.1,81279.99878,4.5359826,-36.65815267,854.8252808,93,438317.0,33.223191,43.679291,Iraq,Iraq,Upper middle income,"Middle East, North Africa, Afghanistan & Pakistan",11.305667550876574,6.7520662440932595,2.363223185432641,-12.8303534345,45.590398564623655
Iraq,2004,97.45004,84.9,59.66,,0.36,29.89,0.0,0.49,1.6129032,11703.38,5.67,88110.00061,5.081916,53.38179418,1391.963489,93,438317.0,33.223191,43.679291,Iraq,Iraq,Upper middle income,"Middle East, North Africa, Afghanistan & Pakistan",11.386352669169009,7.239188763098907,2.6061079547156063,19.217445904799998,52.40585394777749
Iraq,2005,97.57492,87.0,60.25,,2.43,22.94,0.0,5.94,20.567867,10743.436,5.56,85129.99725,4.544925,1.671889623,1855.522348,93,438317.0,33.223191,43.679291,Iraq,Iraq,Upper middle income,"Middle East, North Africa, Afghanistan & Pakistan",11.351946493246233,7.526460311250042,18.289298556337602,4.06269178389,56.647604816822074
Iraq,2006,97.62211,89.1,72.32,43260000.0,2.56,26.07,0.0,6.04,18.810339,10367.605,5.12,82959.99908,4.7386,5.646297801,2373.209448,93,438317.0,33.223191,43.679291,Iraq,Iraq,Upper middle income,"Middle East, North Africa, Afghanistan & Pakistan",11.32612588574314,7.772419797057224,19.897394680466494,14.454522370560001,60.41050950168706
Iraq,2007,98.1,90.9,72.84,35230000.0,2.0,25.85,0.0,5.68,18.01459,10543.257,4.94,76650.00153,4.2728944,1.885572141,3182.841351,93,438317.0,33.223191,43.679291,Iraq,Iraq,Upper middle income,"Middle East, North Africa, Afghanistan & Pakistan",11.247017950489875,8.065843718775634,16.131687437551268,3.771144282,65.05783489571235
Iraq,2008,97.971436,92.6,80.07,80000.0,1.15,31.35,0.0,3.45,9.913794,11838.88,4.93,88139.99939,2.3818684,8.228107104,4636.639325,93,438317.0,33.223191,43.679291,Iraq,Iraq,Upper middle income,"Middle East, North Africa, Afghanistan & Pakistan",11.386693076997455,8.44196074959109,9.708254862029753,9.462323169599998,71.26670129763654
Iraq,2009,98.11988,93.9,78.5,150000.0,1.21,39.83,0.0,3.19,7.415156,11209.113,5.12,94199.99695,2.3280268,3.379299094,3853.82862,93,438317.0,33.223191,43.679291,Iraq,Iraq,Upper middle income,"Middle East, North Africa, Afghanistan & Pakistan",11.453186043841784,8.257081828459272,9.99106901243572,4.08895190374,68.17940032187232
Iraq,2010,98.28097,95.0,76.47,158470000.0,1.67,41.49,0.0,4.72,10.214239,12167.795,5.32,108550.0031,2.637557,6.402564845,4657.280269,93,438317.0,33.223191,43.679291,Iraq,Iraq,Upper middle income,"Middle East, North Africa, Afghanistan & Pakistan",11.59497541616655,8.446401618020184,14.105490702093707,10.69228329115,71.34170029289399
Iraq,2011,98.0,96.05,74.02,,1.14,47.48,0.0,3.36,6.608969,12087.509,5.42,113040.0009,2.3962152,7.5464712,6045.494567,93,438317.0,33.223191,43.679291,Iraq,Iraq,Upper middle income,"Middle East, North Africa, Afghanistan & Pakistan",11.635505871707036,8.707233972688583,9.926246728864983,8.602977167999999,75.8159234551422
Iraq,2012,99.3,96.7,58.49,2250000.0,1.3,39.13,0.0,4.35,10.0046,12609.8,5.26,129000.0,2.8232703,13.93643017,6836.073995,93,438317.0,33.223191,43.679291,Iraq,Iraq,Upper middle income,"Middle East, North Africa, Afghanistan & Pakistan",11.767575435251748,8.830115140584496,11.479149682759845,18.117359221,77.97093339597956
Iraq,2013,98.86628,97.3,57.15,,1.46,50.45,0.0,4.76,8.621627,13361.737,5.06,139100.0061,2.676,7.628571185,7076.552265,93,438317.0,33.223191,43.679291,Iraq,Iraq,Upper middle income,"Middle East, North Africa, Afghanistan & Pakistan",11.842955610811329,8.864683401628517,12.942437766377633,11.1377139301,78.58261181110812
Iraq,2014,99.098434,97.7,55.27,20000.0,1.0,60.94,0.0,2.96,4.632238,12829.746,4.82,134039.9933,1.7387189,0.19701671,6637.684375,93,438317.0,33.223191,43.679291,Iraq,Iraq,Upper middle income,"Middle East, North Africa, Afghanistan & Pakistan",11.805900952298275,8.80066908654371,8.80066908654371,0.19701671,77.4517763708461
Iraq,2015,99.34543,98.1,64.96,,0.82,62.17,0.0,2.58,3.984556,12457.778,4.36,133169.9982,1.610299,4.722864019,4688.318017,93,438317.0,33.223191,43.679291,Iraq,Iraq,Upper middle income,"Middle East, North Africa, Afghanistan & Pakistan",11.799389282150308,8.453042438713435,6.931494799745017,3.87274849558,71.45392647069038
Iraq,2016,99.6043,98.3,63.12,260570000.0,0.94,72.06,0.0,3.4,4.505698,13748.048,4.12,142229.9957,1.8365394,13.78737302,4550.658638,93,438317.0,33.223191,43.679291,Iraq,Iraq,Upper middle income,"Middle East, North Africa, Afghanistan & Pakistan",11.865207745172548,8.423246981342132,7.917852162461603,12.960130638799999,70.95108970868934
Iraq,2017,99.87207,98.7,61.54,112960000.0,0.57,80.07,0.0,2.21,2.6859505,15090.169,4.74,155080.0018,1.1253452,-1.819750351,4985.452879,93,438317.0,33.223191,43.679291,Iraq,Iraq,Upper middle income,"Middle East, North Africa, Afghanistan & Pakistan",11.95170285165567,8.514480090083046,4.853253651347336,-1.0372577000699998,72.4963712044206
Iraq,2018,99.9,98.8,64.78,,0.49,80.93,0.0,2.18,2.6230297,14896.87,5.67,163149.9939,0.9119535,2.633850991,5915.850854,93,438317.0,33.223191,43.679291,Iraq,Iraq,Upper middle income,"Middle East, North Africa, Afghanistan & Pakistan",12.002431393942844,8.685559636004436,4.255924221642173,1.29058698559,75.43894619058952
Iraq,2019,99.992004,98.9,63.34,,0.43,83.85,0.0,5.34,5.987218,15430.376,5.57,174559.9976,2.2772882,5.957327503,5980.626918,93,438317.0,33.223191,43.679291,Iraq,Iraq,Upper middle income,"Middle East, North Africa, Afghanistan & Pakistan",12.070029515990989,8.696447869809324,3.739472584018009,2.56165082629,75.62820555231113
Ireland,2000,100.0,100.0,,,2.04,22.49,0.0,1.18,4.985213,45993.887,3.12,42530.0,2.0416548,9.399418006,26269.18162,73,84421.0,53.41291,-8.24389,Ireland,Ireland,High income,Europe & Central Asia,10.657988500785741,10.176189796245334,20.75942718434048,19.17481273224,103.55483876920765
Ireland,2001,100.0,100.0,,,1.97,23.61,0.0,1.03,4.180195,47836.67,3.08,44820.0,1.6617,5.304484392,28257.93859,73,84421.0,53.41291,-8.24389,Ireland,Ireland,High income,Europe & Central Asia,10.710432058574115,10.249165096792902,20.190855240682016,10.44983425224,105.04538518131785
Ireland,2002,100.0,100.0,,,2.25,23.46,0.0,1.38,5.5555553,46569.605,2.92,43930.00031,2.22865,5.896231721,32550.27907,73,84421.0,53.41291,-8.24389,Ireland,Ireland,High income,Europe & Central Asia,10.690375507254627,10.39057194240998,23.378786870422456,13.26652137225,107.96398529039752
Ireland,2003,100.0,100.0,,,2.01,23.72,0.0,1.14,4.5856795,44674.87,2.77,44090.00015,1.8775274,3.009584321,41112.74822,73,84421.0,53.41291,-8.24389,Ireland,Ireland,High income,Europe & Central Asia,10.694010962376849,10.62409785111882,21.354436680748826,6.049264485209999,112.87145515014754
Ireland,2004,100.0,100.0,,,2.31,23.83,0.0,1.39,5.511499,44733.043,2.67,44689.99863,2.256778,6.785872817,47666.54708,73,84421.0,53.41291,-8.24389,Ireland,Ireland,High income,Europe & Central Asia,10.70752738739276,10.772006090613152,24.88333406931638,15.675366207269999,116.03611521620684
Ireland,2005,100.0,100.0,,,2.89,23.75,0.0,1.87,7.298985,45659.78,2.55,46650.00153,2.88465,5.73621145,50914.03129,73,84421.0,53.41291,-8.24389,Ireland,Ireland,High income,Europe & Central Asia,10.750449675069685,10.837913469159245,31.321569925870218,16.5776510905,117.46036836498338
Ireland,2006,100.0,100.0,,,3.23,24.64,0.0,2.47,9.111029,45880.33,2.44,47259.99832,3.701902,4.980502016,54283.68178,73,84421.0,53.41291,-8.24389,Ireland,Ireland,High income,Europe & Central Asia,10.763440674512712,10.90199736262427,35.213451481276394,16.08702151168,118.85354649466653
Ireland,2007,100.0,100.0,,,3.57,25.56,0.0,2.81,9.904829,45259.535,2.36,46360.00061,4.042659,5.30546835,61318.46603,73,84421.0,53.41291,-8.24389,Ireland,Ireland,High income,Europe & Central Asia,10.744213880697904,11.0238526250222,39.35515387132926,18.9405220095,121.52532669820887
Ireland,2008,100.0,100.0,,,4.21,26.32,0.0,3.6,12.032085,44106.4,2.45,45779.99878,5.1767683,-4.486599314,61103.51347,73,84421.0,53.41291,-8.24389,Ireland,Ireland,High income,Europe & Central Asia,10.731624410219204,11.020341012644183,46.39563566323201,-18.88858311194,121.4479160349674
Ireland,2009,100.0,100.0,,,5.3,23.85,0.0,4.12,14.730068,39248.785,2.5,40560.00137,6.4529405,-5.100471121,51927.23096,73,84421.0,53.41291,-8.24389,Ireland,Ireland,High income,Europe & Central Asia,10.610562326569774,10.857617870400224,57.545374713121184,-27.0324969413,117.8878658196343
Ireland,2010,100.0,100.0,,,5.31,24.44,0.0,3.72,13.210227,39407.06,2.45,40189.99863,5.8530927,1.755080743,48607.94052,73,84421.0,53.41291,-8.24389,Ireland,Ireland,High income,Europe & Central Asia,10.601398334857862,10.79156275428665,57.30319822526211,9.319478745329999,116.45782667970687
Ireland,2011,100.0,100.0,,,6.61,21.73,0.0,5.43,19.992636,37465.4,2.23,36680.00031,8.820141,1.068526654,52108.83323,73,84421.0,53.41291,-8.24389,Ireland,Ireland,High income,Europe & Central Asia,10.510014197263542,10.861108947552715,71.79193014332346,7.0629611829400005,117.96368757060965
Ireland,2012,100.0,100.0,,,6.64,21.88,0.0,5.25,19.351273,36688.957,2.23,37130.00107,8.679478,-0.052354785,49028.82739,73,84421.0,53.41291,-8.24389,Ireland,Ireland,High income,Europe & Central Asia,10.522207508025023,10.800184114141427,71.71322251789907,-0.3476357724,116.64397689935284
Ireland,2013,100.0,100.0,,,7.44,19.94,0.0,5.63,22.01799,35956.3,2.19,35709.99908,9.441345,1.267014661,51518.3881,73,84421.0,53.41291,-8.24389,Ireland,Ireland,High income,Europe & Central Asia,10.48321401779444,10.84971348376671,80.72186831922433,9.42658907784,117.71628267982915
Ireland,2014,100.0,100.0,,,8.55,19.42,0.0,6.39,24.757847,35600.855,1.97,35529.99878,10.700231,8.713697808,55525.89725,73,84421.0,53.41291,-8.24389,Ireland,Ireland,High income,Europe & Central Asia,10.478160799512173,10.924622817471983,93.40552508938546,74.5021162584,119.34738370402948
Ireland,2015,100.0,100.0,,,9.2,20.24,0.0,7.86,27.971529,37274.28,1.64,37060.00137,12.265226,25.17624519,61987.551,73,84421.0,53.41291,-8.24389,Ireland,Ireland,High income,Europe & Central Asia,10.520320519711763,11.034704985684911,101.51928586830117,231.621455748,121.76471412109943
Ireland,2016,100.0,100.0,,,8.59,22.71,0.0,7.52,24.875952,38517.676,1.69,38819.99969,11.26935,2.042232527,62818.96636,73,84421.0,53.41291,-8.24389,Ireland,Ireland,High income,Europe & Central Asia,10.56671660832342,11.048028237594245,94.90256256093457,17.54277740693,122.0589279386798
Ireland,2017,100.0,100.0,,,10.1,21.78,0.0,8.88,28.962818,38225.68,1.51,37779.99878,13.157302,8.940012772,69601.68388,73,84421.0,53.41291,-8.24389,Ireland,Ireland,High income,Europe & Central Asia,10.539561577445072,11.150558407073289,112.62063991144022,90.29412899719999,124.3349527895528
Ireland,2018,100.0,100.0,,,10.78,20.7,0.0,10.2,33.00971,38573.797,1.41,37659.99985,14.717063,9.0301611,79068.97461,73,84421.0,53.41291,-8.24389,Ireland,Ireland,High income,Europe & Central Asia,10.536380351247987,11.278088493957043,121.57779396485691,97.345136658,127.19528007752623
Ireland,2019,100.0,100.0,,,12.34,18.92,0.0,11.8,38.41146,38270.875,1.32,35750.0,16.911177,4.917006978,80886.61574,73,84421.0,53.41291,-8.24389,Ireland,Ireland,High income,Europe & Central Asia,10.484333519758916,11.300816010240714,139.45206956637043,60.67586610852,127.70844249731286
Israel,2000,100.0,100.0,,,5.96,40.07,0.0,0.03,0.07481297,37170.773,3.86,57000.0,0.040315732,8.892274486,21061.48228,400,20770.0,31.046051,34.851612,Israel,Israel,High income,"Middle East, North Africa, Afghanistan & Pakistan",10.950824090522445,9.955248645788725,59.3332819289008,52.99795593656,99.10697559947823
Israel,2001,100.0,100.0,,,6.3,41.3,0.0,0.02,0.04840271,36424.156,4.05,57950.0,0.025859207,0.10226649,20316.24805,400,20770.0,31.046051,34.851612,Israel,Israel,High income,"Middle East, North Africa, Afghanistan & Pakistan",10.967353104874404,9.919225461910628,62.491120410036956,0.644278887,98.3910337642161
Israel,2002,100.0,100.0,,,6.5,42.74,0.0,0.03,0.07014262,36462.848,3.98,61080.00183,0.040297464,-0.195870302,18439.64616,400,20770.0,31.046051,34.851612,Israel,Israel,High income,"Middle East, North Africa, Afghanistan & Pakistan",11.01995616112995,9.822312537711406,63.84503149512414,-1.273156963,96.47782358848268
Israel,2003,100.0,100.0,,,6.52,44.18,0.0,0.04,0.090456806,36880.75,4.13,62930.00031,0.052213624,1.149355582,18991.37985,400,20770.0,31.046051,34.851612,Israel,Israel,High income,"Middle East, North Africa, Afghanistan & Pakistan",11.049794171992929,9.85179311717598,64.23369112398738,7.49379839464,97.05782762363602
Israel,2004,100.0,100.0,,,6.73,44.41,0.0,0.04,0.08998875,36929.9,3.86,63159.99985,0.046136867,4.915016328,19910.61067,400,20770.0,31.046051,34.851612,Israel,Israel,High income,"Middle East, North Africa, Afghanistan & Pakistan",11.05344229867493,9.899058291325138,66.62066230061818,33.078059887440006,97.99135505505296
Israel,2005,100.0,100.0,,,7.03,45.65,0.0,0.04,0.08754651,36458.637,3.57,61009.99832,0.04562039,4.15881137,20585.13861,400,20770.0,31.046051,34.851612,Israel,Israel,High income,"Middle East, North Africa, Afghanistan & Pakistan",11.018809427231167,9.932373245280585,69.82458391432252,29.2364439311,98.65203828356559
Israel,2006,100.0,100.0,,,6.86,47.5,0.0,0.02,0.04208754,36028.926,3.72,64330.00183,0.029145408,5.776818161,21853.14024,400,20770.0,31.046051,34.851612,Israel,Israel,High income,"Middle East, North Africa, Afghanistan & Pakistan",11.071796937577737,9.992145667241976,68.54611927727996,39.62897258446,99.8429750353826
Israel,2007,100.0,100.0,,,6.72,50.53,0.0,0.03,0.05933544,36725.434,3.61,66599.99847,0.026579969,6.10186595,24952.54759,400,20770.0,31.046051,34.851612,Israel,Israel,High income,"Middle East, North Africa, Afghanistan & Pakistan",11.106474848458143,10.124771279047865,68.03846299520166,41.004539183999995,102.51099345303254
Israel,2008,100.0,100.0,,,8.9,53.34,0.0,0.04,0.07493443,37139.566,3.85,66709.99908,0.035232626,3.45885767,29650.77025,400,20770.0,31.046051,34.851612,Israel,Israel,High income,"Middle East, North Africa, Afghanistan & Pakistan",11.108125122056713,10.297277107533994,91.64576625705254,30.783833263000002,106.03391582934364
Israel,2009,100.0,100.0,,,8.46,54.67,0.0,0.07,0.12787724,35460.906,3.59,65730.00336,0.114865705,1.14297478,27780.46372,400,20770.0,31.046051,34.851612,Israel,Israel,High income,"Middle East, North Africa, Afghanistan & Pakistan",11.093325986012559,10.232124304625104,86.5637716171284,9.669566638800001,104.69636778529978
Israel,2010,100.0,100.0,,,8.55,58.41,0.0,0.14,0.23911187,36229.89,3.66,70519.99664,0.18728304,5.684707293,30780.02382,400,20770.0,31.046051,34.851612,Israel,Israel,High income,"Middle East, North Africa, Afghanistan & Pakistan",11.163665769140245,10.334653669347807,88.36128887292375,48.60424735515,106.80506646536409
Israel,2011,100.0,100.0,,,9.08,59.34,0.0,0.26,0.43624163,36258.53,3.49,69819.99969,0.31869283,5.542590001,33775.512,400,20770.0,31.046051,34.851612,Israel,Israel,High income,"Middle East, North Africa, Afghanistan & Pakistan",11.153690098660219,10.427520928665773,94.68189003228522,50.32671720908,108.7331927177627
Israel,2012,100.0,100.0,,,2.88,62.57,0.0,0.44,0.69830185,37267.684,3.46,76059.99756,0.48113036,2.822996205,32667.60687,400,20770.0,31.046051,34.851612,Israel,Israel,High income,"Middle East, North Africa, Afghanistan & Pakistan",11.239290896831427,10.394169861200439,29.935209200257262,8.130229070399999,108.03876710348754
Israel,2013,100.0,100.0,,,3.27,60.76,0.0,0.58,0.94554937,34654.492,3.03,67000.0,0.5884291,4.777202349,36499.45611,400,20770.0,31.046051,34.851612,Israel,Israel,High income,"Middle East, North Africa, Afghanistan & Pakistan",11.112462823634855,10.50508003565689,34.35161171659803,15.62145168123,110.35670655555697
Israel,2014,100.0,100.0,,,3.7,59.9,0.0,0.96,1.5773907,33226.094,2.82,64720.00122,1.0096922,4.124746861,37847.64994,400,20770.0,31.046051,34.851612,Israel,Israel,High income,"Middle East, North Africa, Afghanistan & Pakistan",11.077841021637436,10.541350589537245,39.00299718128781,15.261563385700002,111.12007225153722
Israel,2015,100.0,100.0,,,3.74,62.99,0.0,1.25,1.9458282,34426.47,2.9,66139.99939,1.2998136,2.279679419,35808.43643,400,20770.0,31.046051,34.851612,Israel,Israel,High income,"Middle East, North Africa, Afghanistan & Pakistan",11.099544096642369,10.485966725085897,39.21751555182126,8.52600102706,109.95549815960864
Israel,2016,100.0,100.0,,,3.98,65.34,0.0,1.69,2.521259,34475.207,2.81,64980.00336,1.7576799,4.462753818,37330.2618,400,20770.0,31.046051,34.851612,Israel,Israel,High income,"Middle East, North Africa, Afghanistan & Pakistan",11.081850250162667,10.527586372569633,41.89979376282714,17.76176019564,110.83007483191385
Israel,2017,100.0,100.0,,,3.86,65.81,0.0,1.79,2.647929,34537.31,2.67,65610.00061,1.7236598,4.377044428,40774.12961,400,20770.0,31.046051,34.851612,Israel,Israel,High income,"Middle East, North Africa, Afghanistan & Pakistan",11.09149865309902,10.61582760614756,40.97709455972958,16.895391492079998,112.69579576344464
Israel,2018,100.0,100.0,,,3.75,67.02,0.0,1.85,2.6862204,34493.293,2.65,61080.00183,1.8638786,3.983424594,42063.45313,400,20770.0,31.046051,34.851612,Israel,Israel,High income,"Middle East, North Africa, Afghanistan & Pakistan",11.01995616112995,10.646958319306087,39.926093697397825,14.937842227500001,113.3577214530411
Israel,2019,100.0,100.0,,,4.47,68.82,0.0,2.9,4.0435023,35085.457,2.51,62650.00153,2.9192069,3.77358981,43951.24773,400,20770.0,31.046051,34.851612,Israel,Israel,High income,"Middle East, North Africa, Afghanistan & Pakistan",11.045334946309765,10.690859044695218,47.78813992978762,16.8679464507,114.29446711354154
Italy,2000,100.0,100.0,,,5.12,218.28,0.0,50.87,18.900242,36851.285,2.93,436300.0,7.1556435,3.786955143,20087.59199,206,301340.0,41.87194,12.56738,Italy,Italy,High income,Europe & Central Asia,12.98608765110999,9.90790737023593,50.72848573560797,19.38921033216,98.16662845717548
Italy,2001,100.0,100.0,,,5.38,216.73,0.0,54.35,20.049433,36802.125,2.88,436570.0,7.6085052,1.951371556,20483.21599,206,301340.0,41.87194,12.56738,Italy,Italy,High income,Europe & Central Asia,12.98670629853736,9.92740991685413,53.40946535267521,10.49837897128,98.55346765725372
Italy,2002,100.0,100.0,,,5.6,228.45,0.0,48.31,17.455557,36481.184,2.9,443470.0012,6.7783766,0.253942999,22270.14412,206,301340.0,41.87194,12.56738,Italy,Italy,High income,Europe & Central Asia,13.002387692348226,10.011047133875637,56.061863949703564,1.4220807944,100.2210647166796
Italy,2003,100.0,100.0,,,6.24,238.52,0.0,46.86,16.420212,37436.27,3.03,462200.0122,6.33908,0.138626891,27465.6753,206,301340.0,41.87194,12.56738,Italy,Italy,High income,Europe & Central Asia,13.043755166781075,10.220728741549792,63.777347347270705,0.86503179984,104.46329600834198
Italy,2004,100.0,100.0,,,5.94,240.95,0.0,53.88,18.274939,37979.51,3.01,472399.9939,7.220357,1.423594158,31259.7165,206,301340.0,41.87194,12.56738,Italy,Italy,High income,Europe & Central Asia,13.065583467240472,10.350117524378181,61.4796980948064,8.45614929852,107.12493276844032
Italy,2005,100.0,100.0,,,6.7,247.29,0.0,48.43,16.376978,37805.06,3.04,473829.9866,6.4335437,0.817848974,32043.14037,206,301340.0,41.87194,12.56738,Italy,Italy,High income,Europe & Central Asia,13.068605968737172,10.374869617864672,69.5116264396933,5.4795881258,107.63791958769144
Italy,2006,100.0,100.0,,,7.51,256.03,0.0,50.64,16.512863,37481.96,2.96,466649.9939,6.7299886,1.790639681,33501.65817,206,301340.0,41.87194,12.56738,Italy,Italy,High income,Europe & Central Asia,13.053336920853406,10.419380063023452,78.24954427330611,13.44770400431,108.56348089773059
Italy,2007,100.0,100.0,,,8.73,259.49,0.0,47.72,15.533349,36549.08,2.91,459369.9951,6.4319706,1.48707298,37822.66524,206,301340.0,41.87194,12.56738,Italy,Italy,High income,Europe & Central Asia,13.037613430761574,10.540690250261292,92.02022588478108,12.9821471154,111.10615095195347
Italy,2008,100.0,100.0,,,10.82,254.34,0.0,58.16,18.6112,35659.477,2.9,444980.011,8.19532,-0.962012841,40778.34274,206,301340.0,41.87194,12.56738,Italy,Italy,High income,Europe & Central Asia,13.005786888327792,10.615930926784241,114.8643726278055,-10.408978939619999,112.69798944225411
Italy,2009,100.0,100.0,,,12.54,218.32,0.0,69.26,24.083735,33102.94,2.86,397059.9976,10.585501,-5.280937208,37079.75867,206,301340.0,41.87194,12.56738,Italy,Italy,High income,Europe & Central Asia,12.891845194214543,10.520853479826469,131.93150263702393,-66.22295258832,110.68835794397673
Italy,2010,100.0,100.0,,,12.79,220.93,0.0,76.98,25.84002,34046.293,2.88,405269.989,11.43081,1.713295839,36000.52012,206,301340.0,41.87194,12.56738,Italy,Italy,High income,Europe & Central Asia,12.912311230977268,10.49131644210233,134.18393729448877,21.91305378081,110.06772068832667
Italy,2011,100.0,100.0,,,11.9,216.78,0.0,82.96,27.67732,33284.145,2.76,396690.0024,12.443047,0.707333347,38599.06221,206,301340.0,41.87194,12.56738,Italy,Italy,High income,Europe & Central Asia,12.890912925125967,10.561009167109654,125.67600908860489,8.417266829299999,111.53491462777416
Italy,2012,100.0,100.0,,,14.39,204.26,0.0,92.22,31.104963,32295.604,2.73,376750.0,14.165737,-2.980905768,35053.52624,206,301340.0,41.87194,12.56738,Italy,Italy,High income,Europe & Central Asia,12.839339770765246,10.464660020787226,150.5864576991282,-42.89523400152,109.50910935066251
Italy,2013,100.0,100.0,,,16.32,175.07,0.0,112.0,39.014874,30816.12,2.68,346459.9915,17.610695,-1.841065451,35549.9747,206,301340.0,41.87194,12.56738,Italy,Italy,High income,Europe & Central Asia,12.755525512631065,10.478722852577047,171.0127569540574,-30.04618816032,109.80363262112044
Italy,2014,100.0,100.0,,,17.13,156.76,0.0,120.68,43.497692,29214.832,2.53,327500.0,19.739761,-0.004547542,35518.41529,206,301340.0,41.87194,12.56738,Italy,Italy,High income,Europe & Central Asia,12.699246387487896,10.477834735540435,179.48530901980766,-0.07789939446,109.7850207452977
Italy,2015,100.0,100.0,,,16.57,172.06,0.0,108.89,38.757786,30129.14,2.61,337859.9854,17.334675,0.778304351,30230.2263,206,301340.0,41.87194,12.56738,Italy,Italy,High income,Europe & Central Asia,12.730389804065137,10.316630652613988,170.9465699138138,12.89650309607,106.43286802245451
Italy,2016,100.0,100.0,,,16.09,179.19,0.0,108.01,37.607937,30305.607,2.55,333339.9963,17.009197,1.293462732,30939.71425,206,301340.0,41.87194,12.56738,Italy,Italy,High income,Europe & Central Asia,12.716921257931924,10.339828208863835,166.3678358806191,20.81181535788,106.9120473888163
Italy,2017,100.0,100.0,,,16.43,189.44,0.0,103.89,35.41745,30716.617,2.55,329190.0024,16.149738,1.667859041,32326.67421,206,301340.0,41.87194,12.56738,Italy,Italy,High income,Europe & Central Asia,12.70439341569829,10.383678929065857,170.60384480455204,27.40292404363,107.82078810192625
Italy,2018,100.0,100.0,,,17.08,172.98,0.0,114.41,39.810013,30957.242,2.48,324880.0049,17.727497,0.925810941,34605.26273,206,301340.0,41.87194,12.56738,Italy,Italy,High income,Europe & Central Asia,12.69121425549748,10.451789948423837,178.51657231907913,15.812850872279999,109.23991312597356
Italy,2019,100.0,100.0,,,17.27,175.52,0.0,115.83,39.756306,30464.062,2.45,317239.9902,17.93995,0.410278294,33641.63375,206,301340.0,41.87194,12.56738,Italy,Italy,High income,Europe & Central Asia,12.667416985488565,10.423549403233862,180.0146981938488,7.0855061373799995,108.65038216165699
Jamaica,2000,84.394135,75.7,20.81,5180000.0,9.37,5.76,0.0,0.46,7.3954988,16542.139,5.89,10060.0,,0.878703548,3392.123878,273,10991.0,18.109581,-77.297508,Jamaica,Jamaica,Upper middle income,Latin America & Caribbean,9.21642184229205,8.12950627399103,76.17347378729595,8.233452244759999,66.08887225885952
Jamaica,2001,87.708115,77.6,20.5,9070000.0,7.95,5.85,0.0,0.41,6.5495205,16699.781,5.93,10080.0,,1.344929564,3437.655517,273,10991.0,18.109581,-77.297508,Jamaica,Jamaica,Upper middle income,Latin America & Caribbean,9.218407743053941,8.142835835888938,64.73554489531706,10.692190033800001,66.3057754502371
Jamaica,2002,86.68129,79.2,19.95,,8.07,6.07,0.0,0.46,7.04441,16544.623,5.56,10250.0,,1.997290944,3609.203331,273,10991.0,18.109581,-77.297508,Jamaica,Jamaica,Upper middle income,Latin America & Caribbean,9.235130540783402,8.1915193741175,66.10556134912822,16.11813791808,67.10098965654234
Jamaica,2003,86.60857,80.6,19.83,,8.18,6.23,0.0,0.5,7.4294205,17159.158,5.6,10590.00015,,3.666317593,3480.511665,273,10991.0,18.109581,-77.297508,Jamaica,Jamaica,Upper middle income,Latin America & Caribbean,9.267759877006638,8.155221864944272,66.70971485524414,29.99047791074,66.50764366646513
Jamaica,2004,87.33781,81.9,27.39,,6.4,6.25,0.0,0.54,7.9528723,16704.465,5.56,10569.99969,,1.3237251,3733.798671,273,10991.0,18.109581,-77.297508,Jamaica,Jamaica,Upper middle income,Latin America & Caribbean,9.265869652443149,8.22544919276736,52.64287483371111,8.471840640000002,67.65801442279722
Jamaica,2005,88.066505,83.4,27.24,,5.43,6.4,0.0,0.59,8.440629,17141.955,5.39,10560.00042,,0.893797936,4103.601637,273,10991.0,18.109581,-77.297508,Jamaica,Jamaica,Upper middle income,Latin America & Caribbean,9.264923289515435,8.319863973815762,45.176861377819584,4.85332279248,69.2201365427974
Jamaica,2006,88.79708,84.1,27.24,,4.82,6.43,0.0,0.6,8.534851,19489.295,5.95,12060.00042,,2.89912535,4331.292053,273,10991.0,18.109581,-77.297508,Jamaica,Jamaica,Upper middle income,Latin America & Caribbean,9.397732420406225,8.373852023438445,40.36196675297331,13.973784187,70.12139771044414
Jamaica,2007,89.53218,84.85,27.18,,5.35,5.09,0.0,0.52,9.269162,19765.36,5.92,12020.00046,,1.431954037,4623.747897,273,10991.0,18.109581,-77.297508,Jamaica,Jamaica,Upper middle income,Latin America & Caribbean,9.39441043757062,8.439177139704112,45.149597697417,7.660954097949999,71.21971079530448
Jamaica,2008,92.0,85.4,27.11,410000.0,5.99,3.57,0.0,0.43,10.75,16746.21,4.77,9619.999886,,-0.811736703,4928.126409,273,10991.0,18.109581,-77.297508,Jamaica,Jamaica,Upper middle income,Latin America & Caribbean,9.171703476512185,8.50291705234934,50.932473143572544,-4.86230285097,72.29959839913317
Jamaica,2009,91.02678,85.8,27.3,110000.0,7.51,3.64,0.0,0.42,10.344828,13112.701,4.02,7880.000114,,-4.345301858,4335.178411,273,10991.0,18.109581,-77.297508,Jamaica,Jamaica,Upper middle income,Latin America & Caribbean,8.97221009281882,8.37474868872133,62.89436265229718,-32.633216953579996,70.13641559923963
Jamaica,2010,92.2,85.9,33.74,170000.0,8.98,3.55,0.0,0.41,10.353536,11996.119,3.8,7480.000019,,-1.457147209,4704.04776,273,10991.0,18.109581,-77.297508,Jamaica,Jamaica,Upper middle income,Latin America & Caribbean,8.920121754412172,8.456391202871254,75.93839300178387,-13.08518193682,71.51055217599833
Jamaica,2011,91.1,86.2,33.73,8860000.0,9.84,3.56,0.0,0.45,11.221945,12652.353,3.96,7530.00021,,1.730376267,5111.465987,273,10991.0,18.109581,-77.297508,Jamaica,Jamaica,Upper middle income,Latin America & Caribbean,8.926783141986094,8.539437147419392,84.02806153060682,17.02690246728,72.92198679472624
Jamaica,2012,93.1,86.1,33.65,120000.0,12.16,3.46,0.0,0.47,11.959288,11797.367,3.85,6960.000038,,-0.61363604,5209.859264,273,10991.0,18.109581,-77.297508,Jamaica,Jamaica,Upper middle income,Latin America & Caribbean,8.848078426627652,8.558500047060338,104.07136057225371,-7.4618142464,73.24792305553181
Jamaica,2013,93.9,86.0,36.08,,11.39,3.5,0.0,0.43,10.941476,12772.726,4.02,7400.000095,,0.517686013,4989.734089,273,10991.0,18.109581,-77.297508,Jamaica,Jamaica,Upper middle income,Latin America & Caribbean,8.90937041803357,8.5153382899497,96.98970312252709,5.89644368807,72.51098619228347
Jamaica,2014,93.3,85.85,36.56,57810000.0,11.88,3.45,0.0,0.46,11.764706,12533.961,3.89,7190.000057,,0.689822357,4834.284009,273,10991.0,18.109581,-77.297508,Jamaica,Jamaica,Upper middle income,Latin America & Caribbean,8.88058553102907,8.483695146389763,100.7862983391104,8.195089601160001,71.97308333687722
Jamaica,2015,94.9,85.4,37.19,87990000.0,12.12,3.45,0.0,0.46,11.764706,12881.866,3.87,7090.000153,,0.921487125,4907.927415,273,10991.0,18.109581,-77.297508,Jamaica,Jamaica,Upper middle income,Latin America & Caribbean,8.866581674880642,8.498810747841587,103.00558626384003,11.168423954999998,72.22978412762767
Jamaica,2016,96.73798,85.0,64.9,17580000.0,11.07,3.63,0.0,0.5,12.106537,13296.951,4.27,7570.000172,,1.375223064,4843.7499,273,10991.0,18.109581,-77.297508,Jamaica,Jamaica,Upper middle income,Latin America & Caribbean,8.932080460821574,8.485650902765459,93.93615549361363,15.22371931848,72.00627124360425
Jamaica,2017,97.60958,84.5,74.17,900000.0,10.98,3.5,0.0,0.6,14.634148,11942.507,3.86,7219.99979,,0.997123062,5070.099503,273,10991.0,18.109581,-77.297508,Jamaica,Jamaica,Upper middle income,Latin America & Caribbean,8.884748697369336,8.531312937570565,93.6738160545248,10.94841122076,72.7833004387589
Jamaica,2018,98.48712,83.9,73.81,70520000.0,8.88,3.48,0.0,0.69,16.546762,12335.036,4.28,8609.999657,,1.889923681,5359.993789,273,10991.0,18.109581,-77.297508,Jamaica,Jamaica,Upper middle income,Latin America & Caribbean,9.060795694863392,8.586904645274357,76.2517132500363,16.782522287280003,73.73493138703434
Jamaica,2019,99.36762,83.4,86.03,180000.0,9.09,3.6,0.0,0.65,15.294118,15387.241,4.45,8390.000343,,0.892291654,5369.498371,273,10991.0,18.109581,-77.297508,Jamaica,Jamaica,Upper middle income,Latin America & Caribbean,9.0349150227472,8.588675989714343,78.07106474650338,8.11093113486,73.76535525629565
Japan,2000,100.0,100.0,,,3.7,578.29,305.95,104.16,41.49231,49229.383,4.78,1182610.0,4.8274536,2.764647551,39169.35957,347,377944.0,36.204824,138.252924,Japan,Japan,High income,East Asia & Pacific,13.98323526386459,10.575675606347128,39.129999743484376,10.2291959387,111.84491453068568
Japan,2001,100.0,100.0,,,3.5,564.95,303.86,101.36,41.767937,48662.785,4.69,1170380.0,4.716366,0.386103426,34406.18246,347,377944.0,36.204824,138.252924,Japan,Japan,High income,East Asia & Pacific,13.972839894790049,10.446020614009242,36.56107214903235,1.351361991,109.11934666830604
Japan,2002,100.0,100.0,,,3.71,605.12,280.34,101.1,38.66364,48643.8,4.7,1206599.976,4.702637,0.041962499,32820.79364,347,377944.0,36.204824,138.252924,Japan,Japan,High income,East Asia & Pacific,14.00331785387294,10.39884801397345,38.5797261318415,0.15568087129,108.13604001771955
Japan,2003,100.0,100.0,,,4.19,633.76,228.01,114.18,35.06225,48392.92,4.6,1214949.951,5.3320413,1.535125499,35387.03742,347,377944.0,36.204824,138.252924,Japan,Japan,High income,East Asia & Pacific,14.01021426439459,10.474129116023311,43.88660099613768,6.432175840810001,109.70738073912727
Japan,2004,100.0,100.0,,,4.26,621.6,268.32,114.73,38.127705,48887.336,4.65,1209849.976,5.25767,2.186115694,38298.98017,347,377944.0,36.204824,138.252924,Japan,Japan,High income,East Asia & Pacific,14.006007749657488,10.553204657414033,44.95665184058378,9.312852856440001,111.37012854126525
Japan,2005,100.0,100.0,,,4.02,634.09,280.5,100.57,37.537926,49007.164,4.55,1212819.946,4.790323,1.803900872,37812.89502,347,377944.0,36.204824,138.252924,Japan,Japan,High income,East Asia & Pacific,14.00845956449947,10.540431907183573,42.37253626687796,7.25168150544,111.10070478997352
Japan,2006,100.0,100.0,,,4.43,628.77,291.54,112.07,39.0951,48855.34,4.48,1189520.02,5.3090086,1.372350128,35991.546,347,377944.0,36.204824,138.252924,Japan,Japan,High income,East Asia & Pacific,13.989061279859472,10.49106714044373,46.47542743216572,6.079511067039999,110.0624897452982
Japan,2007,100.0,100.0,,,4.29,705.37,267.34,100.8,34.293114,48292.938,4.37,1225069.946,4.7619534,1.483969412,35779.02454,347,377944.0,36.204824,138.252924,Japan,Japan,High income,East Asia & Pacific,14.018509315385991,10.485145042920497,44.98127223412893,6.36622877748,109.93826657108026
Japan,2008,100.0,100.0,,,4.44,663.88,241.25,100.79,34.002705,47418.41,4.26,1158219.971,4.830859,-1.224289001,39876.30397,347,377944.0,36.204824,138.252924,Japan,Japan,High income,East Asia & Pacific,13.962395740154543,10.59356261822987,47.035418024940626,-5.4358431644400005,112.22356894635729
Japan,2009,100.0,100.0,,,4.51,611.86,263.05,102.28,37.38577,43254.305,4.3,1100979.98,5.021396,-5.693236359,41308.99684,347,377944.0,36.204824,138.252924,Japan,Japan,High income,East Asia & Pacific,13.91171214035124,10.628859803896011,47.93615771557101,-25.67649597909,112.97266073087636
Japan,2010,100.0,100.0,,,4.66,689.89,278.36,113.92,36.249386,46114.938,4.35,1156479.98,5.684884,4.097917919,44968.15623,347,377944.0,36.204824,138.252924,Japan,Japan,High income,East Asia & Pacific,13.96089231434459,10.713732116635647,49.92599166352212,19.09629750254,114.78405586703015
Japan,2011,100.0,100.0,,,4.82,777.1,153.38,116.5,25.776997,43712.98,4.03,1213520.02,5.733157,0.023809524,48760.07895,347,377944.0,36.204824,138.252924,Japan,Japan,High income,East Asia & Pacific,14.009036625795229,10.794687711119055,52.03039476759385,0.11476190568,116.52528278058475
Japan,2012,100.0,100.0,,,4.68,920.39,15.12,111.09,12.059049,43428.844,3.89,1253609.985,5.6502047,1.374750999,49145.28043,347,377944.0,36.204824,138.252924,Japan,Japan,High income,East Asia & Pacific,14.041538732748798,10.802556444786873,50.55596416160256,6.433834675319999,116.69522574280641
Japan,2013,100.0,100.0,,,5.05,897.88,10.43,121.48,12.809407,43171.46,3.82,1262780.029,6.1299677,2.005100177,40898.6479,347,377944.0,36.204824,138.252924,Japan,Japan,High income,East Asia & Pacific,14.048827012588287,10.61887673319188,53.625327502618994,10.12575589385,112.76054307472387
Japan,2014,100.0,100.0,,,5.58,892.18,0.0,136.53,13.271962,42146.168,3.69,1217119.995,6.9359174,0.296205514,38475.39525,347,377944.0,36.204824,138.252924,Japan,Japan,High income,East Asia & Pacific,14.01199878773441,10.557800221857232,58.91252523796335,1.65282676812,111.46714552464861
Japan,2015,100.0,100.0,,,6.16,844.23,3.24,157.34,15.981131,41622.67,3.59,1179439.941,8.068797,1.560626697,34960.63938,347,377944.0,36.204824,138.252924,Japan,Japan,High income,East Asia & Pacific,13.980551105359645,10.462006721690624,64.44596140561424,9.61346045352,109.4535846446998
Japan,2016,100.0,100.0,,,6.39,832.4,14.87,157.7,17.171658,41172.285,3.54,1167790.039,7.9758606,0.753826746,39400.73936,347,377944.0,36.204824,138.252924,Japan,Japan,High income,East Asia & Pacific,13.970624521399154,10.581565240504505,67.61620188682379,4.81695290694,111.96952293905315
Japan,2017,100.0,100.0,,,6.92,806.12,27.75,175.12,20.106245,41783.035,3.5,1155229.98,8.634004,1.675331752,38891.08627,347,377944.0,36.204824,138.252924,Japan,Japan,High income,East Asia & Pacific,13.959810864628142,10.56854607112106,73.13433881215774,11.593295723839999,111.69416605740841
Japan,2018,100.0,100.0,,,7.22,780.61,47.82,183.63,22.869198,41694.16,3.45,1116150.024,9.322305,0.558851275,39808.16856,347,377944.0,36.204824,138.252924,Japan,Japan,High income,East Asia & Pacific,13.925396738932509,10.591852530571542,76.47317527072653,4.0349062055,112.18734002937477
Japan,2019,100.0,100.0,,,7.69,735.66,63.88,192.72,25.860157,40868.688,3.33,1081569.946,9.565927,0.270304645,40777.6087,347,377944.0,36.204824,138.252924,Japan,Japan,High income,East Asia & Pacific,13.893925121853831,10.61591292633212,81.63637040349401,2.0786427200500004,112.6976072594654
Jordan,2000,98.93427,99.6,2.81,,2.09,6.89,0.0,0.05,0.7204611,13120.57,4.55,16270.0,,4.245712344,1651.621798,115,89342.0,30.585164,36.238414,Jordan,Jordan,Upper middle income,"Middle East, North Africa, Afghanistan & Pakistan",9.69713966113932,7.410118274304747,15.48714719329692,8.87353879896,54.909852839185156
Jordan,2001,98.978065,99.7,2.76,,2.12,7.04,0.0,0.05,0.7052186,12340.564,4.28,16250.0,,5.269957377,1720.361427,115,89342.0,30.585164,36.238414,Jordan,Jordan,Upper middle income,"Middle East, North Africa, Afghanistan & Pakistan",9.69590972432601,7.4508707840405295,15.795846062165923,11.17230963924,55.515475440468734
Jordan,2002,99.5,99.8,2.71,30000.0,2.09,7.59,0.0,0.06,0.78431374,12667.007,4.25,16870.00084,,5.783808113,1802.055064,115,89342.0,30.585164,36.238414,Jordan,Jordan,Upper middle income,"Middle East, North Africa, Afghanistan & Pakistan",9.733351500395553,7.4972377629477345,15.669226924560764,12.08815895617,56.20857407416955
Jordan,2003,99.04525,99.8,2.65,250000.0,1.98,7.47,0.0,0.05,0.6648936,13522.985,4.17,17309.99947,,4.161666999,1876.259338,115,89342.0,30.585164,36.238414,Jordan,Jordan,Upper middle income,"Middle East, North Africa, Afghanistan & Pakistan",9.759097385960358,7.537568193265131,14.92438502266496,8.240100658020001,56.81493426812217
Jordan,2004,99.17344,99.8,2.58,,1.83,8.37,0.0,0.06,0.7117438,14329.478,4.62,18579.99992,,8.567214798,2044.963723,115,89342.0,30.585164,36.238414,Jordan,Jordan,Upper middle income,"Middle East, North Africa, Afghanistan & Pakistan",9.829894827927282,7.623624215660344,13.95123231465843,15.678003080340002,58.119646181602796
Jordan,2005,99.10089,99.8,2.5,20000.0,1.69,9.01,0.0,0.07,0.7709251,15157.3,4.58,19870.00084,,8.146594891,2183.394643,115,89342.0,30.585164,36.238414,Jordan,Jordan,Upper middle income,"Middle East, North Africa, Afghanistan & Pakistan",9.897016703678474,7.68909401788532,12.99456889022619,13.767745365789999,59.12216681587981
Jordan,2006,100.0,99.9,2.82,,2.28,10.38,0.0,0.07,0.6698565,14647.871,4.35,20170.00008,,8.092974944,2513.028732,115,89342.0,30.585164,36.238414,Jordan,Jordan,Upper middle income,"Middle East, North Africa, Afghanistan & Pakistan",9.912001212267423,7.829641817883612,17.851583344774635,18.45198287232,61.30329099635179
Jordan,2007,98.8,99.9,2.7,190000.0,2.32,12.14,0.0,0.09,0.7358954,13221.179,4.23,21090.00015,,8.176170351,2735.378767,115,89342.0,30.585164,36.238414,Jordan,Jordan,Upper middle income,"Middle East, North Africa, Afghanistan & Pakistan",9.956601695297653,7.914390707391748,18.361386441148852,18.96871521432,62.63758026924885
Jordan,2008,100.0,99.9,2.58,80000.0,2.74,12.92,0.0,0.09,0.69177556,12430.374,3.87,20010.00023,,7.232318964,3455.769953,115,89342.0,30.585164,36.238414,Jordan,Jordan,Upper middle income,"Middle East, North Africa, Afghanistan & Pakistan",9.904037412835242,8.148089892436925,22.325766305277178,19.81655396136,66.39136889523277
Jordan,2009,99.4,99.9,2.45,14160000.0,2.78,13.33,0.0,0.08,0.5965697,12645.595,3.89,20659.99985,,5.023710073,3559.692102,115,89342.0,30.585164,36.238414,Jordan,Jordan,Upper middle income,"Middle East, North Africa, Afghanistan & Pakistan",9.936003136952753,8.177710215624927,22.734034399437295,13.96591400294,66.87494437073629
Jordan,2010,100.0,99.9,2.33,6880000.0,2.95,13.81,0.0,0.08,0.5759539,12875.821,3.62,20200.00076,,2.314834221,3736.645462,115,89342.0,30.585164,36.238414,Jordan,Jordan,Upper middle income,"Middle East, North Africa, Afghanistan & Pakistan",9.913487424736362,8.226211136540256,24.267322852793757,6.8287609519500005,67.67054966293892
Jordan,2011,99.651566,99.9,2.21,46930000.0,3.0,13.7,0.0,0.07,0.50835145,13144.025,3.5,20760.00023,,2.737179886,3852.890025,115,89342.0,30.585164,36.238414,Jordan,Jordan,Upper middle income,"Middle East, North Africa, Afghanistan & Pakistan",9.940831516755013,8.256838313279161,24.770514939837483,8.211539658,68.17537893163465
Jordan,2012,99.5,99.9,2.1,10000.0,2.91,15.52,0.0,0.08,0.5128205,13750.912,3.8,24120.00084,,2.429358001,3910.346894,115,89342.0,30.585164,36.238414,Jordan,Jordan,Upper middle income,"Middle East, North Africa, Afghanistan & Pakistan",10.09083814417595,8.271637067830605,24.070463867387062,7.069431782910001,68.41997978190929
Jordan,2013,99.70144,99.9,2.0,212100000.0,3.12,16.15,0.0,0.07,0.431566,12796.636,3.65,23799.99924,,2.609947375,4044.426869,115,89342.0,30.585164,36.238414,Jordan,Jordan,Upper middle income,"Middle East, North Africa, Afghanistan & Pakistan",10.077482843652176,8.305342353961771,25.912668144360726,8.14303581,68.97871161651126
Jordan,2014,99.7485,99.9,1.92,156210000.0,3.1,17.1,0.0,0.08,0.46565774,11669.372,3.73,25549.99924,,3.384078099,4131.44735,115,89342.0,30.585164,36.238414,Jordan,Jordan,Upper middle income,"Middle East, North Africa, Afghanistan & Pakistan",10.148431704064757,8.32662508914215,25.812537776340665,10.4906421069,69.3326853751315
Jordan,2015,99.89817,99.9,16.53,252190000.0,3.19,17.63,0.0,0.29,1.6183035,11497.137,3.84,25309.99947,,2.496528793,4164.108769,115,89342.0,30.585164,36.238414,Jordan,Jordan,Upper middle income,"Middle East, North Africa, Afghanistan & Pakistan",10.138994341894223,8.334497669265955,26.587047564958397,7.96392684967,69.46385139899964
Jordan,2016,99.958824,99.9,54.81,509070000.0,4.67,17.61,0.0,0.93,5.016181,11675.889,3.88,24819.99969,,1.994180849,4175.356602,115,89342.0,30.585164,36.238414,Jordan,Jordan,Upper middle income,"Middle East, North Africa, Afghanistan & Pakistan",10.119445335546189,8.337194519115917,38.93469840427133,9.312824564829999,69.50881244957648
Jordan,2017,100.0,99.9,64.75,436080000.0,5.26,18.1,0.0,1.48,7.5587335,11783.324,4.01,26149.99962,,2.087114551,4231.51828,115,89342.0,30.585164,36.238414,Jordan,Jordan,Upper middle income,"Middle East, North Africa, Afghanistan & Pakistan",10.171642695148693,8.35055243295839,43.92390579736113,10.978222538259999,69.73172593558728
Jordan,2018,99.9,99.9,112.25,89000000.0,7.2,17.04,0.0,2.22,11.52648,11233.428,3.82,24780.00069,,1.934091701,4308.151074,115,89342.0,30.585164,36.238414,Jordan,Jordan,Upper middle income,"Middle East, North Africa, Afghanistan & Pakistan",10.1178325373379,8.368496197108,60.2531726191776,13.9254602472,70.03172860101105
Jordan,2019,100.0,99.9,148.48,73760000.0,8.17,16.41,0.0,3.02,15.542974,11258.242,3.8,24629.99916,,1.955466358,4405.487109,115,89342.0,30.585164,36.238414,Jordan,Jordan,Upper middle income,"Middle East, North Africa, Afghanistan & Pakistan",10.111761057080242,8.390833077084398,68.55310623977954,15.97616014486,70.40607972749363
Kazakhstan,2000,99.50956,84.4,151.45,,2.5,44.11,,7.53,14.581719,24267.602,9.77,120150.0,6.0228243,9.800000002,1229.001247,7,2724900.0,48.019573,66.923684,Kazakhstan,Kazakhstan,Upper middle income,Europe & Central Asia,11.696504564059651,7.114770462187088,17.786926155467718,24.500000005000004,50.61995872960986
Kazakhstan,2001,99.65,85.7,151.57,,2.41,47.3,,8.08,14.590104,27235.379,8.33,117440.0,5.704264,13.5,1490.92709,7,2724900.0,48.019573,66.923684,Kazakhstan,Kazakhstan,Upper middle income,Europe & Central Asia,11.673691358798466,7.307823912277436,17.61185562858862,32.535000000000004,53.40429033285389
Kazakhstan,2002,99.81,86.5,150.91,,2.77,49.44,,8.89,15.240871,27638.352,8.73,131059.9976,6.120414,9.8,1658.030785,7,2724900.0,48.019573,66.923684,Kazakhstan,Kazakhstan,Upper middle income,Europe & Central Asia,11.783418124345381,7.41398884637753,20.536749104465756,27.146,54.967230614210415
Kazakhstan,2003,99.92,87.4,149.67,,2.28,55.24,,8.62,13.498278,30142.02,8.66,146139.9994,5.3825555,9.3,2068.123979,7,2724900.0,48.019573,66.923684,Kazakhstan,Kazakhstan,Upper middle income,Europe & Central Asia,11.892327183969698,7.634880598134911,17.407527763747595,21.204,58.2914017477769
Kazakhstan,2004,99.96,87.8,148.39,,1.89,58.89,,8.06,12.0388365,31813.24,9.31,158029.9988,4.701576,9.600000001,2874.288483,7,2724900.0,48.019573,66.923684,Kazakhstan,Kazakhstan,Upper middle income,Europe & Central Asia,11.970546487702103,7.963908290110581,15.051786668308997,18.14400000189,63.42383525329203
Kazakhstan,2005,100.0,88.7,146.02,,2.09,60.06,,7.86,11.572438,32415.734,8.51,169210.0067,4.4324117,9.699999999,3771.278957,7,2724900.0,48.019573,66.923684,Kazakhstan,Kazakhstan,Upper middle income,Europe & Central Asia,12.038901775456948,8.235434595684797,17.212058304981223,20.27299999791,67.82238297980201
Kazakhstan,2006,99.76655,89.3,144.76,361570000.0,2.13,63.89,,7.77,10.842869,34517.496,9.15,185300.0031,4.047025,10.7,5291.575305,7,2724900.0,48.019573,66.923684,Kazakhstan,Kazakhstan,Upper middle income,Europe & Central Asia,12.129736825642501,8.574060231533208,18.262748293165732,22.790999999999997,73.51450885395928
Kazakhstan,2007,100.0,89.9,143.4,57660000.0,1.83,68.45,,8.17,10.663012,37807.3,9.16,198389.9994,3.8181744,8.9,6771.414797,7,2724900.0,48.019573,66.923684,Kazakhstan,Kazakhstan,Upper middle income,Europe & Central Asia,12.197995106876425,8.820612993149215,16.141721777463065,16.287000000000003,77.80321357491275
Kazakhstan,2008,100.0,90.55,142.74,2670000.0,1.15,72.89,,7.46,9.284381,39400.227,9.38,242029.9988,3.2849119,3.3,8458.017154,7,2724900.0,48.019573,66.923684,Kazakhstan,Kazakhstan,Upper middle income,Europe & Central Asia,12.396821091150336,9.042988270201237,10.399436510731421,3.7949999999999995,81.77563685499716
Kazakhstan,2009,100.0,91.2,141.26,,1.31,71.85,,6.88,8.738727,34913.5,8.42,213610.0006,3.3547347,1.199999999,7165.223175,7,2724900.0,48.019573,66.923684,Kazakhstan,Kazakhstan,Upper middle income,Europe & Central Asia,12.271911885678378,8.8771340409747,11.629045593676858,1.5719999986900002,78.80350878143182
Kazakhstan,2010,100.0,91.7,140.02,1360000.0,1.38,74.63,,8.02,9.703569,36949.332,8.55,229699.9969,3.6240573,7.3,9070.488253,7,2724900.0,48.019573,66.923684,Kazakhstan,Kazakhstan,Upper middle income,Europe & Central Asia,12.34453372867648,9.112891614874695,12.575790428527078,10.074,83.04479358445352
Kazakhstan,2011,99.79747,92.3,138.11,1710000.0,1.38,78.7,,7.88,9.101409,41342.99,8.9,245449.9969,3.1190946,7.400000001,11634.0012,7,2724900.0,48.019573,66.923684,Kazakhstan,Kazakhstan,Upper middle income,Europe & Central Asia,12.41085260099761,9.361773178873474,12.919246986845392,10.21200000138,87.64279705267475
Kazakhstan,2012,100.0,92.4,154.11,27490000.0,1.33,82.98,,7.64,8.43081,42868.23,8.12,244600.0061,2.8572173,4.8,12386.69927,7,2724900.0,48.019573,66.923684,Kazakhstan,Kazakhstan,Upper middle income,Europe & Central Asia,12.407383615472865,9.424459264886256,12.53453082229872,6.384,88.82043243550038
Kazakhstan,2013,100.0,92.6,153.18,20000.0,1.16,84.88,,7.73,8.34683,42457.91,8.45,260010.0098,2.8628833,5.999999999,13890.63096,7,2724900.0,48.019573,66.923684,Kazakhstan,Kazakhstan,Upper middle income,Europe & Central Asia,12.46847925448574,9.539041848581656,11.06528854435472,6.95999999884,90.99331938899213
Kazakhstan,2014,100.0,92.9,162.11,37380000.0,1.34,86.37,,8.27,8.738378,43947.973,6.48,209229.9957,2.982452,4.200000001,12807.26069,7,2724900.0,48.019573,66.923684,Kazakhstan,Kazakhstan,Upper middle income,Europe & Central Asia,12.251194163199763,9.457845608154614,12.673513114927182,5.628000001340001,89.45084354768952
Kazakhstan,2015,100.0,93.3,164.65,48470000.0,1.72,82.2,,9.45,10.310966,36005.64,5.38,190729.9957,3.5664272,1.2,10510.77189,7,2724900.0,48.019573,66.923684,Kazakhstan,Kazakhstan,Upper middle income,Europe & Central Asia,12.158619314825572,9.260251040526995,15.927631789706432,2.064,85.7522493335813
Kazakhstan,2016,100.0,93.1,165.5,45870000.0,2.07,82.65,,11.98,12.659833,39906.78,6.22,202149.9939,4.4041133,1.1,7714.841844,7,2724900.0,48.019573,66.923684,Kazakhstan,Kazakhstan,Upper middle income,Europe & Central Asia,12.216770191702885,8.951030876666769,18.52863391470021,2.277,80.12095375504187
Kazakhstan,2017,100.0,93.1,166.77,150150000.0,2.02,91.48,,11.64,11.28782,42406.99,6.08,214580.0018,4.0426664,4.1,9247.581331,7,2724900.0,48.019573,66.923684,Kazakhstan,Kazakhstan,Upper middle income,Europe & Central Asia,12.276442576834887,9.132225449122526,18.447095407227504,8.282,83.39754165360112
Kazakhstan,2018,100.0,92.9,183.89,250340000.0,1.88,96.36,,10.91,10.170598,43320.58,6.65,216600.0061,3.3888385,4.1,9812.626371,7,2724900.0,48.019573,66.923684,Kazakhstan,Kazakhstan,Upper middle income,Europe & Central Asia,12.285812258505922,9.19152714490414,17.28007103241978,7.707999999999999,84.48417125550964
Kazakhstan,2019,100.0,92.8,227.14,279670000.0,1.7,95.39,,11.09,10.415101,43404.29,6.27,212110.0006,3.468928,4.5,9812.595808,7,2724900.0,48.019573,66.923684,Kazakhstan,Kazakhstan,Upper middle income,Europe & Central Asia,12.264865004365767,9.191524030556145,15.625590851945447,7.6499999999999995,84.48411400429109
Kenya,2000,15.131171,1.8,24.07,90000.0,78.86,2.02,0.0,2.03,50.123455,1478.989,6.4,8320.0,,0.599695392,397.4826588,94,580367.0,-0.023559,37.906193,Kenya,Kenya,Lower middle income,Sub-Saharan Africa,9.02653771890043,5.987663981097716,472.1871815493659,47.29197861312,35.852119950534956
Kenya,2001,17.033085,2.2,23.42,,80.18,1.52,0.0,3.08,66.95652,1460.3776,6.26,7610.0,,3.779906496,395.3294716,94,580367.0,-0.023559,37.906193,Kenya,Kenya,Lower middle income,Sub-Saharan Africa,8.937349848267392,5.982245864325076,479.65647340158466,303.07290284928,35.78726558123448
Kenya,2002,18.927414,2.6,22.79,,80.59,1.1,0.0,3.65,76.8421,1429.8123,6.32,7420.000076,,0.54685953,389.5426302,94,580367.0,-0.023559,37.906193,Kenya,Kenya,Lower middle income,Sub-Saharan Africa,8.912069108211341,5.96753713156716,480.92381743299745,44.0714095227,35.61149941663281
Kenya,2003,16.0,3.1,22.18,330000.0,83.25,0.99,0.0,4.11,80.588234,1321.4634,6.28,6530.00021,,2.932475546,429.787819,94,580367.0,-0.023559,37.906193,Kenya,Kenya,Lower middle income,Sub-Saharan Africa,8.784315382056997,6.0656156695807155,504.9625044925946,244.1285892045,36.79169345106311
Kenya,2004,22.702715,3.6,23.55,135540000.0,82.31,1.45,0.0,4.0,73.3945,1380.108,6.28,7440.000057,,5.104299776,451.6687666,94,580367.0,-0.023559,37.906193,Kenya,Kenya,Lower middle income,Sub-Saharan Africa,8.914760535057521,6.115160658467754,503.3388737984808,420.13491456256,37.39518987887177
Kenya,2005,24.588387,4.2,22.92,44010000.0,81.26,1.69,0.0,4.18,71.20953,1454.5236,6.15,8319.999695,,5.906666082,511.6163943,94,580367.0,-0.023559,37.906193,Kenya,Kenya,Lower middle income,Sub-Saharan Africa,9.02653768224618,6.2395277960560716,507.0240287075164,479.97568582332,38.93170711775634
Kenya,2006,26.47593,4.8,22.35,10000.0,79.83,1.84,0.0,4.48,70.88607,1549.1115,6.03,9300.000191,,6.472494299,685.9544229,94,580367.0,-0.023559,37.906193,Kenya,Kenya,Lower middle income,Sub-Saharan Africa,9.137877220777893,6.532267947809089,521.4709502735996,516.69921988917,42.67052454197397
Kenya,2007,28.367994,5.3,21.74,59020000.0,80.35,1.87,0.0,4.65,71.319016,1513.085,5.77,9369.999886,,6.850729771,825.666555,94,580367.0,-0.023559,37.906193,Kenya,Kenya,Lower middle income,Sub-Saharan Africa,9.145375080958633,6.717401415410264,539.7432037282147,550.45613709985,45.12348177575582
Kenya,2008,30.26729,6.0,22.65,29980000.0,80.64,2.22,0.0,4.18,65.31249,1449.5537,5.97,9909.999847,,0.232282746,902.0699578,94,580367.0,-0.023559,37.906193,Kenya,Kenya,Lower middle income,Sub-Saharan Africa,9.201400514969315,6.805800023062868,548.8197138597897,18.73128063744,46.31891395392253
Kenya,2009,23.0,6.6,23.19,35460000.0,78.35,2.73,0.0,3.84,58.447487,1537.1414,6.12,11710.00004,,3.306939815,1035.338787,94,580367.0,-0.023559,37.906193,Kenya,Kenya,Lower middle income,Sub-Saharan Africa,9.36828385345773,6.943449383840612,544.019259223912,259.09873450525,48.21148934595657
Kenya,2010,19.2,7.2,24.74,729350000.0,76.5,2.12,0.0,5.1,70.63712,1622.7236,5.9,12640.00034,,8.058473603,1080.296184,94,580367.0,-0.023559,37.906193,Kenya,Kenya,Lower middle income,Sub-Saharan Africa,9.444700805392163,6.985915770859904,534.4225564707826,616.4732306295,48.80301915754913
Kenya,2011,36.035656,8.0,24.11,511180000.0,77.31,2.4,0.0,5.18,68.33773,1633.5077,5.67,13029.99973,,5.12110612,1085.487152,94,580367.0,-0.023559,37.906193,Kenya,Kenya,Lower middle income,Sub-Saharan Africa,9.475086392425084,6.990704974500014,540.4514015785961,395.91271413720006,48.86995604049924
Kenya,2012,37.990967,8.7,24.7,143990000.0,78.71,2.03,0.0,6.06,74.907295,1575.0422,5.49,12149.99962,,4.568679614,1271.815383,94,580367.0,-0.023559,37.906193,Kenya,Kenya,Lower middle income,Sub-Saharan Africa,9.405166718635465,7.148986562902774,562.6967323660773,359.60077241793994,51.10800887656442
Kenya,2013,39.966106,9.6,24.32,16250000.0,76.73,2.58,0.0,6.11,70.31071,1620.4467,5.51,14100.00038,,3.797848393,1354.820833,94,580367.0,-0.023559,37.906193,Kenya,Kenya,Lower middle income,Sub-Saharan Africa,9.554001022785673,7.212162330714481,553.3892156357222,291.40890719489005,52.015285484576935
Kenya,2014,36.0,10.6,27.38,719120000.0,74.95,1.67,0.0,6.7,80.04779,1655.0222,5.78,15149.99962,,5.020111002,1462.220052,94,580367.0,-0.023559,37.906193,Kenya,Kenya,Lower middle income,Sub-Saharan Africa,9.625821790278982,7.288394801192704,546.2651903493933,376.25731959990003,53.12069877805284
Kenya,2015,41.6,11.6,32.94,546170000.0,72.04,1.43,0.0,8.44,85.51165,1911.9027,5.8,17209.99908,,4.967721128,1464.554009,94,580367.0,-0.023559,37.906193,Kenya,Kenya,Lower middle income,Sub-Saharan Africa,9.753303939815794,7.289988613105441,525.170779688116,357.87463006112006,53.14393397920699
Kenya,2016,53.1,13.0,32.88,701120000.0,70.94,1.43,0.0,8.26,85.24252,1966.5875,5.62,19110.00061,,4.213517068,1525.235192,94,580367.0,-0.023559,37.906193,Kenya,Kenya,Lower middle income,Sub-Saharan Africa,9.858019396407771,7.330559323166545,520.0298783854347,298.90690080392,53.73709999046395
Kenya,2017,55.97641,14.4,32.56,301210000.0,71.3,2.29,0.0,8.41,78.59813,1939.6578,5.56,18979.99954,,3.815506427,1633.491216,94,580367.0,-0.023559,37.906193,Kenya,Kenya,Lower middle income,Sub-Saharan Africa,9.851193733580233,7.399086852029298,527.5548925496889,272.04560824509997,54.74648624387283
Kenya,2018,61.284573,16.0,39.49,220980000.0,72.47,1.46,0.0,9.79,87.022224,2047.2719,5.26,17489.99977,,5.62910144,1794.091175,94,580367.0,-0.023559,37.906193,Kenya,Kenya,Lower middle income,Sub-Saharan Africa,9.769441728757442,7.49281109350428,543.0040199462552,407.9409813568,56.14221808294081
Kenya,2019,69.7,17.7,41.67,165780000.0,68.08,1.25,0.0,10.24,89.12098,1946.3412,5.31,22280.00069,,4.981132628,1912.647867,94,580367.0,-0.023559,37.906193,Kenya,Kenya,Lower middle income,Sub-Saharan Africa,10.011489607305496,7.556766577552997,514.4646685998081,339.11550931424,57.104721107622034
Kiribati,2000,55.124897,1.6,0.74,,55.85,0.01,0.0,0.0,0.0,1636.9808,5.07,30.0,,6.25,796.8032036,147,811.0,1.8368976,-157.3768317,Kiribati,Kiribati,Lower middle income,East Asia & Pacific,3.4339872044851463,6.681861955005987,373.18199018708435,349.0625,44.647279185756425
Kiribati,2001,56.919025,1.7,0.72,,55.6,0.01,0.0,0.0,0.0,1370.5415,5.0,30.0,,-1.470588235,735.0691064,147,811.0,1.8368976,-157.3768317,Kiribati,Kiribati,Lower middle income,East Asia & Pacific,3.4339872044851463,6.601324008886275,367.0336148940769,-81.764705866,43.577478670298355
Kiribati,2002,58.705566,1.7,0.71,,49.11,0.01,0.0,0.0,0.0,1968.1482,5.64,39.99999911,,3.787462687,826.9168653,147,811.0,1.8368976,-157.3768317,Kiribati,Kiribati,Lower middle income,East Asia & Pacific,3.7135720449969902,6.718912745117365,329.9658049127138,186.00229255857,45.14378847650056
Kiribati,2003,60.486877,1.8,0.7,,48.78,0.02,0.0,0.0,0.0,2004.7972,5.75,39.99999911,,2.006324636,1015.667006,147,811.0,1.8368976,-157.3768317,Kiribati,Kiribati,Lower middle income,East Asia & Pacific,3.7135720449969902,6.924284914703784,337.76661813925057,97.86851574408,47.94572157999439
Kiribati,2004,62.265297,1.9,2.24,,46.99,0.02,0.0,0.0,0.0,2104.4172,6.16,50.00000075,,-1.629360204,1131.152504,147,811.0,1.8368976,-157.3768317,Kiribati,Kiribati,Lower middle income,East Asia & Pacific,3.931825647430208,7.031875970537146,330.4278518555405,-76.56363598596,49.44727966501773
Kiribati,2005,69.67641,2.0,2.59,,41.47,0.02,0.0,0.0,0.0,2702.9736,6.64,70.0000003,,4.951631626,1214.635603,147,811.0,1.8368976,-157.3768317,Kiribati,Kiribati,Lower middle income,East Asia & Pacific,4.262679881266667,7.103022349030983,294.56233681431485,205.34416353022002,50.452926490833626
Kiribati,2006,68.8,2.1,2.64,,39.45,0.02,0.0,0.0,0.0,2949.2144,7.11,70.0000003,,-0.049295323,1168.473302,147,811.0,1.8368976,-157.3768317,Kiribati,Kiribati,Lower middle income,East Asia & Pacific,4.262679881266667,7.0643087572044445,278.68698047171534,-1.9447004923500002,49.904458217115405
Kiribati,2007,67.60722,2.3,2.71,,44.6,0.02,0.0,0.0,0.0,2641.9128,6.66,59.99999866,,2.034947265,1374.395199,147,811.0,1.8368976,-157.3768317,Kiribati,Kiribati,Lower middle income,East Asia & Pacific,4.1108738422060975,7.2264963862587335,322.3017388271395,90.758648019,52.22225002061053
Kiribati,2008,69.39873,2.6,2.74,,41.53,0.02,0.0,0.0,0.0,2903.1602,7.37,59.99999866,,-2.091436758,1428.134977,147,811.0,1.8368976,-157.3768317,Kiribati,Kiribati,Lower middle income,East Asia & Pacific,4.1108738422060975,7.264824629032552,301.7081668437219,-86.85736855974,52.77767689059796
Kiribati,2009,64.19,2.9,2.64,5150000.0,44.6,0.02,0.0,0.0,0.0,2485.87,6.66,59.99999866,,0.802809912,1312.023443,147,811.0,1.8368976,-157.3768317,Kiribati,Kiribati,Lower middle income,East Asia & Pacific,4.1108738422060975,7.180087728675013,320.2319126989056,35.805322075199996,51.55365979146951
Kiribati,2010,63.167736,3.2,3.81,980000.0,48.38,0.02,0.0,0.0,0.0,2429.8928,6.77,50.00000075,,-0.923899278,1516.76323,147,811.0,1.8368976,-157.3768317,Kiribati,Kiribati,Lower middle income,East Asia & Pacific,3.931825647430208,7.324992970823153,354.38315992842416,-44.698247069640004,53.65552202260861
Kiribati,2011,74.843735,3.6,4.07,,48.85,0.02,0.0,0.0,0.0,2205.633,6.47,50.00000075,,1.594321811,1734.903839,147,811.0,1.8368976,-157.3768317,Kiribati,Kiribati,Lower middle income,East Asia & Pacific,3.931825647430208,7.459283501404981,364.3859990436333,77.88262046735,55.64091035433255
Kiribati,2012,76.69126,4.1,4.38,,47.08,0.02,0.0,0.0,0.0,2144.771,6.16,59.99999866,,4.713645402,1788.691439,147,811.0,1.8368976,-157.3768317,Kiribati,Kiribati,Lower middle income,East Asia & Pacific,4.1108738422060975,7.4897985035286565,352.61971354612916,221.91842552616,56.0970816234601
Kiribati,2013,78.93106,4.5,4.65,4700000.0,44.53,0.02,0.0,0.0,0.0,2137.1572,5.97,59.99999866,,4.214851087,1715.814321,147,811.0,1.8368976,-157.3768317,Kiribati,Kiribati,Lower middle income,East Asia & Pacific,4.1108738422060975,7.448225713523842,331.66949102321666,187.68731890411001,55.47606627959774
Kiribati,2014,83.45395,5.2,6.88,4340000.0,46.41,0.02,0.0,0.0,0.0,2120.318,6.13,59.99999866,,-0.697737743,1642.820129,147,811.0,1.8368976,-157.3768317,Kiribati,Kiribati,Lower middle income,East Asia & Pacific,4.1108738422060975,7.404778159046409,343.65575436134384,-32.38200865263,54.83073958469073
Kiribati,2015,90.55818,5.7,20.82,,45.73,0.02,0.0,0.0,0.0,2253.5444,5.76,59.99999866,,10.40486376,1542.616465,147,811.0,1.8368976,-157.3768317,Kiribati,Kiribati,Lower middle income,East Asia & Pacific,4.1108738422060975,7.341883296230053,335.7443231366003,475.8144197447999,53.90325033546187
Kiribati,2016,92.799614,6.5,25.43,0.0,46.49,0.03,0.0,0.0,0.0,2381.1416,5.28,70.0000003,,5.137719245,1584.738015,147,811.0,1.8368976,-157.3768317,Kiribati,Kiribati,Lower middle income,East Asia & Pacific,4.262679881266667,7.368805202547561,342.5757538664361,238.85256770005003,54.299290113092
Kiribati,2017,86.176445,7.2,25.07,,41.15,0.03,0.0,0.0,0.0,2644.3162,6.14,90.00000358,,0.889757537,1640.571205,147,811.0,1.8368976,-157.3768317,Kiribati,Kiribati,Lower middle income,East Asia & Pacific,4.5108595458575085,7.4034091140087686,304.6502850414608,36.61352264755,54.8104665093881
Kiribati,2018,88.103165,8.2,24.71,860000.0,41.03,0.03,0.0,0.0,0.0,2619.8926,6.03,90.00000358,,3.775954286,1727.845001,147,811.0,1.8368976,-157.3768317,Kiribati,Kiribati,Lower middle income,East Asia & Pacific,4.5108595458575085,7.455208835048251,305.8872185020297,154.92740435458,55.5801387741815
Kiribati,2019,90.03285,9.1,24.33,,41.03,0.03,0.0,0.0,0.0,2592.4326,5.93,90.00000358,,3.926445438,1601.861869,147,811.0,1.8368976,-157.3768317,Kiribati,Kiribati,Lower middle income,East Asia & Pacific,4.5108595458575085,7.379545978591002,302.78277150158885,161.10205632114,54.457698850138634
Kuwait,2000,100.0,100.0,0.0,,0.0,30.38,0.0,0.0,0.0,109536.43,6.91,49840.0,0.0,4.694581871,18440.37852,240,17818.0,29.31166,47.481766,Kuwait,Kuwait,High income,"Middle East, North Africa, Afghanistan & Pakistan",10.816593217465508,9.822352251366308,0.0,0.0,96.47860374992078
Kuwait,2001,100.0,100.0,0.0,,0.0,32.24,0.0,0.0,0.0,107600.5,7.36,53190.0,0.0,0.213332576,16587.24865,240,17818.0,29.31166,47.481766,Kuwait,Kuwait,High income,"Middle East, North Africa, Afghanistan & Pakistan",10.88164448808605,9.716449811005555,0.0,0.0,94.40939692978989
Kuwait,2002,100.0,100.0,0.0,,0.0,34.18,0.0,0.0,0.0,110790.81,7.21,55590.00015,0.0,3.014283152,17846.37616,240,17818.0,29.31166,47.481766,Kuwait,Kuwait,High income,"Middle East, North Africa, Afghanistan & Pakistan",10.925776599330911,9.789611782565597,0.0,0.0,95.83649885334717
Kuwait,2003,100.0,100.0,0.0,,0.0,37.41,0.0,0.0,0.0,128997.93,6.59,58119.99893,0.0,17.32602042,22148.37815,240,17818.0,29.31166,47.481766,Kuwait,Kuwait,High income,"Middle East, North Africa, Afghanistan & Pakistan",10.970282304907474,10.005564700587087,0.0,0.0,100.11132497763435
Kuwait,2004,100.0,100.0,0.0,,0.0,38.78,0.0,0.0,0.0,140627.27,6.6,61909.99985,0.0,10.24029806,27011.654,240,17818.0,29.31166,47.481766,Kuwait,Kuwait,High income,"Middle East, North Africa, Afghanistan & Pakistan",11.0334531464394,10.204060701863213,0.0,0.0,104.12285480730917
Kuwait,2005,100.0,100.0,0.0,,0.0,41.11,0.0,0.0,0.0,149455.02,6.78,69910.00366,0.0,10.60904498,35591.03713,240,17818.0,29.31166,47.481766,Kuwait,Kuwait,High income,"Middle East, North Africa, Afghanistan & Pakistan",11.154978335861282,10.479877215697291,0.0,0.0,109.82782645609122
Kuwait,2006,100.0,100.0,0.0,,0.0,44.75,0.0,0.0,0.0,135875.58,5.8,72430.00031,0.0,7.514773,42781.56475,240,17818.0,29.31166,47.481766,Kuwait,Kuwait,High income,"Middle East, North Africa, Afghanistan & Pakistan",11.190389667807798,10.663885932919754,0.0,0.0,113.71846319032382
Kuwait,2007,100.0,100.0,0.0,,0.0,45.83,0.0,0.0,0.0,124446.914,5.28,70599.99847,0.0,5.991575511,45782.14857,240,17818.0,29.31166,47.481766,Kuwait,Kuwait,High income,"Middle East, North Africa, Afghanistan & Pakistan",11.164799566015889,10.731671367244692,0.0,0.0,115.16877033453956
Kuwait,2008,100.0,100.0,0.0,,0.0,48.64,0.0,0.0,0.0,127302.03,6.11,75839.99634,0.0,2.479756943,55494.9301,240,17818.0,29.31166,47.481766,Kuwait,Kuwait,High income,"Middle East, North Africa, Afghanistan & Pakistan",11.236394274237123,10.924064965514106,0.0,0.0,119.3351953707727
Kuwait,2009,100.0,100.0,0.0,,0.0,50.02,0.0,0.0,0.0,124978.22,6.84,77650.00153,0.0,-7.076056431,37561.72593,240,17818.0,29.31166,47.481766,Kuwait,Kuwait,High income,"Middle East, North Africa, Afghanistan & Pakistan",11.259979726497518,10.533767506034849,0.0,-0.0,110.96025787119564
Kuwait,2010,100.0,100.0,0.0,,0.0,53.66,0.0,0.0,0.0,133508.61,7.42,80720.00122,0.0,-2.37026412,38577.49828,240,17818.0,29.31166,47.481766,Kuwait,Kuwait,High income,"Middle East, North Africa, Afghanistan & Pakistan",11.29875405856801,10.560450360870611,0.0,-0.0,111.52311182441223
Kuwait,2011,100.0,100.0,0.0,,0.0,54.04,0.0,0.0,0.0,128367.73,6.58,83290.00092,0.0,9.628406975,48631.7834,240,17818.0,29.31166,47.481766,Kuwait,Kuwait,High income,"Middle East, North Africa, Afghanistan & Pakistan",11.330095790146169,10.792053138033804,0.0,0.0,116.46841093414528
Kuwait,2012,100.0,100.0,0.0,,0.0,57.45,0.0,0.0,0.0,122214.484,6.67,85309.99756,0.0,6.6258183,51979.12069,240,17818.0,29.31166,47.481766,Kuwait,Kuwait,High income,"Middle East, North Africa, Afghanistan & Pakistan",11.354058653188025,10.858616630047345,0.0,0.0,117.90955511834076
Kuwait,2013,100.0,100.0,0.71,,0.0,57.32,0.0,0.01,0.017442875,116451.43,5.57,87360.00061,0.000115751,1.149300437,49388.05338,240,17818.0,29.31166,47.481766,Kuwait,Kuwait,High income,"Middle East, North Africa, Afghanistan & Pakistan",11.377804244782185,10.807484087123015,0.0,0.0,116.8017122934172
Kuwait,2014,100.0,100.0,1.21,,0.0,61.23,0.0,0.01,0.016329195,114804.984,5.68,85569.99969,0.002035834,0.500876982,44062.34091,240,17818.0,29.31166,47.481766,Kuwait,Kuwait,High income,"Middle East, North Africa, Afghanistan & Pakistan",11.357101716059763,10.693383443854788,0.0,0.0,114.3484494773077
Kuwait,2015,100.0,100.0,1.46,,0.01,64.18,0.0,0.01,0.01557875,114809.12,7.08,89019.99664,0.003018346,0.593019617,29869.55275,240,17818.0,29.31166,47.481766,Kuwait,Kuwait,High income,"Middle East, North Africa, Afghanistan & Pakistan",11.396627538193536,10.30462841622809,0.1030462841622809,0.005930196170000001,106.18536679653542
Kuwait,2016,100.0,100.0,8.32,,0.01,65.83,0.0,0.02,0.030372059,109505.66,7.3,91550.00305,0.029127507,2.925868226,27653.15762,240,17818.0,29.31166,47.481766,Kuwait,Kuwait,High income,"Middle East, North Africa, Afghanistan & Pakistan",11.424651506350665,10.227531361650263,0.10227531361650263,0.029258682260000002,104.60239775353968
Kuwait,2017,100.0,100.0,10.95,,0.02,68.36,0.0,0.04,0.058479533,109312.47,7.18,90730.00336,0.040029116,-4.712106209,29759.46747,240,17818.0,29.31166,47.481766,Kuwait,Kuwait,High income,"Middle East, North Africa, Afghanistan & Pakistan",11.415654400848256,10.30093619682097,0.2060187239364194,-0.09424212418,106.10928653097648
Kuwait,2018,100.0,100.0,13.41,,0.03,69.58,0.0,0.06,0.08615738,106945.27,7.07,91389.99939,0.03133408,1.246129408,33399.06044,240,17818.0,29.31166,47.481766,Kuwait,Kuwait,High income,"Middle East, North Africa, Afghanistan & Pakistan",11.422902277647971,10.416312988543993,0.3124893896563198,0.03738388224,108.49957627531029
Kuwait,2019,100.0,100.0,25.14,,0.06,70.45,0.0,0.06,0.08509431,94612.555,7.4,92650.00153,0.034184188,0.42746394,32373.25112,240,17818.0,29.31166,47.481766,Kuwait,Kuwait,High income,"Middle East, North Africa, Afghanistan & Pakistan",11.436595041476991,10.385118667305731,0.6231071200383438,0.0256478364,107.85068973402196
Latvia,2000,100.0,100.0,,,35.82,1.32,0.0,2.82,68.115944,15779.984,5.27,6930.0,22.118162,5.675735172,3361.640869,30,64589.0,56.879635,24.603189,Latvia,Latvia,High income,Europe & Central Asia,8.843759381917984,8.120481917158955,290.87566227263375,203.30483386104,65.94222656690557
Latvia,2001,100.0,100.0,,,35.35,1.44,0.0,2.83,66.276344,17236.137,5.32,7360.0,20.512127,6.328269951,3578.0019,30,64589.0,56.879635,24.603189,Latvia,Latvia,High income,Europe & Central Asia,8.903951072058707,8.182839241640432,289.2633671919893,223.70434276785002,66.95885805453055
Latvia,2002,100.0,100.0,,,34.38,1.49,0.0,2.48,62.468513,17635.336,4.92,7349.999905,17.687973,7.087085682,4136.933297,30,64589.0,56.879635,24.603189,Latvia,Latvia,High income,Europe & Central Asia,8.902591624450675,8.32795173855256,286.31498077143704,243.65400574716,69.3547801596606
Latvia,2003,100.0,100.0,,,34.34,1.63,0.0,2.34,58.942062,17660.322,4.82,7590.000153,16.751474,8.422494257,5145.195232,30,64589.0,56.879635,24.603189,Latvia,Latvia,High income,Europe & Central Asia,8.934718634172215,8.546012930715122,293.47008404075734,289.22845278538006,73.03433701195007
Latvia,2004,100.0,100.0,,,36.11,1.49,0.0,3.2,68.23028,20126.611,4.56,7619.999886,20.242414,8.281972087,6378.666521,30,64589.0,56.879635,24.603189,Latvia,Latvia,High income,Europe & Central Asia,8.93866285870745,8.760871105537005,316.35505562094124,299.06201206157,76.75286252783317
Latvia,2005,100.0,100.0,,,36.3,1.5,0.0,3.42,69.51219,21027.428,4.2,7710.000038,20.853584,10.71522829,7594.902384,30,64589.0,56.879635,24.603189,Latvia,Latvia,High income,Europe & Central Asia,8.950403164760985,8.935364220875405,324.35372121777715,388.96278692699997,79.84073375970033
Latvia,2006,100.0,100.0,,,34.0,2.1,0.0,2.79,57.055218,20211.02,3.88,8199.999809,17.836657,11.96520396,9723.446902,30,64589.0,56.879635,24.603189,Latvia,Latvia,High income,Europe & Central Asia,9.01201135374657,9.182398293038935,312.2015419633238,406.81693464,84.31643841200435
Latvia,2007,100.0,100.0,,,33.08,1.94,0.0,2.82,59.243694,21105.2,3.61,8529.999733,17.445015,9.943002121,14113.52913,30,64589.0,56.879635,24.603189,Latvia,Latvia,High income,Europe & Central Asia,9.051461835611073,9.554959980584567,316.0780761577374,328.91451016267996,91.29726023057262
Latvia,2008,100.0,100.0,,,33.71,2.06,0.0,3.21,60.910816,21504.193,3.57,8109.999657,19.558802,-3.242799942,16467.14369,30,64589.0,56.879635,24.603189,Latvia,Latvia,High income,Europe & Central Asia,9.000976401782093,9.709183108258578,327.29656257939666,-109.31478604482,94.26823662969372
Latvia,2009,100.0,100.0,,,38.4,2.01,0.0,3.56,63.913822,20609.242,4.0,7360.000134,22.685837,-14.24828338,12331.92855,30,64589.0,56.879635,24.603189,Latvia,Latvia,High income,Europe & Central Asia,8.903951090262755,9.420028082149384,361.72907835453634,-547.134081792,88.73692906848301
Latvia,2010,100.0,100.0,,,33.07,2.99,0.0,3.64,54.90196,23635.057,4.28,8520.000458,20.36604,-4.470941885,11420.994,30,64589.0,56.879635,24.603189,Latvia,Latvia,High income,Europe & Central Asia,9.050289037577514,9.343296073922621,308.9828011646211,-147.85404813695,87.29718152497787
Latvia,2011,100.0,100.0,,,35.54,3.01,0.0,3.08,50.57471,21346.463,3.8,7900.000095,19.268509,2.564422968,13338.96224,30,64589.0,56.879635,24.603189,Latvia,Latvia,High income,Europe & Central Asia,8.974744624746528,9.4985194888809,337.5773826348272,91.13959228272,90.22187248065028
Latvia,2012,100.0,100.0,,,40.37,2.06,0.0,4.11,66.61264,22381.162,3.78,7570.000172,24.73715,7.037317185,13847.33794,30,64589.0,56.879635,24.603189,Latvia,Latvia,High income,Europe & Central Asia,8.932080460821574,9.535920500082259,384.9651105883208,284.09649475845,90.93377978388908
Latvia,2013,100.0,100.0,,,39.6,2.67,0.0,3.53,56.935486,21775.469,3.63,7449.999809,22.284588,2.010744815,15007.49186,30,64589.0,56.879635,24.603189,Latvia,Latvia,High income,Europe & Central Asia,8.916103504919585,9.61637144389661,380.80830917830576,79.625494674,92.47459974699015
Latvia,2014,100.0,100.0,,,40.24,2.34,0.0,2.8,54.47471,20261.896,3.59,7280.00021,19.171963,1.900096243,15721.45233,30,64589.0,56.879635,24.603189,Latvia,Latvia,High income,Europe & Central Asia,8.893023523236902,9.662845054452497,388.8328849911685,76.45987281832,93.37057454635708
Latvia,2015,100.0,100.0,,,38.1,2.76,0.0,2.78,50.180508,20957.162,3.39,7320.000172,18.8834,3.885027277,13780.91355,30,64589.0,56.879635,24.603189,Latvia,Latvia,High income,Europe & Central Asia,8.8985022331407,9.531112399222977,363.13538241039544,148.0195392537,90.84210356662197
Latvia,2016,100.0,100.0,,,38.48,2.94,0.0,3.48,54.20561,22548.604,3.31,7150.000095,21.902061,2.367609543,14322.02268,30,64589.0,56.879635,24.603189,Latvia,Latvia,High income,Europe & Central Asia,8.87500749933325,9.569623499245763,368.2391122509769,91.10561521464,91.57769391731672
Latvia,2017,100.0,100.0,,,42.6,2.07,0.0,5.46,72.50996,25054.545,3.31,7119.999886,30.69509,3.31308889,15656.34749,30,64589.0,56.879635,24.603189,Latvia,Latvia,High income,Europe & Central Asia,8.870803427973136,9.658695573972121,411.4604314512124,141.137586714,93.29040019066865
Latvia,2018,100.0,100.0,,,40.97,3.23,0.0,3.49,51.934525,22506.594,3.35,7789.999962,22.432663,3.989480387,17856.30712,30,64589.0,56.879635,24.603189,Latvia,Latvia,High income,Europe & Central Asia,8.960724495453436,9.790168065906817,401.1031856602023,163.44901145539,95.84739075870164
Latvia,2019,100.0,100.0,,,41.52,3.25,0.0,3.19,49.53416,23394.7,3.18,7570.000172,19.92988,2.484326355,17926.84159,30,64589.0,56.879635,24.603189,Latvia,Latvia,High income,Europe & Central Asia,8.932080460821574,9.794110179542574,406.65145465460773,103.1492302596,95.92459420901947
Lebanon,2000,99.35159,,73.38,,4.89,8.75,0.0,0.44,4.787813,14027.069,3.73,15670.0,,1.341871619,4491.641934,667,10400.0,33.854721,35.862285,Lebanon,Lebanon,Lower middle income,"Middle East, North Africa, Afghanistan & Pakistan",9.659567149523216,8.410196211703445,41.125859475229845,6.5617522169099995,70.73140031935098
Lebanon,2001,99.346565,,70.66,,4.66,9.24,0.0,0.33,3.448276,14693.647,3.86,16890.0,,3.839669278,4422.389292,667,10400.0,33.854721,35.862285,Lebanon,Lebanon,Lower middle income,"Middle East, North Africa, Afghanistan & Pakistan",9.734536214680345,8.394661489369382,39.11912254046132,17.892858835480002,70.47034152110136
Lebanon,2002,99.333954,,67.43,,5.97,10.38,0.0,0.67,6.0633483,14617.907,3.71,16840.00015,,3.423149827,4579.459593,667,10400.0,33.854721,35.862285,Lebanon,Lebanon,Lower middle income,"Middle East, North Africa, Afghanistan & Pakistan",9.731571677362888,8.42955461989032,50.32444108074521,20.43620446719,71.05739108971423
Lebanon,2003,99.31611,,64.26,,7.38,10.64,0.0,1.35,11.259383,14599.101,3.59,17409.99985,,3.227098269,4576.387617,667,10400.0,33.854721,35.862285,Lebanon,Lebanon,Lower middle income,"Middle East, North Africa, Afghanistan & Pakistan",9.764857460751355,8.428883725073058,62.20516189103917,23.815985225219997,71.04608085080147
Lebanon,2004,99.9,,61.72,80000.0,6.56,10.68,0.0,1.11,9.414759,14306.836,3.4,17879.99916,,6.679444617,4630.790585,667,10400.0,33.854721,35.862285,Lebanon,Lebanon,Lower middle income,"Middle East, North Africa, Afghanistan & Pakistan",9.791493928597964,8.440698807738578,55.37098417876506,43.81715668752,71.24539636295944
Lebanon,2005,99.27411,,60.02,,6.97,10.7,0.0,1.04,8.8586035,13477.188,3.16,17280.00069,,2.68577931,4575.107459,667,10400.0,33.854721,35.862285,Lebanon,Lebanon,Lower middle income,"Middle East, North Africa, Afghanistan & Pakistan",9.757362950982236,8.428604015956985,58.74736999122018,18.7198817907,71.04136565780621
Lebanon,2006,99.38382,,59.25,,7.04,10.26,0.0,0.69,6.30137,12290.246,2.89,16229.99954,,1.549515002,4626.853003,667,10400.0,33.854721,35.862285,Lebanon,Lebanon,Lower middle income,"Middle East, North Africa, Afghanistan & Pakistan",9.69467824456424,8.439848325276715,59.41653220994807,10.90858561408,71.23103975367617
Lebanon,2007,97.8,,59.15,810000.0,7.94,10.8,0.0,0.58,5.0966606,10675.19,2.26,15039.99996,,9.310622524,5207.792723,667,10400.0,33.854721,35.862285,Lebanon,Lebanon,Lower middle income,"Middle East, North Africa, Afghanistan & Pakistan",9.618535081995816,8.558103384862854,67.95134087581106,73.92634284056,73.24113354600104
Lebanon,2008,99.9,,59.19,,5.4,12.2,0.0,0.37,2.9435165,13562.222,2.7,18649.99962,,9.069128269,6111.327281,667,10400.0,33.854721,35.862285,Lebanon,Lebanon,Lower middle income,"Middle East, North Africa, Afghanistan & Pakistan",9.833655022563205,8.718062876696782,47.077539534162625,48.9732926526,76.00462032203858
Lebanon,2009,99.23449,,58.59,390000.0,4.31,12.36,0.0,0.62,4.7765794,16556.137,3.12,21899.99962,,10.23215558,7354.953605,667,10400.0,33.854721,35.862285,Lebanon,Lebanon,Lower middle income,"Middle East, North Africa, Afghanistan & Pakistan",9.994287559511761,8.903265278608075,38.3730733508008,44.100590549799996,79.26813262126812
Lebanon,2010,99.47441,,57.0,1670000.0,5.7,13.98,0.0,0.83,5.6043215,15851.824,2.78,20860.00061,,7.975135559,7761.641489,667,10400.0,33.854721,35.862285,Lebanon,Lebanon,Lower middle income,"Middle East, North Africa, Afghanistan & Pakistan",9.945636695285453,8.957077953321997,51.05534433393539,45.4582726863,80.22924546188698
Lebanon,2011,99.68401,,54.3,,6.18,14.57,0.0,0.8,5.2049446,15852.878,2.75,21180.00031,,0.867339877,7675.30894,667,10400.0,33.854721,35.862285,Lebanon,Lebanon,Lower middle income,"Middle East, North Africa, Afghanistan & Pakistan",9.960859847029756,8.945894103842432,55.28562556174623,5.36016043986,80.0290213171628
Lebanon,2012,99.50676,,51.52,1420000.0,5.56,14.54,0.0,1.01,6.495177,17291.496,3.04,23469.99931,,2.540541789,7952.151266,667,10400.0,33.854721,35.862285,Lebanon,Lebanon,Lower middle income,"Middle East, North Africa, Afghanistan & Pakistan",10.063520866123561,8.981323514768713,49.93615874211404,14.12541234684,80.66417207693742
Lebanon,2013,99.495514,,48.69,20000.0,5.92,16.49,0.0,1.27,7.150901,15720.306,2.87,23239.99977,,3.811022415,7933.23332,667,10400.0,33.854721,35.862285,Lebanon,Lebanon,Lower middle income,"Middle East, North Africa, Afghanistan & Pakistan",10.053673229403708,8.978942008254686,53.15533668886774,22.5612526968,80.62139958760069
Lebanon,2014,99.48232,,46.6,2330000.0,4.24,16.7,0.0,0.22,1.3002363,14662.743,2.98,25149.99962,,2.453659572,7687.759336,667,10400.0,33.854721,35.862285,Lebanon,Lebanon,Lower middle income,"Middle East, North Africa, Afghanistan & Pakistan",10.132652921060089,8.947514714763427,37.937462390596934,10.40351658528,80.05801957090806
Lebanon,2015,99.583176,,45.68,5120000.0,4.17,17.06,0.0,0.51,2.9026752,15864.785,3.27,27010.00023,,0.581709757,7663.920232,667,10400.0,33.854721,35.862285,Lebanon,Lebanon,Lower middle income,"Middle East, North Africa, Afghanistan & Pakistan",10.203999477941059,8.94440938446768,37.29818713323022,2.42572968669,80.00245923695348
Lebanon,2016,99.725624,,47.45,23650000.0,3.96,17.82,0.0,0.46,2.5164113,16684.846,3.32,27809.99947,,1.582054551,7653.73363,667,10400.0,33.854721,35.862285,Lebanon,Lebanon,Lower middle income,"Middle East, North Africa, Afghanistan & Pakistan",10.233186885812705,8.943079510621565,35.4145948620614,6.26493602196,79.97867113329926
Lebanon,2017,99.87983,,44.34,30000.0,3.97,19.52,0.0,0.52,2.5948102,18256.084,3.49,29319.99969,,0.782014001,7819.60467,667,10400.0,33.854721,35.862285,Lebanon,Lebanon,Lower middle income,"Middle East, North Africa, Afghanistan & Pakistan",10.286059251258356,8.96451715407946,35.58913310169545,3.10459558397,80.36256780578489
Lebanon,2018,99.7,,46.87,6210000.0,4.75,19.57,0.0,0.47,2.3453093,17677.684,3.36,27790.00092,,-1.702174807,8058.444337,667,10400.0,33.854721,35.862285,Lebanon,Lebanon,Lower middle income,"Middle East, North Africa, Afghanistan & Pakistan",10.232467539360343,8.994599892305288,42.724349488450116,-8.08533033325,80.9028272226583
Lebanon,2019,99.97487,,50.13,320000.0,5.46,19.24,0.0,1.12,5.5009823,18447.385,3.62,27950.00076,,-7.15724707,7578.172368,667,10400.0,33.854721,35.862285,Lebanon,Lebanon,Lower middle income,"Middle East, North Africa, Afghanistan & Pakistan",10.238208283308975,8.933159286395478,48.77504970371931,-39.0785690022,79.80133483611377
Lesotho,2000,4.25876,16.0,37.1,,56.7,0.0,0.0,0.29,100.0,1235.5165,13.95,390.0,,3.875546814,436.4881373,71,30355.0,-29.609988,28.233608,Lesotho,Lesotho,Lower middle income,Sub-Saharan Africa,5.968707559985366,6.081049590687201,344.7955117919643,219.7435043538,36.97916412439697
Lesotho,2001,1.2522693,17.5,37.05,,56.5,0.0,0.0,0.28,100.0,1251.1484,13.59,400.0,,3.561582191,405.6057121,71,30355.0,-29.609988,28.233608,Lesotho,Lesotho,Lower middle income,Sub-Saharan Africa,5.993961427306569,6.0078439495461335,339.44318314935657,201.2293937915,36.094188922098084
Lesotho,2002,3.3616586,19.2,37.16,,56.16,0.0,0.0,0.31,100.0,1287.3501,13.61,409.9999964,,0.723835961,382.1896086,71,30355.0,-29.609988,28.233608,Lesotho,Lesotho,Lower middle income,Sub-Saharan Africa,6.01859320573711,5.948529928296871,334.0694407731523,40.65062756976,35.38500830784358
Lesotho,2003,5.4658127,20.8,37.03,,55.94,0.0,0.0,0.32,100.0,1312.4877,12.0,409.9999964,,4.559776811,573.6517781,71,30355.0,-29.609988,28.233608,Lesotho,Lesotho,Lower middle income,Sub-Saharan Africa,6.01859320573711,6.353764254041252,355.42957237106765,255.07391480733997,40.370320195932386
Lesotho,2004,6.8,22.2,37.26,50000.0,55.41,0.0,0.0,0.3,100.0,1322.3566,12.05,430.0000072,,1.692374206,753.3759044,71,30355.0,-29.609988,28.233608,Lesotho,Lesotho,Lower middle income,Sub-Saharan Africa,6.066108106809084,6.625890790724316,367.14060871403433,93.77445475446,43.902428770605304
Lesotho,2005,9.667811,23.9,37.45,90000.0,55.31,0.0,0.0,0.46,100.0,1564.1565,11.9,430.0000072,,3.466122481,842.812631,71,30355.0,-29.609988,28.233608,Lesotho,Lesotho,Lower middle income,Sub-Saharan Africa,6.066108106809084,6.737930468765212,372.67493422740387,191.71123442411002,45.39970700191459
Lesotho,2006,9.7,25.5,36.56,60000.0,55.46,0.0,0.0,0.52,100.0,1662.7148,11.62,430.0000072,,4.230094854,904.6061298,71,30355.0,-29.609988,28.233608,Lesotho,Lesotho,Lower middle income,Sub-Saharan Africa,6.066108106809084,6.808604476198095,377.6052042499464,234.60106060284,46.357094913304735
Lesotho,2007,13.877541,26.9,36.61,10000.0,55.33,0.0,0.0,0.55,100.0,2002.3392,11.4,439.9999976,,4.187914418,846.5423208,71,30355.0,-29.609988,28.233608,Lesotho,Lesotho,Lower middle income,Sub-Saharan Africa,6.089044870004669,6.74234077405504,373.0537150284654,231.71730474794,45.459159113485114
Lesotho,2008,15.991897,28.4,36.61,,54.99,0.0,0.0,0.58,100.0,1805.3613,11.05,460.0000083,,5.522028201,889.1342855,71,30355.0,-29.609988,28.233608,Lesotho,Lesotho,Lower middle income,Sub-Saharan Africa,6.133398061000987,6.791372333928823,373.457564642746,303.65633077299003,46.12273817805383
Lesotho,2009,17.0,29.9,36.56,790000.0,53.98,0.0,0.0,0.65,100.0,2048.8052,11.61,529.9999714,,-1.255514626,874.7298605,71,30355.0,-29.609988,28.233608,Lesotho,Lesotho,Lower middle income,Sub-Saharan Africa,6.2747619673812975,6.77505766495333,365.7176127541807,-67.77267951148,45.90140636344287
Lesotho,2010,17.0,31.2,36.46,40000.0,52.98,0.0,0.0,0.69,100.0,2175.0613,11.07,550.0000119,,5.266280653,1119.843641,71,30355.0,-29.609988,28.233608,Lesotho,Lesotho,Lower middle income,Sub-Saharan Africa,6.3117348307500105,7.021836931630925,372.0169206378064,279.00754899594,49.306193894416
Lesotho,2011,22.405441,32.5,36.31,2830000.0,42.21,0.0,0.0,0.49,100.0,1932.6333,11.95,569.9999928,,4.614252238,1287.269536,71,30355.0,-29.609988,28.233608,Lesotho,Lesotho,Lower middle income,Sub-Saharan Africa,6.347389197046553,7.161055151851743,302.26813795966206,194.76758696598,51.28071088786239
Lesotho,2012,20.56,33.8,37.1,210000.0,40.53,0.0,0.0,0.49,100.0,2021.0361,11.13,620.0000048,,6.334821701,1229.636232,71,30355.0,-29.609988,28.233608,Lesotho,Lesotho,Lower middle income,Sub-Saharan Africa,6.431331089662947,7.115286576421317,288.382564942356,256.75032354153,50.627303064601385
Lesotho,2013,26.766014,34.95,37.03,100000.0,45.58,0.0,0.0,0.51,100.0,2043.1262,9.32,610.0000143,,1.792531445,1166.911756,71,30355.0,-29.609988,28.233608,Lesotho,Lesotho,Lower middle income,Sub-Saharan Africa,6.41509698257585,7.062972609164161,321.93029152570244,81.7035832631,49.8855820778032
Lesotho,2014,27.8,35.8,36.76,9270000.0,42.39,0.0,0.0,0.52,100.0,2074.0635,9.15,610.0000143,,1.710544004,1194.575627,71,30355.0,-29.609988,28.233608,Lesotho,Lesotho,Lower middle income,Sub-Saharan Africa,6.41509698257585,7.086383044621532,300.3917772615067,72.50996032956,50.21682465509953
Lesotho,2015,31.677334,36.5,36.48,40000.0,44.94,0.0,0.0,0.53,100.0,2002.84,8.28,649.9999762,,3.127557724,1146.064688,71,30355.0,-29.609988,28.233608,Lesotho,Lesotho,Lower middle income,Sub-Saharan Africa,6.478509605649429,7.044961513097937,316.6005703986213,140.55244411656,49.631482721031176
Lesotho,2016,35.07159,37.4,36.2,0.0,43.55,0.0,0.0,0.52,100.0,2142.4592,7.81,689.9999976,,3.588364597,1018.931093,71,30355.0,-29.609988,28.233608,Lesotho,Lesotho,Lower middle income,Sub-Saharan Africa,6.538139820294442,6.927490348113962,301.692204660363,156.27327819935,47.99012252321211
Lesotho,2017,33.7,38.1,35.91,,39.62,0.0,0.0,0.54,100.0,2253.6167,8.38,699.9999881,,-3.141949946,1102.94441,71,30355.0,-29.609988,28.233608,Lesotho,Lesotho,Lower middle income,Sub-Saharan Africa,6.552507870058841,7.006644872308403,277.6032698408589,-124.48405686051998,49.093072366645636
Lesotho,2018,47.0,38.7,35.63,840000.0,40.22,0.0,0.0,0.54,100.0,2182.0183,8.08,730.0000191,,-1.223137311,1192.48432,71,30355.0,-29.609988,28.233608,Lesotho,Lesotho,Lower middle income,Sub-Saharan Africa,6.594413485878369,7.0846323078626705,284.9439114222366,-49.194582648419996,50.192014937611546
Lesotho,2019,44.50021,39.3,35.34,13520000.0,39.47,0.0,0.0,0.5,100.0,2188.859,8.14,769.9999809,,-0.381431982,1113.37214,71,30355.0,-29.609988,28.233608,Lesotho,Lesotho,Lower middle income,Sub-Saharan Africa,6.647688348790307,7.0160464221530905,276.9233522823825,-15.05512032954,49.22490739780718
Liberia,2007,3.0,0.4,1.15,660000.0,89.83,0.25,0.0,0.0,0.0,728.0793,14.18,639.9999857,,9.535279869,396.6017613,53,111369.0,6.428055,-9.429499,Liberia,Liberia,Low income,Sub-Saharan Africa,6.463029434611777,5.985450904601581,537.6730547603601,856.55419063227,35.82562253139589
Liberia,2008,1.2792896,0.4,1.11,160000.0,91.84,0.25,0.0,0.0,0.0,619.2872,13.47,540.0000215,,7.145688998,478.3995401,53,111369.0,6.428055,-9.429499,Liberia,Liberia,Low income,Sub-Saharan Africa,6.2934193185877,6.172534362675669,566.8855558681335,656.26007757632,38.10018045841193
Liberia,2009,1.9,0.4,1.07,,91.81,0.25,0.0,0.0,0.0,547.7462,13.09,540.0000215,,5.300539377,470.9481214,53,111369.0,6.428055,-9.429499,Liberia,Liberia,Low income,Sub-Saharan Africa,6.2934193185877,6.156869067256622,565.2621490648305,486.64252020237,37.907036711341426
Liberia,2010,5.1626644,0.4,1.03,,88.59,0.25,0.0,0.0,0.0,837.7503,13.52,730.0000191,,6.099827602,513.4455667,53,111369.0,6.428055,-9.429499,Liberia,Liberia,Low income,Sub-Saharan Africa,6.594413485878369,6.243089751231961,553.0753210616394,540.3837272611801,38.97616964193755
Liberia,2011,4.1,0.4,1.0,103060000.0,87.1,0.28,0.0,0.0,0.0,896.8281,13.09,850.0000238,,8.20076584,596.8966353,53,111369.0,6.428055,-9.429499,Liberia,Liberia,Low income,Sub-Saharan Africa,6.7464121565404715,6.393417888341337,556.8666980745304,714.286704664,40.875792294963
Liberia,2012,9.107472,0.4,0.98,20000.0,86.21,0.28,0.0,0.0,0.0,960.11163,12.69,949.9999881,,7.993815693,675.0101918,53,111369.0,6.428055,-9.429499,Liberia,Liberia,Low income,Sub-Saharan Africa,6.857514050032246,6.516208152556532,561.7623048318985,689.14685089353,42.46096868744421
Liberia,2013,9.8,0.3,0.95,85180000.0,87.54,0.28,0.0,0.0,0.0,830.95197,11.79,920.0000167,,8.687287816,747.8686601,53,111369.0,6.428055,-9.429499,Liberia,Liberia,Low income,Sub-Saharan Africa,6.825460054387771,6.618563614469405,579.3890588106518,760.48517541264,43.805384318778316
Liberia,2014,9.4,0.4,0.93,190000.0,84.02,0.28,0.0,0.0,0.0,1071.9282,12.61,1220.000029,,0.7013931,739.911935,53,111369.0,6.428055,-9.429499,Liberia,Liberia,Low income,Sub-Saharan Africa,7.107425497861728,6.607881772079477,555.1942264901176,58.931048262,43.6641015137802
Liberia,2015,15.161736,0.4,0.91,252910000.0,83.93,0.29,0.0,0.0,0.0,1054.1843,13.0,1259.99999,,-0.01856497,721.5810505,53,111369.0,6.428055,-9.429499,Liberia,Liberia,Low income,Sub-Saharan Africa,7.139660328034705,6.582829594317649,552.4968878510803,-1.5581579321,43.33364546782426
Liberia,2016,17.7,0.4,5.68,10240000.0,82.66,0.38,0.0,0.0,0.0,1187.8451,13.92,1409.999967,,-1.554958617,740.914906,53,111369.0,6.428055,-9.429499,Liberia,Liberia,Low income,Sub-Saharan Africa,7.252053928465146,6.609234554650203,546.3193282873857,-128.53287928122,43.68198139838227
Liberia,2017,24.2,0.4,20.08,46280000.0,84.77,0.37,0.0,0.0,0.0,1007.256,13.66,1279.999971,,2.45515592,721.085044,53,111369.0,6.428055,-9.429499,Liberia,Liberia,Low income,Sub-Saharan Africa,7.15539627925817,6.582142921429875,557.9682554496104,208.1235673384,43.32460543812941
Liberia,2018,22.879133,0.4,19.63,6590000.0,87.06,0.32,0.0,0.0,0.0,1122.4692,13.59,1129.999995,,1.157575122,710.2659984,53,111369.0,6.428055,-9.429499,Liberia,Liberia,Low income,Sub-Saharan Africa,7.030857471695254,6.567046478544335,571.7270664220698,100.77849012131999,43.126099451361554
Liberia,2019,23.1,0.4,19.16,37570000.0,87.24,0.31,0.0,0.0,0.0,1100.8312,14.33,1179.999948,,-2.467297635,672.3404992,53,111369.0,6.428055,-9.429499,Liberia,Liberia,Low income,Sub-Saharan Africa,7.074116772166879,6.512251144046749,568.1287898066383,-215.2470456774,42.40941496313819
Libya,2000,99.8,,0.0,,2.04,14.56,0.0,0.0,0.0,41310.375,7.37,44720.0,,3.679213293,7142.771786,4,1759540.0,26.3351,17.228331,Libya,Libya,Upper middle income,"Middle East, North Africa, Afghanistan & Pakistan",10.70819846893854,8.873996177197263,18.102952201482417,7.50559511772,78.74780815291165
Libya,2001,97.14706,,0.0,,2.92,15.15,0.0,0.0,0.0,40686.832,7.89,44450.0,,-1.762878168,6266.489821,4,1759540.0,26.3351,17.228331,Libya,Libya,Upper middle income,"Middle East, North Africa, Afghanistan & Pakistan",10.702142737876844,8.743131205938589,25.52994312134068,-5.14760425056,76.44234328425716
Libya,2002,95.42337,,0.0,,2.86,16.48,0.0,0.0,0.0,40937.99,8.16,45590.00015,,-0.958849381,3703.042952,4,1759540.0,26.3351,17.228331,Libya,Libya,Upper middle income,"Middle East, North Africa, Afghanistan & Pakistan",10.727465610891837,8.217180191811147,23.50113534857988,-2.7423092296599996,67.52205030469348
Libya,2003,93.69444,,0.04,,2.85,17.81,0.0,0.0,0.0,39334.31,7.23,48919.99817,,13.01600108,4673.145576,4,1759540.0,26.3351,17.228331,Libya,Libya,Upper middle income,"Middle East, North Africa, Afghanistan & Pakistan",10.797961993722138,8.449801660527344,24.08193473250293,37.095603078,71.39914810225066
Libya,2004,91.96264,,0.12,,2.73,18.99,0.0,0.0,0.0,39269.44,7.11,48459.99908,,4.461629982,5800.588826,4,1759540.0,26.3351,17.228331,Libya,Libya,Upper middle income,"Middle East, North Africa, Afghanistan & Pakistan",10.788514610749,8.665887094538268,23.65787176808947,12.18024985086,75.09759913528491
Libya,2005,90.230286,,0.21,,2.61,21.31,0.0,0.0,0.0,39565.17,6.61,52990.00168,,11.87072893,8163.00937,4,1759540.0,26.3351,17.228331,Libya,Libya,Upper middle income,"Middle East, North Africa, Afghanistan & Pakistan",10.877877398497425,9.007490671650782,23.50955065300854,30.982602507299998,81.13488819987586
Libya,2006,88.49982,,0.29,,2.79,23.26,0.0,0.0,0.0,35456.92,5.82,52919.99817,,6.500547227,9336.353498,4,1759540.0,26.3351,17.228331,Libya,Libya,Upper middle income,"Middle East, North Africa, Afghanistan & Pakistan",10.876555479917979,9.141778139679435,25.505561009705623,18.13652676333,83.57210755512078
Libya,2007,86.773865,,0.37,,2.95,24.66,0.0,0.0,0.0,34507.516,4.6,49389.99939,,6.352316994,11300.19323,4,1759540.0,26.3351,17.228331,Libya,Libya,Upper middle income,"Middle East, North Africa, Afghanistan & Pakistan",10.807523487992839,9.332663594700833,27.531357604367457,18.7393351323,87.09860977185427
Libya,2008,85.05514,,0.45,,2.78,28.88,0.0,0.0,0.0,35070.414,5.0,53270.00046,,2.66735579,14382.59529,4,1759540.0,26.3351,17.228331,Libya,Libya,Upper middle income,"Middle East, North Africa, Afghanistan & Pakistan",10.883147380662036,9.573843620192102,26.61528526413404,7.415249096199999,91.65848166389301
Libya,2009,83.34636,,0.52,,2.51,29.18,0.0,0.0,0.0,39304.934,5.56,56400.00153,,-0.790141832,10275.26154,4,1759540.0,26.3351,17.228331,Libya,Libya,Upper middle income,"Middle East, North Africa, Afghanistan & Pakistan",10.9402421949526,9.237591809443453,23.186355441703064,-1.9832559983199998,85.33310243789677
Libya,2010,81.65022,,0.6,,2.37,30.6,0.0,0.01,0.03266906,40607.305,6.09,59549.99924,,5.021289739,12064.77291,4,1759540.0,26.3351,17.228331,Libya,Libya,Upper middle income,"Middle East, North Africa, Afghanistan & Pakistan",10.994588354491533,9.39812803817052,22.273563450464135,11.90045668143,88.32481062184688
Libya,2011,79.96945,,0.67,,3.09,24.43,0.0,0.01,0.04091653,27959.967,13.76,41950.00076,,-62.07591958,5554.180053,4,1759540.0,26.3351,17.228331,Libya,Libya,Upper middle income,"Middle East, North Africa, Afghanistan & Pakistan",10.644257567629872,8.622486114329726,26.643482093278852,-191.8145915022,74.34726679180895
Libya,2012,78.30675,,0.78,,2.72,32.21,0.0,0.01,0.031036623,36727.043,5.66,57630.00107,,123.1395552,13025.27932,4,1759540.0,26.3351,17.228331,Libya,Libya,Upper middle income,"Middle East, North Africa, Afghanistan & Pakistan",10.961815914920136,9.474724082143755,25.771249503431015,334.939590144,89.77039643275482
Libya,2013,76.66387,,0.77,,2.48,35.63,0.0,0.01,0.028058361,38740.535,5.69,58610.00061,,-13.59999997,10363.80425,4,1759540.0,26.3351,17.228331,Libya,Libya,Upper middle income,"Middle East, North Africa, Afghanistan & Pakistan",10.978677681667348,9.246171139018605,22.93050442476614,-33.7279999256,85.49168073202061
Libya,2014,75.0388,,0.77,,2.41,35.46,0.0,0.01,0.028192839,37137.06,10.48,58000.0,,-24.00000003,6466.908237,4,1759540.0,26.3351,17.228331,Libya,Libya,Upper middle income,"Middle East, North Africa, Afghanistan & Pakistan",10.968215530759236,8.77460803336692,21.14680536041428,-57.8400000723,76.9937461392273
Libya,2015,73.42857,,0.76,,3.05,35.26,0.0,0.01,0.028352708,29102.475,10.84,51330.00183,,-8.862039363,4337.919139,4,1759540.0,26.3351,17.228331,Libya,Libya,Upper middle income,"Middle East, North Africa, Afghanistan & Pakistan",10.846050172800084,8.375380549763904,25.544910676779903,-27.029220057149995,70.14699935336351
Libya,2016,71.83022,,0.75,,2.58,29.52,0.0,0.01,0.033863865,28077.625,11.05,50950.00076,,-2.79546889,4035.196802,4,1759540.0,26.3351,17.228331,Libya,Libya,Upper middle income,"Middle East, North Africa, Afghanistan & Pakistan",10.838619680459932,8.303058141929883,21.421890006179098,-7.2123097362,68.94077450826812
Libya,2017,70.24077,,0.78,,2.72,31.27,0.0,0.01,0.03196931,31206.035,8.41,55159.99985,,26.68090263,5756.699325,4,1759540.0,26.3351,17.228331,Libya,Libya,Upper middle income,"Middle East, North Africa, Afghanistan & Pakistan",10.918011458102638,8.65829325115637,23.550557643145332,72.5720551536,74.96604202301995
Libya,2018,67.0,,0.76,,2.75,32.11,0.0,0.01,0.031133251,31662.736,7.16,56619.99893,,15.13279989,7877.12461,4,1759540.0,26.3351,17.228331,Libya,Libya,Upper middle income,"Middle East, North Africa, Afghanistan & Pakistan",10.944135201216017,8.97184516087212,24.67257419239833,41.615199697499996,80.49400559066446
Libya,2019,68.6424,,0.75,,2.8,31.68,0.0,0.01,0.031555694,32421.873,8.9,56799.99924,,2.535953478,7685.948132,4,1759540.0,26.3351,17.228331,Libya,Libya,Upper middle income,"Middle East, North Africa, Afghanistan & Pakistan",10.947309196808021,8.947279121830595,25.052381541125666,7.1006697384,80.05380368394567
Lithuania,2000,100.0,100.0,,,17.19,2.27,8.42,0.34,79.41977,21678.389,6.17,10510.0,1.2857236,3.695525421,3293.229979,43,65300.0,55.169438,23.881275,Lithuania,Lithuania,High income,Europe & Central Asia,9.260177606823355,8.09992772584751,139.23775760731868,63.52608198699001,65.6088291639532
Lithuania,2001,100.0,100.0,,,17.59,2.6,11.36,0.33,81.80546,25635.498,6.72,11150.0,1.0550188,6.526108902,3525.793632,43,65300.0,55.169438,23.881275,Lithuania,Lithuania,High income,Europe & Central Asia,9.319284458965361,8.16814441760843,143.67766030573227,114.79425558618,66.71858322690775
Lithuania,2002,100.0,100.0,,,17.89,2.66,14.14,0.35,84.4898,27703.938,6.75,11220.00027,1.0718007,6.751414576,4141.592702,43,65300.0,55.169438,23.881275,Lithuania,Lithuania,High income,Europe & Central Asia,9.325542325726893,8.329077127324318,149.00718980783205,120.78280676464,69.37352579291712
Lithuania,2003,100.0,100.0,,,18.07,2.85,15.48,0.33,84.72669,29436.242,6.37,11229.99954,0.94520015,10.56595699,5499.428989,43,65300.0,55.169438,23.881275,Lithuania,Lithuania,High income,Europe & Central Asia,9.326433050004972,8.612581366178876,155.6293452868523,190.9268428093,74.1765577890516
Lithuania,2004,100.0,100.0,,,18.07,3.05,15.1,0.43,83.5845,30054.08,6.06,11909.99985,1.1986761,6.569490118,6700.327192,43,65300.0,55.169438,23.881275,Lithuania,Lithuania,High income,Europe & Central Asia,9.3852176092875,8.810060874120358,159.19779999535487,118.71068643226,77.61717260570637
Lithuania,2005,100.0,100.0,,,17.51,3.42,10.34,0.46,75.94936,27817.504,5.31,12829.99992,1.4099654,7.732367604,7854.765279,43,65300.0,55.169438,23.881275,Lithuania,Lithuania,High income,Europe & Central Asia,9.459619390660118,8.969002971660249,157.04724203377097,135.39375674604003,80.44301430565038
Lithuania,2006,100.0,100.0,,,17.46,2.79,8.65,0.43,76.49537,26969.346,4.86,13020.00046,1.3948395,7.414121335,9230.707981,43,65300.0,55.169438,23.881275,Lithuania,Lithuania,High income,Europe & Central Asia,9.474318753056275,9.130399357073427,159.41677277450205,129.4505585091,83.36419241964686
Lithuania,2007,100.0,100.0,,,17.06,2.82,9.83,0.58,78.68481,29979.059,4.74,13210.00004,1.6962823,11.10748014,12285.44705,43,65300.0,55.169438,23.881275,Lithuania,Lithuania,High income,Europe & Central Asia,9.488805097906134,9.416252068006374,160.64126028018873,189.4936111884,88.66580300823432
Lithuania,2008,100.0,100.0,,,18.34,2.6,9.89,0.6,80.13751,30124.53,4.66,13060.00042,1.7692844,2.614423033,14944.99665,43,65300.0,55.169438,23.881275,Lithuania,Lithuania,High income,Europe & Central Asia,9.477386001734324,9.612198760349973,176.2877252648185,47.94851842522,92.39436500847354
Lithuania,2009,100.0,100.0,,,20.09,2.84,10.85,0.68,80.2366,28308.246,5.03,11689.99958,2.186495,-14.83860837,11820.77616,43,65300.0,55.169438,23.881275,Lithuania,Lithuania,High income,Europe & Central Asia,9.366574558081748,9.37769854701457,188.3979638095227,-298.1076421533,87.94123003867917
Lithuania,2010,100.0,100.0,,,21.46,3.84,0.0,0.91,19.157894,20948.318,3.98,12600.00038,3.9403253,1.651240653,11987.50841,43,65300.0,55.169438,23.881275,Lithuania,Lithuania,High income,Europe & Central Asia,9.44153148502603,9.391703837447189,201.54596435161668,35.43562441338,88.20410097032025
Lithuania,2011,100.0,100.0,,,22.74,2.88,0.0,1.11,27.81955,22097.504,3.89,11850.00038,4.594768,6.03900816,14376.94786,43,65300.0,55.169438,23.881275,Lithuania,Lithuania,High income,Europe & Central Asia,9.380167563253252,9.573450913163615,217.7002737653406,137.3270455584,91.65096238675326
Lithuania,2012,100.0,100.0,,,23.92,3.12,0.0,1.18,27.441858,22394.059,3.78,11930.00031,4.8736596,3.843864749,14367.70942,43,65300.0,55.169438,23.881275,Lithuania,Lithuania,High income,Europe & Central Asia,9.386895359858533,9.572808164323076,228.981571290608,91.94524479608,91.63865615093054
Lithuania,2013,100.0,100.0,,,26.34,2.45,0.0,1.53,38.44221,20938.49,3.45,11329.99992,6.826762,3.550072843,15729.65247,43,65300.0,55.169438,23.881275,Lithuania,Lithuania,High income,Europe & Central Asia,9.335297604320289,9.663366474530923,254.53307293914452,93.50891868462,93.38065162108819
Lithuania,2014,100.0,100.0,,,27.73,1.95,0.0,1.51,43.641617,20422.297,3.34,10859.99966,7.0076375,3.537009879,16551.0182,43,65300.0,55.169438,23.881275,Lithuania,Lithuania,High income,Europe & Central Asia,9.292933638975368,9.714263318989781,269.37652183558663,98.08128394467,94.36691183067036
Lithuania,2015,100.0,100.0,,,28.96,2.32,0.0,1.68,42.0,21569.006,3.3,11069.99969,7.4305215,2.024583955,14258.22933,43,65300.0,55.169438,23.881275,Lithuania,Lithuania,High income,Europe & Central Asia,9.312084327858383,9.565159648328324,277.00702341558826,58.63195133680001,91.49227909800842
Lithuania,2016,100.0,100.0,,,31.47,1.31,0.0,2.1,61.583572,22207.523,3.3,11199.99981,8.9710455,2.518828273,14998.12506,43,65300.0,55.169438,23.881275,Lithuania,Lithuania,High income,Europe & Central Asia,9.323758322048969,9.615747149049792,302.60756278059694,79.26752575131,92.4625932344592
Lithuania,2017,100.0,100.0,,,33.78,0.82,0.0,2.53,75.52239,23635.178,3.31,11220.00027,10.216778,4.282596951,16843.69965,43,65300.0,55.169438,23.881275,Lithuania,Lithuania,High income,Europe & Central Asia,9.325542325726893,9.73179132546501,328.7399109742081,144.66612500478,94.70776240239603
Lithuania,2018,100.0,100.0,,,33.73,0.55,0.0,2.2,80.0,24616.006,3.22,11649.99962,8.702936,3.993310328,19176.81215,43,65300.0,55.169438,23.881275,Lithuania,Lithuania,High income,Europe & Central Asia,9.363147259604714,9.861509272587961,332.6287077643919,134.69435736344,97.24936513333833
Lithuania,2019,100.0,100.0,,,33.53,0.67,0.0,2.47,78.662415,24873.117,3.08,11729.99954,9.697966,4.573771737,19575.76848,43,65300.0,55.169438,23.881275,Lithuania,Lithuania,High income,Europe & Central Asia,9.369990150293376,9.882098860584122,331.3467747953856,153.35856634161001,97.65587789035801
Luxembourg,2000,100.0,100.0,,,6.81,0.24,0.0,0.16,40.0,85402.43,3.35,8560.0,1.3703701,6.938130249,48538.7829,242,2586.0,49.815273,6.129583,Luxembourg,Luxembourg,High income,Europe & Central Asia,9.054972284742485,10.790139006670673,73.48084663542728,47.24866699569,116.42709978327598
Luxembourg,2001,100.0,100.0,,,3.42,0.7,0.0,0.17,19.54023,90348.625,3.44,9120.0,1.2522311,3.074354999,48398.22929,242,2586.0,49.815273,6.129583,Luxembourg,Luxembourg,High income,Europe & Central Asia,9.118334726180159,10.787239168817608,36.89235795735622,10.51429409658,116.3645288852728
Luxembourg,2002,100.0,100.0,,,1.32,2.65,0.0,0.15,5.3571434,97735.35,3.44,9819.999695,1.0301427,3.2254169,52754.27325,242,2586.0,49.815273,6.129583,Luxembourg,Luxembourg,High income,Europe & Central Asia,9.192278198101873,10.873419013166608,14.352913097379922,4.257550308,118.23124103589308
Luxembourg,2003,100.0,100.0,,,1.28,2.65,0.0,0.14,5.0179214,101260.22,3.57,10239.99977,0.91740716,2.619378579,65544.59195,242,2586.0,49.815273,6.129583,Luxembourg,Luxembourg,High income,Europe & Central Asia,9.234154527616694,11.090501239791067,14.195841586932566,3.3528045811200005,122.99921774980719
Luxembourg,2004,100.0,100.0,,,1.35,3.18,0.0,0.19,5.6379824,113106.17,3.84,11659.99985,1.1120193,4.231891307,76404.41504,242,2586.0,49.815273,6.129583,Luxembourg,Luxembourg,High income,Europe & Central Asia,9.364005206656943,11.243808850129833,15.179141947675275,5.71305326445,126.42323745825796
Luxembourg,2005,100.0,100.0,,,1.87,3.14,0.0,0.21,6.2686567,113049.23,3.8,11909.99985,1.1679211,2.482874748,80957.94128,242,2586.0,49.815273,6.129583,Luxembourg,Luxembourg,High income,Europe & Central Asia,9.3852176092875,11.301697407360688,21.134174151764487,4.64297577876,127.7283642875433
Luxembourg,2006,100.0,100.0,,,2.08,3.29,0.0,0.25,7.062147,109285.4,3.57,11720.00027,1.3908712,6.016715044,90712.79929,242,2586.0,49.815273,6.129583,Luxembourg,Luxembourg,High income,Europe & Central Asia,9.369137406758757,11.41546476664766,23.74416671462713,12.51476729152,130.3128358385741
Luxembourg,2007,100.0,100.0,,,3.64,2.93,0.0,0.26,8.15047,104455.21,3.2,11109.99966,1.5379573,8.098667607,107338.8652,242,2586.0,49.815273,6.129583,Luxembourg,Luxembourg,High income,Europe & Central Asia,9.315690856983702,11.583755389907411,42.16486961926298,29.479150089479997,134.183388933209
Luxembourg,2008,100.0,100.0,,,3.96,2.44,0.0,0.28,10.294118,101834.57,3.24,11020.00046,1.6481373,-0.300176194,119932.2437,242,2586.0,49.815273,6.129583,Luxembourg,Luxembourg,High income,Europe & Central Asia,9.30755786443004,11.694690564470537,46.310974635303324,-1.18869772824,136.7657873987162
Luxembourg,2009,100.0,100.0,,,3.73,2.88,0.0,0.27,8.571429,95591.98,3.19,10439.99958,1.6371243,-3.238954027,108987.6776,242,2586.0,49.815273,6.129583,Luxembourg,Luxembourg,High income,Europe & Central Asia,9.253495602064078,11.598999280586519,43.26426731658771,-12.08129852071,134.53678431104657
Luxembourg,2010,100.0,100.0,,,3.68,2.97,0.0,0.27,8.333334,98832.99,3.24,11029.99973,1.5543997,3.760413593,110777.9079,242,2586.0,49.815273,6.129583,Luxembourg,Luxembourg,High income,Europe & Central Asia,9.308464745492905,11.615291673260835,42.74427335759987,13.83832202224,134.9150006549225
Luxembourg,2011,100.0,100.0,,,3.76,2.4,0.0,0.24,9.090909,94211.61,3.12,10899.99962,1.4713187,1.044298695,118869.2999,242,2586.0,49.815273,6.129583,Luxembourg,Luxembourg,High income,Europe & Central Asia,9.296609772269171,11.68578826089569,43.93856386096779,3.9265630931999995,136.5576472784875
Luxembourg,2012,100.0,100.0,,,4.15,2.45,0.0,0.31,11.231884,90375.62,3.08,10689.99958,1.8497294,1.64990203,112591.1162,242,2586.0,49.815273,6.129583,Luxembourg,Luxembourg,High income,Europe & Central Asia,9.27715750572812,11.631526976250703,48.27083695144042,6.847093424500001,135.29241979924782
Luxembourg,2013,100.0,100.0,,,5.72,1.48,0.0,0.36,19.565218,84137.46,2.88,10149.99962,2.304208,3.171790499,119966.0349,242,2586.0,49.815273,6.129583,Luxembourg,Luxembourg,High income,Europe & Central Asia,9.225327464349695,11.694972274858042,66.895241412188,18.14264165428,136.7723765096983
Luxembourg,2014,100.0,100.0,,,6.85,1.51,0.0,0.4,20.94241,79619.14,2.66,9649.999619,2.5587912,2.623086016,123514.1967,242,2586.0,49.815273,6.129583,Luxembourg,Luxembourg,High income,Europe & Central Asia,9.174816776429362,11.724119477682542,80.31021842212542,17.968139209599997,137.45497752697517
Luxembourg,2015,100.0,100.0,,,9.09,0.91,0.0,0.43,32.08955,75576.625,2.48,9130.000114,2.8418615,2.269784484,105419.6085,242,2586.0,49.815273,6.129583,Luxembourg,Luxembourg,High income,Europe & Central Asia,9.119430509101282,11.565713422542036,105.1323350109071,20.63234095956,133.765726972369
Luxembourg,2016,100.0,100.0,,,13.5,0.33,0.0,0.46,58.227848,72784.555,2.35,8850.000381,3.052534,4.978190437,106826.7264,242,2586.0,49.815273,6.129583,Luxembourg,Luxembourg,High income,Europe & Central Asia,9.08828576901486,11.578972782302152,156.31613256107906,67.2055708995,134.07261069329405
Luxembourg,2017,100.0,100.0,,,15.33,0.3,0.0,0.6,66.66667,74384.77,2.35,9000.0,3.8070426,1.317187663,109921.0314,242,2586.0,49.815273,6.129583,Luxembourg,Luxembourg,High income,Europe & Central Asia,9.105090961257085,11.607526587998656,177.9433825940194,20.19248687379,134.73467349109572
Luxembourg,2018,100.0,100.0,,,16.09,0.28,0.0,0.68,70.833336,76376.74,2.37,9319.999695,4.1558747,2.00437712,117197.4817,242,2586.0,49.815273,6.129583,Luxembourg,Luxembourg,High income,Europe & Central Asia,9.140025165339345,11.67162420126298,187.79643339832134,32.2504278608,136.2268114955077
Luxembourg,2019,100.0,100.0,,,16.45,0.27,0.0,0.8,74.76635,76273.7,2.34,9489.999771,4.7653427,3.283806756,113218.7133,242,2586.0,49.815273,6.129583,Luxembourg,Luxembourg,High income,Europe & Central Asia,9.158099236002371,11.637085575349325,191.43005771449637,54.018621136200004,135.42176068800333
Madagascar,2000,12.72419,1.3,6.71,,82.62,0.24,0.0,0.54,69.230774,591.2006,6.03,1650.0,,4.456858938,293.6071574,48,587041.0,-18.766947,46.869107,Madagascar,Madagascar,Low income,Sub-Saharan Africa,7.409136443920128,5.685642799049086,469.7478080574355,368.22568545756,32.326534038378725
Madagascar,2001,14.8,1.3,6.51,,84.32,0.36,0.0,0.53,59.55056,563.0391,5.72,1670.0,,5.980235764,334.4416177,48,587041.0,-18.766947,46.869107,Madagascar,Madagascar,Low income,Sub-Saharan Africa,7.421177528595393,5.815447925471913,490.35856907579165,504.25347962047994,33.819434573875576
Madagascar,2002,14.046576,1.3,6.31,10000.0,87.35,0.33,0.0,0.54,62.06897,422.2325,6.37,1120.000005,,-12.4079711,319.2163788,48,587041.0,-18.766947,46.869107,Madagascar,Madagascar,Low income,Sub-Saharan Africa,7.021976427532463,5.768996951034544,503.9218836728674,-1083.8362755849998,33.28132582104587
Madagascar,2003,20.3,1.2,6.13,,84.99,0.39,0.0,0.6,60.606064,524.7671,6.17,1549.999952,,9.784892121,368.7972369,48,587041.0,-18.766947,46.869107,Madagascar,Madagascar,Low income,Sub-Saharan Africa,7.346655132228762,5.91295484704842,502.5420324506452,831.61798136379,34.9630350232334
Madagascar,2004,15.348019,1.2,5.95,8340000.0,84.44,0.47,0.0,0.63,57.272724,554.3044,6.06,1649.999976,,5.257003621,284.4877263,48,587041.0,-18.766947,46.869107,Madagascar,Madagascar,Low income,Sub-Saharan Africa,7.409136429383484,5.654199037979316,477.4405667669734,443.90138575724,31.969966761086223
Madagascar,2005,15.996761,1.1,5.78,3220000.0,84.94,0.47,0.0,0.64,57.657658,520.9991,5.88,1710.000038,,4.755845097,319.5374751,48,587041.0,-18.766947,46.869107,Madagascar,Madagascar,Low income,Sub-Saharan Africa,7.444833296101428,5.769999196514377,490.10373175193115,403.96148253918,33.29289072777655
Madagascar,2006,16.647375,1.1,5.62,7150000.0,86.03,0.5,0.0,0.63,55.752213,498.27472,5.67,1639.999986,,5.39850845,338.7511983,48,587041.0,-18.766947,46.869107,Madagascar,Madagascar,Low income,Sub-Saharan Africa,7.4030610825587075,5.828213580030184,501.4012142899967,464.43368195349996,33.96807353444825
Madagascar,2007,17.302511,1.1,5.47,8560000.0,86.19,0.47,0.0,0.71,60.169495,516.442,5.55,1720.000029,,5.710564197,438.6555158,48,587041.0,-18.766947,46.869107,Madagascar,Madagascar,Low income,Sub-Saharan Africa,7.450660813062208,6.085991501635087,524.5516075259281,492.19352813943,37.039292557974505
Madagascar,2008,17.96488,1.0,6.09,2710000.0,86.14,0.54,0.0,0.69,56.09756,531.468,5.45,1779.999971,,6.712632542,536.3514017,48,587041.0,-18.766947,46.869107,Madagascar,Madagascar,Low income,Sub-Saharan Africa,7.484930267006675,6.286652259825678,541.5322256613839,578.22616716788,39.52199663597131
Madagascar,2009,17.4,1.0,5.95,,87.07,0.5,0.0,0.73,59.349594,455.50735,5.84,1690.000057,,-3.978708613,467.5397834,48,587041.0,-18.766947,46.869107,Madagascar,Madagascar,Low income,Sub-Saharan Africa,7.433075382606445,6.149621014615427,535.4475017425651,-346.42615893390996,37.81783862339967
Madagascar,2010,12.3,0.9,6.18,,86.66,0.62,0.0,0.7,53.0303,469.25098,6.08,1870.000005,,0.619239746,471.9592116,48,587041.0,-18.766947,46.869107,Madagascar,Madagascar,Low income,Sub-Saharan Africa,7.534228328946457,6.159009151369814,533.739733057708,53.663316388359995,37.933393726657116
Madagascar,2011,14.3,0.9,6.03,7370000.0,84.6,0.66,0.0,0.68,50.74627,511.36972,6.34,2190.000057,,1.578427051,531.2654321,48,587041.0,-18.766947,46.869107,Madagascar,Madagascar,Low income,Sub-Saharan Africa,7.692113365610984,6.277142297434997,531.0462383630007,133.53492851459998,39.40251542224751
Madagascar,2012,18.7,0.9,7.38,50000.0,83.4,0.95,0.0,0.75,44.117645,587.69507,6.48,2740.00001,,3.011148115,518.1528127,48,587041.0,-18.766947,46.869107,Madagascar,Madagascar,Low income,Sub-Saharan Africa,7.91607809995109,6.2521982766294215,521.4333362708938,251.12975279100002,39.08998329028791
Madagascar,2013,12.9,0.9,7.29,2760000.0,81.17,1.04,0.0,0.81,43.783783,600.2899,6.7,2930.000067,,2.300376232,541.0659437,48,587041.0,-18.766947,46.869107,Madagascar,Madagascar,Low income,Sub-Saharan Africa,7.983098963569985,6.295387661381949,510.99661647437284,186.72153875144002,39.63190580708009
Madagascar,2014,22.235073,0.9,7.21,14120000.0,80.12,1.08,0.0,0.89,45.177666,635.02496,6.65,3009.99999,,3.339203113,530.8610389,48,587041.0,-18.766947,46.869107,Madagascar,Madagascar,Low income,Sub-Saharan Africa,8.010027525160577,6.276382250146469,502.8637458817351,267.53695341356,39.39297414995365
Madagascar,2015,23.005934,0.9,7.14,4740000.0,80.55,1.11,0.0,0.95,46.116505,676.7416,6.68,3279.999971,,3.132298073,467.2354316,48,587041.0,-18.766947,46.869107,Madagascar,Madagascar,Low income,Sub-Saharan Africa,8.095903524122333,6.14897122840026,495.29963244764093,252.30660978014998,37.8098471676942
Madagascar,2016,22.9,0.9,7.03,22530000.0,83.85,1.12,0.0,0.9,44.554455,691.3689,7.86,3180.000067,,3.993146064,475.9555568,48,587041.0,-18.766947,46.869107,Madagascar,Madagascar,Low income,Sub-Saharan Africa,8.064950912811703,6.167423314220486,517.1384448973878,334.82529746639995,38.037110336790406
Madagascar,2017,24.1,0.9,6.93,27120000.0,81.32,1.4,0.0,0.8,36.363636,617.7024,8.03,3470.000029,,3.933307595,515.2933234,48,587041.0,-18.766947,46.869107,Madagascar,Madagascar,Low income,Sub-Saharan Africa,8.152198024216727,6.246675060173091,507.9796158932757,319.85657362539996,39.02094930738849
Madagascar,2018,36.5,0.9,7.51,5250000.0,83.74,1.29,0.0,0.98,43.171806,579.6003,8.5,3349.999905,,3.194356515,523.9459714,48,587041.0,-18.766947,46.869107,Madagascar,Madagascar,Low income,Sub-Saharan Africa,8.117014059387564,6.263295345676812,524.4883522469762,267.49541456609995,39.22886858717681
Madagascar,2019,31.04,0.9,7.31,43730000.0,82.77,1.1,0.0,0.91,45.273632,678.70404,8.56,4119.999886,,4.41123213,522.9895243,48,587041.0,-18.766947,46.869107,Madagascar,Madagascar,Low income,Sub-Saharan Africa,8.323851103675628,6.26147169232731,518.2620119739314,365.1176834001,39.20602775381623
Malawi,2000,4.8,2.1,26.9,6840000.0,82.62,0.15,0.0,1.09,87.90323,606.25275,5.29,710.0,,1.576077837,156.3858168,203,118484.0,-13.254308,34.301525,Malawi,Malawi,Low income,Sub-Saharan Africa,6.566672429803241,5.058700222647487,417.9498123951354,130.21555089294,25.590447942613736
Malawi,2001,5.13952,2.1,26.24,,83.13,0.15,0.0,1.11,88.09524,581.4494,5.51,680.0,,-4.974963848,150.1489426,203,118484.0,-13.254308,34.301525,Malawi,Malawi,Low income,Sub-Saharan Africa,6.523562306149512,5.018265725501361,417.1684297609281,-413.56874468423996,25.1829908917417
Malawi,2002,5.5341597,2.1,25.6,,83.3,0.16,0.0,1.17,87.96992,560.5774,5.66,680.0000072,,1.700000014,298.4334104,203,118484.0,-13.254308,34.301525,Malawi,Malawi,Low income,Sub-Saharan Africa,6.5235623167222,5.70189205694206,474.9676083432736,141.6100011662,32.511573029018955
Malawi,2003,6.2,2.1,24.94,510000.0,82.83,0.12,0.0,1.23,91.11111,574.14386,5.43,750.0,,5.705639438,267.3990119,203,118484.0,-13.254308,34.301525,Malawi,Malawi,Low income,Sub-Saharan Africa,6.621405651764134,5.592474723645147,463.2246813595275,472.59811464954004,31.275773534609858
Malawi,2004,6.9,2.1,24.33,60000.0,82.45,0.15,0.0,1.34,89.932884,596.341,5.23,769.9999809,,5.420497693,282.5671076,203,118484.0,-13.254308,34.301525,Malawi,Malawi,Low income,Sub-Saharan Africa,6.647688348790307,5.647448806267263,465.6321540767359,446.92003478785,31.89367801940954
Malawi,2005,6.696063,2.2,23.7,60000.0,83.17,0.14,0.0,1.39,90.84968,564.4167,5.09,759.9999905,,3.268725827,289.5552148,203,118484.0,-13.254308,34.301525,Malawi,Malawi,Low income,Sub-Saharan Africa,6.634633345378112,5.67179362638965,471.72307590682715,271.85992703159,32.16924294035425
Malawi,2006,3.6532273,2.3,23.07,50000.0,82.8,0.14,0.0,1.42,91.02564,566.84424,4.85,779.9999714,,4.699999992,308.1636182,203,118484.0,-13.254308,34.301525,Malawi,Malawi,Low income,Sub-Saharan Africa,6.660575113219967,5.733870645495326,474.764489447013,389.1599993376,32.87727257927299
Malawi,2007,7.476292,2.3,22.45,60000.0,82.21,0.14,0.0,1.45,91.19497,548.9341,4.59,829.9999833,,9.600000004,332.2590946,203,118484.0,-13.254308,34.301525,Malawi,Malawi,Low income,Sub-Saharan Africa,6.722629774759178,5.808920249309091,477.55133369570035,789.21600032884,33.743554462833195
Malawi,2008,7.8758984,2.4,21.82,,80.39,0.11,0.0,1.62,93.64162,607.96954,4.46,959.9999785,,7.639736775,387.6057212,203,118484.0,-13.254308,34.301525,Malawi,Malawi,Low income,Sub-Saharan Africa,6.867974386597764,5.9625652594288905,479.3306212054885,614.1584393422501,35.55218447294831
Malawi,2009,8.285444,2.45,21.22,70000.0,80.01,0.13,0.0,1.58,92.39766,549.8785,4.15,980.0000191,,8.328110276,438.2118568,203,118484.0,-13.254308,34.301525,Malawi,Malawi,Low income,Sub-Saharan Africa,6.888572479035291,6.084981886187939,486.859400713897,666.3321031827601,37.02700455523533
Malawi,2010,8.7,2.5,20.63,15180000.0,81.21,0.13,0.0,1.83,93.36735,640.52893,3.86,889.9999857,,6.874065633,478.6686885,203,118484.0,-13.254308,34.301525,Malawi,Malawi,Low income,Sub-Saharan Africa,6.792344411421427,6.173095633290291,501.3170963795045,558.24287005593,38.10710969774766
Malawi,2011,7.6,2.5,20.12,2410000.0,80.17,0.13,0.0,1.88,93.53234,626.8056,3.79,930.0000072,,4.854055111,534.9510502,203,118484.0,-13.254308,34.301525,Malawi,Malawi,Low income,Sub-Saharan Africa,6.836259285010687,6.284042832646757,503.79171389329053,389.14959824887,39.48919432253908
Malawi,2012,7.4,2.4,19.61,1690000.0,80.11,0.13,0.0,1.96,93.77991,611.7529,3.77,949.9999881,,1.885799507,391.5617052,203,118484.0,-13.254308,34.301525,Malawi,Malawi,Low income,Sub-Saharan Africa,6.857514050032246,5.972693735566793,478.4724951562558,151.07139850577,35.67307045887881
Malawi,2013,9.0,2.3,19.24,36020000.0,79.68,0.13,0.0,1.96,93.77991,604.7202,3.61,980.0000191,,5.199999997,348.4298737,203,118484.0,-13.254308,34.301525,Malawi,Malawi,Low income,Sub-Saharan Africa,6.888572479035291,5.856302894045039,466.63021459750877,414.33599976096,34.2962835868003
Malawi,2014,11.9,2.2,22.77,1930000.0,82.7,0.13,0.0,2.08,94.117645,605.3154,3.38,850.0000238,,5.700000004,371.2695217,203,118484.0,-13.254308,34.301525,Malawi,Malawi,Low income,Sub-Saharan Africa,6.7464121565404715,5.919618112633655,489.5524179148033,471.3900003308,35.041878599420436
Malawi,2015,10.8,2.0,22.42,63510000.0,80.87,0.13,0.0,2.08,94.117645,567.38477,3.37,930.0000072,,2.8,380.5969877,203,118484.0,-13.254308,34.301525,Malawi,Malawi,Low income,Sub-Saharan Africa,6.836259285010687,5.94436504567505,480.72080124374133,226.436,35.33547579624334
Malawi,2016,11.0,1.8,21.84,350000.0,78.69,0.15,0.0,2.05,93.181816,581.6119,3.36,1120.000005,,2.484040625,315.7779871,203,118484.0,-13.254308,34.301525,Malawi,Malawi,Low income,Sub-Saharan Africa,7.021976427532463,5.7582011723619235,453.11285025315976,195.46915678125,33.15688074139023
Malawi,2017,12.7,1.6,21.66,3860000.0,75.94,0.19,0.0,1.9,90.909096,583.40607,3.32,1190.000057,,4.000030517,506.1372944,203,118484.0,-13.254308,34.301525,Malawi,Malawi,Low income,Sub-Saharan Africa,7.082548617214241,6.228781764565258,473.01368720108565,303.76231746098,38.797722270580685
Malawi,2018,18.02,1.3,22.14,17150000.0,73.03,0.2,0.0,1.44,87.80488,542.3849,3.28,1379.999995,,4.391688296,544.5934354,203,118484.0,-13.254308,34.301525,Malawi,Malawi,Low income,Sub-Saharan Africa,7.230563149788727,6.301874074565373,460.2258636655092,320.72499625688,39.71361685167918
Malawi,2019,11.2,1.2,21.94,101610000.0,73.02,0.2,0.0,1.5,88.23529,537.8198,3.18,1450.000048,,5.448181336,591.8463896,203,118484.0,-13.254308,34.301525,Malawi,Malawi,Low income,Sub-Saharan Africa,7.280008285964821,6.384935325980838,466.22797750312077,397.82620115471997,40.76739911695803
Malaysia,2000,99.10397,98.0,119.04,141190000.0,4.44,62.91,,7.56,10.727969,26639.928,5.48,124360.0,3.6813028,8.85886817,4043.662923,99,329847.0,4.210484,101.975766,Malaysia,Malaysia,Upper middle income,East Asia & Pacific,11.730943905311154,8.305153494252693,36.874881514481956,39.3333746748,68.97557456309771
Malaysia,2001,99.12567,98.0,115.99,,4.26,69.71,,6.64,8.696792,26582.326,5.67,129460.0,3.139982,0.517675319,3913.429386,99,329847.0,4.210484,101.975766,Malaysia,Malaysia,Upper middle income,East Asia & Pacific,11.771134956463303,8.272424847099812,35.240529848645195,2.2052968589399997,68.43301285091434
Malaysia,2002,99.139786,98.1,115.13,20000.0,3.57,74.78,,5.81,7.2093315,27303.566,5.56,136380.0049,2.5937574,5.390988307,4165.726104,99,329847.0,4.210484,101.975766,Malaysia,Malaysia,Upper middle income,East Asia & Pacific,11.823207754429959,8.33488589948054,29.755542661145526,19.24582825599,69.47032295735953
Malaysia,2003,99.14866,98.2,113.41,,3.33,77.25,,5.51,6.6578054,28867.148,5.63,144490.0055,2.2532132,5.788499286,4461.847325,99,329847.0,4.210484,101.975766,Malaysia,Malaysia,Upper middle income,East Asia & Pacific,11.88097253892254,8.403542254991919,27.98379570912309,19.275702622380003,70.61952243143466
Malaysia,2004,99.154655,98.1,111.19,270000.0,3.22,89.3,,6.15,6.4431643,30459.574,5.68,158270.0043,2.3197203,6.783437724,4952.213958,99,329847.0,4.210484,101.975766,Malaysia,Malaysia,Upper middle income,East Asia & Pacific,11.972064059792759,8.50779192931323,27.395090012388604,21.84266947128,72.38252351248734
Malaysia,2005,99.16011,98.1,107.28,,3.01,91.79,,6.6,6.7079988,32213.139,5.85,167419.9982,2.2862065,5.332139161,5587.02478,99,329847.0,4.210484,101.975766,Malaysia,Malaysia,Upper middle income,East Asia & Pacific,12.0282668664469,8.628381154869526,25.97142727615727,16.049738874609996,74.44896135370757
Malaysia,2006,99.167435,98.1,106.98,10000.0,3.13,96.31,,6.94,6.7215495,31831.441,5.57,174100.0061,2.3655074,5.584847067,6209.126167,99,329847.0,4.210484,101.975766,Malaysia,Malaysia,Upper middle income,East Asia & Pacific,12.067390904602306,8.733936491468324,27.337221218295852,17.48057131971,76.28164663700201
Malaysia,2007,99.17928,98.0,105.86,10000.0,2.85,101.52,,6.72,6.208426,33221.49,5.59,189940.0024,2.1384602,6.298785927,7243.456801,99,329847.0,4.210484,101.975766,Malaysia,Malaysia,Upper middle income,East Asia & Pacific,12.154468789239056,8.88799187623658,25.330776847274254,17.95153989195,78.99639959204744
Malaysia,2008,99.198364,98.0,104.09,,3.04,105.01,,8.61,7.5778904,33712.133,5.65,202910.0037,2.624564,4.831769889,8474.587762,99,329847.0,4.210484,101.975766,Malaysia,Malaysia,Upper middle income,East Asia & Pacific,12.220522756477454,9.04494528229226,27.496633658168466,14.688580462560001,81.81103515966099
Malaysia,2009,99.3,97.7,102.42,30000.0,2.27,107.66,,8.28,7.141625,32003.473,5.42,181929.9927,2.6226811,-1.513528716,7292.494973,99,329847.0,4.210484,101.975766,Malaysia,Malaysia,Upper middle income,East Asia & Pacific,12.111382733170219,8.894738130282184,20.191055555740558,-3.43571018532,79.1163664062958
Malaysia,2010,99.374054,97.7,99.15,140000.0,1.96,117.16,,7.62,6.106748,32487.746,5.24,200220.0012,2.3254187,7.424847383,9040.568495,99,329847.0,4.210484,101.975766,Malaysia,Malaysia,Upper middle income,East Asia & Pacific,12.207177041460422,9.109587944419854,17.854792371062914,14.55270087068,82.98459251711954
Malaysia,2011,99.46547,97.6,135.95,60000.0,2.16,117.43,,9.6,7.5572705,32524.594,5.19,202740.0055,2.8593705,5.293912834,10399.37021,99,329847.0,4.210484,101.975766,Malaysia,Malaysia,Upper middle income,East Asia & Pacific,12.2196846084782,9.249596681611287,19.97912883228038,11.434851721440001,85.55503877247453
Malaysia,2012,99.8,97.4,145.91,4000000.0,2.52,123.23,,10.76,8.03045,35010.12,4.99,205809.9976,2.9071403,5.473454193,10817.43171,99,329847.0,4.210484,101.975766,Malaysia,Malaysia,Upper middle income,East Asia & Pacific,12.234713539243913,9.28900659827221,23.408296627645967,13.79310456636,86.28564358274464
Malaysia,2013,99.60445,97.2,192.63,70000.0,2.75,127.86,,13.04,9.254791,36062.543,5.38,223660.0037,3.3195534,4.693722526,10970.1043,99,329847.0,4.210484,101.975766,Malaysia,Malaysia,Upper middle income,East Asia & Pacific,12.31788680818724,9.30302021365408,25.58330558754872,12.9077369465,86.5461850956564
Malaysia,2014,99.65094,97.1,212.85,160000.0,3.03,133.16,,14.31,9.703669,35862.223,5.18,236649.9939,3.5630174,6.006721946,11319.06194,99,329847.0,4.210484,101.975766,Malaysia,Malaysia,Upper middle income,East Asia & Pacific,12.374341735198804,9.334331823473653,28.283025425125164,18.20036749638,87.12975059071296
Malaysia,2015,99.77882,96.8,249.45,170000.0,3.41,135.17,,14.94,9.952702,35878.008,4.72,236539.9933,3.6460347,5.091532422,9955.242722,99,329847.0,4.210484,101.975766,Malaysia,Malaysia,Upper middle income,East Asia & Pacific,12.373876805086052,9.205955042659975,31.392306695470513,17.36212555902,84.74960824747662
Malaysia,2016,99.9,96.6,259.33,1290000.0,4.43,135.56,,21.09,13.463135,37199.58,4.69,235960.0067,4.848279,4.449781398,9817.78709,99,329847.0,4.210484,101.975766,Malaysia,Malaysia,Upper middle income,East Asia & Pacific,12.371421844508996,9.192052879463379,40.720794256022764,19.71253159314,84.493836138851
Malaysia,2017,99.952484,96.5,235.74,50000.0,5.22,132.7,,27.94,17.39293,37162.887,4.28,227619.9951,6.291511,5.81272241,10259.30481,99,329847.0,4.210484,101.975766,Malaysia,Malaysia,Upper middle income,East Asia & Pacific,12.335437222586275,9.236037826860468,48.21211745621164,30.3424109802,85.30439473919743
Malaysia,2018,99.99224,96.1,239.17,60000.0,5.31,142.27,,28.31,16.59632,37333.03,4.5,244410.0037,6.2534175,4.84305661,11380.08209,99,329847.0,4.210484,101.975766,Malaysia,Malaysia,Upper middle income,East Asia & Pacific,12.40660652858848,9.339707790154568,49.59384836572075,25.716630599099997,87.23014160547393
Malaysia,2019,100.0,95.8,251.85,20000.0,5.11,149.7,,28.76,16.115656,37823.5,4.25,253270.0043,6.1784086,4.439471288,11432.823,99,329847.0,4.210484,101.975766,Malaysia,Malaysia,Upper middle income,East Asia & Pacific,12.442215357664772,9.344331171557167,47.74953228665713,22.68569828168,87.31652504373494
Maldives,2000,83.8,53.1,0.0,4770000.0,2.34,0.1,0.0,0.0,0.0,10129.736,1.74,460.0,,3.845810392,2234.595861,"1,802",298.0,3.202778,73.22068,Maldives,Maldives,Upper middle income,South Asia,6.133398042996649,7.712263075989284,18.046695597814924,8.99919631728,59.479001753267696
Maldives,2001,87.48629,58.6,0.0,,2.26,0.11,0.0,0.0,0.0,8351.583,1.85,480.0,,-3.943634354,3038.781417,"1,802",298.0,3.202778,73.22068,Maldives,Maldives,Upper middle income,South Asia,6.175867270105761,8.019540889512541,18.12416241029834,-8.912613640039998,64.3130360785636
Maldives,2002,88.3575,63.7,0.0,,1.78,0.12,0.0,0.0,0.0,9816.173,2.2,620.0000048,,7.268386313,3049.207981,"1,802",298.0,3.202778,73.22068,Maldives,Maldives,Upper middle income,South Asia,6.431331089662947,8.022965057768396,14.280877802827744,12.93772763714,64.36796831817263
Maldives,2003,89.223465,68.9,0.0,,2.22,0.13,0.0,0.0,0.0,8392.205,1.66,529.9999714,,13.75004982,3476.006273,"1,802",298.0,3.202778,73.22068,Maldives,Maldives,Upper middle income,South Asia,6.2747619673812975,8.153926936147736,18.101717798247975,30.5251106004,66.4865244800356
Maldives,2004,90.08655,74.0,0.0,,1.67,0.15,0.0,0.0,0.0,10799.323,2.07,750.0,,6.033754049,3941.431136,"1,802",298.0,3.202778,73.22068,Maldives,Maldives,Upper middle income,South Asia,6.621405651764134,8.279552851595232,13.826853262164038,10.07636926183,68.55099542235874
Maldives,2005,90.94909,78.7,0.04,,1.95,0.17,0.0,0.0,0.0,9621.824,2.16,720.0000286,,-13.12905343,3640.012132,"1,802",298.0,3.202778,73.22068,Maldives,Maldives,Upper middle income,South Asia,6.580639176952078,8.200016980221516,15.990033111431956,-25.6016541885,67.24027847592119
Maldives,2006,91.81351,82.9,0.19,,1.59,0.2,0.0,0.0,0.0,11906.826,2.16,870.0000048,,26.1114935,4809.93374,"1,802",298.0,3.202778,73.22068,Maldives,Maldives,Upper middle income,South Asia,6.76964198236341,8.478646469000163,13.48104788571026,41.517274665,71.88744594628892
Maldives,2007,92.68245,86.15,0.26,,1.52,0.23,0.0,0.0,0.0,11930.126,2.06,870.0000048,,7.713867271,5574.401981,"1,802",298.0,3.202778,73.22068,Maldives,Maldives,Upper middle income,South Asia,6.76964198236341,8.626119697944182,13.111701940875156,11.72507825192,74.40994104326062
Maldives,2008,93.558624,89.0,4.36,110000.0,1.53,0.26,0.0,0.0,0.0,12517.4,2.02,870.0000048,,9.485332661,6614.23618,"1,802",298.0,3.202778,73.22068,Maldives,Maldives,Upper middle income,South Asia,6.76964198236341,8.797130779615397,13.459610092811557,14.51255897133,77.38950995365661
Maldives,2009,99.9,91.25,4.63,450000.0,1.49,0.28,0.0,0.0,0.0,12835.753,2.29,910.0000262,,-7.228841465,6636.543871,"1,802",298.0,3.202778,73.22068,Maldives,Maldives,Upper middle income,South Asia,6.814542926019563,8.800497275095205,13.112740939891856,-10.77097378285,77.44875228895813
Maldives,2010,99.15686,93.3,4.53,9710000.0,1.36,0.34,0.0,0.0,0.0,12524.812,2.25,959.9999785,,7.265129068,7076.739821,"1,802",298.0,3.202778,73.22068,Maldives,Maldives,Upper middle income,South Asia,6.867974386597764,8.864709901399609,12.05600546590347,9.880575532480002,78.58308163597226
Maldives,2011,99.27725,94.8,4.41,10000.0,1.34,0.36,0.0,0.0,0.0,13070.632,2.19,1009.99999,,8.566733531,7291.465967,"1,802",298.0,3.202778,73.22068,Maldives,Maldives,Upper middle income,South Asia,6.918695209129274,8.894597034881484,11.91876002674119,11.479422931540002,79.11385641292247
Maldives,2012,99.38667,95.9,7.09,30000.0,1.2,0.39,0.0,0.0,0.0,16088.853,2.4,1139.999986,,2.517383942,7265.723399,"1,802",298.0,3.202778,73.22068,Maldives,Maldives,Upper middle income,South Asia,7.039660337592137,8.891060767280429,10.669272920736514,3.0208607304,79.05096156747325
Maldives,2013,99.47417,96.6,7.81,,1.26,0.4,0.0,0.0,0.0,16413.824,2.21,1129.999995,,7.281073979,7928.476443,"1,802",298.0,3.202778,73.22068,Maldives,Maldives,Upper middle income,South Asia,7.030857471695254,8.97834229012902,11.312711285562566,9.17415321354,80.61063027871923
Maldives,2014,100.0,97.3,12.72,42590000.0,1.2,0.5,0.0,0.01,1.9607843,21157.406,2.47,1370.000005,,7.329626203,8499.307148,"1,802",298.0,3.202778,73.22068,Maldives,Maldives,Upper middle income,South Asia,7.223295683209288,9.047857576884375,10.85742909226125,8.795551443599999,81.863726731584
Maldives,2015,99.706474,97.9,12.2,6210000.0,1.38,0.56,0.0,0.01,1.754386,15149.077,2.4,1370.000005,,2.88454853,9033.41027,"1,802",298.0,3.202778,73.22068,Maldives,Maldives,Upper middle income,South Asia,7.223295683209288,9.108795929174953,12.570138382261433,3.9806769714,82.9701632793542
Maldives,2016,100.0,98.3,17.33,10000.0,1.21,0.6,0.0,0.01,1.6393442,15410.746,2.47,1759.99999,,6.338300636,9209.443564,"1,802",298.0,3.202778,73.22068,Maldives,Maldives,Upper middle income,South Asia,7.473637102817614,9.12809328921885,11.044992879954808,7.669343769559999,83.3220870966822
Maldives,2017,99.8,98.6,22.03,20000.0,1.25,0.6,0.0,0.02,3.2258065,15375.788,2.42,1860.000014,,7.209910123,9577.346946,"1,802",298.0,3.202778,73.22068,Maldives,Maldives,Upper middle income,South Asia,7.528869264165088,9.167260303466389,11.459075379332987,9.01238765375,84.03866147151066
Maldives,2018,100.0,98.8,21.21,5690000.0,1.12,0.61,0.0,0.03,4.6875,17020.91,2.56,2099.999905,,8.123128908,10279.07998,"1,802",298.0,3.202778,73.22068,Maldives,Maldives,Upper middle income,South Asia,7.650168655628436,9.237963319134533,10.346518917430677,9.09790437696,85.33996628567512
Maldives,2019,100.0,99.0,27.89,4020000.0,1.11,0.61,0.0,0.03,4.6875,18567.896,2.69,2109.999895,,6.883688846,10561.61351,"1,802",298.0,3.202778,73.22068,Maldives,Maldives,Upper middle income,South Asia,7.65491699810886,9.265076018116561,10.284234380109384,7.640894619060001,85.84163362147864
Mali,2000,9.5932,0.7,7.75,3560000.0,83.47,0.14,0.0,0.25,64.10257,391.75388,4.82,1410.0,,-0.060834972,270.542236,17,1240192.0,17.570692,-3.996166,Mali,Mali,Low income,Sub-Saharan Africa,7.252053951852814,5.604117692652483,467.7757038057028,-5.07789511284,31.406135113100593
Mali,2001,10.8,0.8,7.54,10190000.0,82.1,0.15,0.0,0.25,62.5,384.58038,4.38,1610.0,,15.37623946,307.7048595,17,1240192.0,17.570692,-3.996166,Mali,Mali,Low income,Sub-Saharan Africa,7.384610383176974,5.7323856732047505,470.62886377011,1262.389259666,32.86024550636308
Mali,2002,13.059765,0.8,24.57,10000.0,83.58,0.15,0.0,0.26,63.414635,360.90942,4.73,1399.999976,,3.106308252,336.4187392,17,1240192.0,17.570692,-3.996166,Mali,Mali,Low income,Sub-Saharan Africa,7.244941529206386,5.821324708581434,486.54631914323625,259.62524370216,33.887821362740716
Mali,2003,14.784019,0.8,23.85,20000.0,85.79,0.17,0.0,0.26,60.465115,350.71347,4.77,1399.999976,,9.119041995,393.4050091,17,1240192.0,17.570692,-3.996166,Mali,Mali,Low income,Sub-Saharan Africa,7.244941529206386,5.977378323205638,512.7992863478117,782.3226127510501,35.72905161872865
Mali,2004,16.505388,0.8,23.15,60000.0,81.53,0.18,0.0,0.28,60.869564,353.03635,5.0,1480.000019,,1.559998661,440.9567771,17,1240192.0,17.570692,-3.996166,Mali,Mali,Low income,Sub-Saharan Africa,7.300472827096968,6.091212087929491,496.6165215288914,127.18669083133001,37.10286470013835
Mali,2005,18.22622,0.8,22.44,5950000.0,82.33,0.29,0.0,0.49,62.820515,378.31973,4.79,1649.999976,,6.534778775,489.0213369,17,1240192.0,17.570692,-3.996166,Mali,Mali,Low income,Sub-Saharan Africa,7.409136429383484,6.194448934850507,509.9889808062422,538.00833654575,38.37119760647058
Mali,2006,16.6,0.9,21.77,31390000.0,81.65,0.31,0.0,0.53,63.095234,429.55984,4.7,1889.999986,,4.662186878,523.0386031,17,1240192.0,17.570692,-3.996166,Mali,Mali,Low income,Sub-Saharan Africa,7.544861061254967,6.261565351645706,511.25681096187196,380.66755858870005,39.20720065293002
Mali,2007,21.676151,0.9,21.13,100000.0,78.87,0.31,0.0,0.52,62.650604,489.2138,4.84,2069.999933,,3.493616813,597.4844576,17,1240192.0,17.570692,-3.996166,Mali,Mali,Low income,Sub-Saharan Africa,7.635786829044062,6.394400555738524,504.3263718310974,275.54155804131,40.88835846722914
Mali,2008,23.410606,0.9,20.47,50000.0,74.99,0.37,0.0,0.63,63.0,565.22516,4.73,2079.999924,,4.773145081,697.0878685,17,1240192.0,17.570692,-3.996166,Mali,Mali,Low income,Sub-Saharan Africa,7.64060378987273,6.548344980942534,491.0603901208806,357.93814962419,42.88082198943527
Mali,2009,24.030895,0.9,19.81,38440000.0,78.68,0.39,0.0,0.73,65.17857,691.58307,4.77,2509.99999,,4.806322267,701.7171134,17,1240192.0,17.570692,-3.996166,Mali,Mali,Low income,Sub-Saharan Africa,7.828436355175108,6.554954411679887,515.7438131109735,378.16143596756,42.96742733920161
Mali,2010,26.91205,0.9,19.37,20000.0,79.24,0.53,0.0,1.18,69.005844,757.35394,4.88,2779.999971,,5.313935279,710.2742494,17,1240192.0,17.570692,-3.996166,Mali,Mali,Low income,Sub-Saharan Africa,7.930565843806061,6.567058078919105,520.3736821735499,421.07623150795996,43.12625181189669
Mali,2011,28.684454,0.9,19.0,230000.0,78.85,0.66,0.0,1.24,65.26316,804.06683,5.12,3119.999886,,3.21313378,837.605821,17,1240192.0,17.570692,-3.996166,Mali,Mali,Low income,Sub-Saharan Africa,8.045908705744024,6.7317407760433605,530.7977601910189,253.355598553,45.31633387584487
Mali,2012,25.6,0.8,18.82,170000.0,78.7,0.89,0.0,1.37,60.61947,830.3994,5.52,3109.999895,,-0.836734632,778.6252695,17,1240192.0,17.570692,-3.996166,Mali,Mali,Low income,Sub-Saharan Africa,8.04269946314643,6.658813380525239,524.0486130473363,-65.8510155384,44.33979563666196
Mali,2013,32.28523,0.9,22.07,445280000.0,80.92,1.04,0.0,1.24,54.385967,830.25073,5.58,3220.000029,,2.29506829,805.0339796,17,1240192.0,17.570692,-3.996166,Mali,Mali,Low income,Sub-Saharan Africa,8.077447158334614,6.692125899930646,541.5268278223879,185.71692602680002,44.784549060522565
Mali,2014,34.11334,0.9,21.93,99900000.0,80.93,0.85,0.0,1.51,63.983055,899.23505,5.44,3380.000114,,7.084683881,848.279043,17,1240192.0,17.570692,-3.996166,Mali,Mali,Low income,Sub-Saharan Africa,8.12592683642572,6.744387804866303,545.82330504783,573.3634664893301,45.48676686242931
Mali,2015,37.6,0.9,21.36,9440000.0,79.93,1.05,0.0,1.27,54.741383,952.77563,5.23,3650.000095,,6.171800024,751.4728866,17,1240192.0,17.570692,-3.996166,Mali,Mali,Low income,Sub-Saharan Africa,8.202756407675905,6.62336496487755,529.4055616426626,493.31197591832006,43.86896345796739
Mali,2016,38.78982,0.9,20.75,50960000.0,76.16,1.15,0.0,1.62,58.483753,1172.1898,5.02,4670.000076,,5.852299199,780.7235695,17,1240192.0,17.570692,-3.996166,Mali,Mali,Low income,Sub-Saharan Africa,8.449128476772714,6.661501186364418,507.33993035351403,445.71110699584,44.375598055934546
Mali,2017,34.78,0.9,20.23,7520000.0,76.37,1.64,0.0,1.65,50.151978,1234.1934,4.9,5179.999828,,5.305456084,830.0215153,17,1240192.0,17.570692,-3.996166,Mali,Mali,Low income,Sub-Saharan Africa,8.552753333616563,6.722655685374678,513.4092146920642,405.17768113508004,45.19409946410049
Mali,2018,50.9,0.9,19.63,20870000.0,76.61,1.97,0.0,1.56,44.192635,1243.7677,4.76,5469.99979,,4.746484327,894.8047765,17,1240192.0,17.570692,-3.996166,Mali,Mali,Low income,Sub-Saharan Africa,8.607216655679618,6.797722505864365,520.773521174269,363.62816429147,46.2090312667349
Mali,2019,47.836277,0.9,19.06,44950000.0,76.64,2.15,0.0,1.17,35.240963,1231.7151,4.59,5829.999924,,4.756160808,879.0431873,17,1240192.0,17.570692,-3.996166,Mali,Mali,Low income,Sub-Saharan Africa,8.670943778188372,6.779970982745314,519.6169761176009,364.51216432512,45.96800652686846
Malta,2000,100.0,100.0,,,0.0,1.92,0.0,0.0,0.0,46378.05,2.64,2130.0,,19.6812701,10432.32812,"1,380",316.0,35.937496,14.375416,Malta,Malta,High income,"Middle East, North Africa, Afghanistan & Pakistan",7.664346632098617,9.252760588179498,0.0,0.0,85.61357850216781
Malta,2001,100.0,100.0,,,0.0,1.94,0.0,0.0,0.0,50713.89,3.11,2490.0,,-1.174697348,10402.23337,"1,380",316.0,35.937496,14.375416,Malta,Malta,High income,"Middle East, North Africa, Afghanistan & Pakistan",7.820439515262181,9.249871937771314,0.0,-0.0,85.56013086516924
Malta,2002,100.0,100.0,,,0.09,2.05,0.0,0.0,0.0,49170.387,2.83,2319.999933,,2.565263253,11289.88984,"1,380",316.0,35.937496,14.375416,Malta,Malta,High income,"Middle East, North Africa, Afghanistan & Pakistan",7.749753377407569,9.331751470689744,0.8398576323620769,0.23087369276999997,87.0815855107202
Malta,2003,100.0,100.0,,,0.1,2.24,0.0,0.0,0.0,56833.484,3.06,2609.999895,,4.07406885,13669.49712,"1,380",316.0,35.937496,14.375416,Malta,Malta,High income,"Middle East, North Africa, Afghanistan & Pakistan",7.8674885284846505,9.522995294821225,0.9522995294821226,0.407406885,90.68743938518719
Malta,2004,100.0,100.0,,,0.12,2.22,0.0,0.0,0.0,59390.21,3.07,2599.999905,,0.140268127,15197.05671,"1,380",316.0,35.937496,14.375416,Malta,Malta,High income,"Middle East, North Africa, Afghanistan & Pakistan",7.863651228924237,9.628922850634796,1.1554707420761754,0.016832175239999997,92.71615526347692
Malta,2005,100.0,100.0,,,0.14,2.24,0.0,0.0,0.0,50493.625,3.04,2630.000114,,3.383593576,15888.17232,"1,380",316.0,35.937496,14.375416,Malta,Malta,High income,"Middle East, North Africa, Afghanistan & Pakistan",7.875119324369824,9.673393170068403,1.3542750438095765,0.47370310064000004,93.57453542272603
Malta,2006,100.0,100.0,,,0.17,2.26,0.0,0.0,0.0,51478.543,2.97,2650.000095,,2.510142345,16723.88418,"1,380",316.0,35.937496,14.375416,Malta,Malta,High income,"Middle East, North Africa, Afghanistan & Pakistan",7.882692242124558,9.72465296000982,1.6531910032016695,0.42672419865000005,94.56887519262776
Malta,2007,100.0,100.0,,,0.2,2.3,0.0,0.0,0.0,55957.79,2.89,2720.000029,,4.7747056,19485.87119,"1,380",316.0,35.937496,14.375416,Malta,Malta,High income,"Middle East, North Africa, Afghanistan & Pakistan",7.908754749441092,9.877496245494564,1.975499249098913,0.95494112,97.5649320797592
Malta,2008,100.0,100.0,,,0.22,2.31,0.0,0.0,0.0,57768.11,2.83,2720.000029,,3.826359416,22205.35681,"1,380",316.0,35.937496,14.375416,Malta,Malta,High income,"Middle East, North Africa, Afghanistan & Pakistan",7.908754749441092,10.00813386966489,2.2017894513262757,0.84179907152,100.16274355313352
Malta,2009,100.0,100.0,,,0.26,2.17,0.0,0.0,0.0,61248.996,2.61,2509.99999,,-1.133873468,21083.27715,"1,380",316.0,35.937496,14.375416,Malta,Malta,High income,"Middle East, North Africa, Afghanistan & Pakistan",7.828436355175108,9.956282882927594,2.5886335495611745,-0.29480710168,99.127568844877
Malta,2010,100.0,100.0,,,1.22,2.11,0.0,0.0,0.0,72549.08,2.58,2589.999914,,5.543639385,21799.17426,"1,380",316.0,35.937496,14.375416,Malta,Malta,High income,"Middle East, North Africa, Afghanistan & Pakistan",7.859799147370292,9.989673242323214,12.18740135563432,6.763240049699999,99.7935714883884
Malta,2011,100.0,100.0,,,1.97,2.17,0.0,0.0,0.0,68190.57,2.55,2569.999933,,0.467050856,23155.55479,"1,380",316.0,35.937496,14.375416,Malta,Malta,High income,"Middle East, North Africa, Afghanistan & Pakistan",7.85205018120599,10.050033163713062,19.79856533251473,0.9200901863200001,101.00316659173237
Malta,2012,100.0,100.0,,,2.67,2.27,0.0,0.03,1.3043479,64067.15,2.6,2720.000029,,4.117707299,22527.63676,"1,380",316.0,35.937496,14.375416,Malta,Malta,High income,"Middle East, North Africa, Afghanistan & Pakistan",7.908754749441092,10.0225425238282,26.760188538621293,10.99427848833,100.45135864194455
Malta,2013,100.0,100.0,,,3.24,2.22,0.0,0.04,1.7699115,59756.48,2.16,2369.999886,,5.473355695,24771.07658,"1,380",316.0,35.937496,14.375416,Malta,Malta,High income,"Middle East, North Africa, Afghanistan & Pakistan",7.771067037984426,10.117472353446683,32.780610425167254,17.733672451800004,102.36324682275796
Malta,2014,100.0,100.0,,,4.48,2.17,0.0,0.08,3.5555556,59933.56,2.01,2359.999895,,7.633538112,26754.26845,"1,380",316.0,35.937496,14.375416,Malta,Malta,High income,"Middle East, North Africa, Afghanistan & Pakistan",7.766840492612831,10.19448668433364,45.671300345814714,34.198250741760006,103.92755875705589
Malta,2015,100.0,100.0,,,5.98,1.2,0.0,0.1,7.692308,64130.957,1.52,1659.999967,,9.608132811,24921.60368,"1,380",316.0,35.937496,14.375416,Malta,Malta,High income,"Middle East, North Africa, Afghanistan & Pakistan",7.415175089745745,10.123530448984505,60.53871208492735,57.456634209780006,102.48586875151642
Malta,2016,100.0,100.0,,,9.22,0.72,0.0,0.14,16.27907,69591.945,1.35,1350.000024,,4.090917429,25741.44606,"1,380",316.0,35.937496,14.375416,Malta,Malta,High income,"Middle East, North Africa, Afghanistan & Pakistan",7.208600355724817,10.155896506161127,93.6373657868056,37.71825869538,103.14223384385579
Malta,2017,100.0,100.0,,,7.27,1.48,0.0,0.17,10.30303,77316.09,1.42,1519.999981,,8.119425289,28250.69777,"1,380",316.0,35.937496,14.375416,Malta,Malta,High income,"Middle East, North Africa, Afghanistan & Pakistan",7.327123279767511,10.248908832821868,74.50956721461498,59.02822185103,105.04013226349412
Malta,2018,100.0,100.0,,,7.54,1.77,0.0,0.2,10.152284,78729.375,1.36,1549.999952,,5.179224796,30672.29224,"1,380",316.0,35.937496,14.375416,Malta,Malta,High income,"Middle East, North Africa, Afghanistan & Pakistan",7.346655132228762,10.331147595331693,77.89685286880096,39.05135496184,106.73261063652782
Malta,2019,100.0,100.0,,,7.7,1.86,0.0,0.21,10.144928,80081.51,1.37,1659.999967,,5.539566337,30186.19596,"1,380",316.0,35.937496,14.375416,Malta,Malta,High income,"Middle East, North Africa, Afghanistan & Pakistan",7.415175089745745,10.315173138625783,79.42683316741852,42.6546607949,106.40279687982688
Mauritania,2000,18.746132,29.6,0.0,,44.41,0.2,0.0,0.03,13.043478,1872.364,2.5,1270.0,,-3.918025879,676.5690224,5,1030700.0,21.00789,-10.940835,Mauritania,Mauritania,Lower middle income,Sub-Saharan Africa,7.147559271189454,6.518511425645817,289.48709241293074,-173.99952928639,42.49099120627507
Mauritania,2001,22.2,31.4,0.0,200000.0,44.18,0.24,0.0,0.03,11.111111,1906.994,2.62,1400.0,,-0.799493816,646.1151155,5,1030700.0,21.00789,-10.940835,Mauritania,Mauritania,Lower middle income,Sub-Saharan Africa,7.244941546337007,6.472524200622118,285.95611918348516,-35.32163679088,41.89356952763899
Mauritania,2002,21.50322,33.2,0.0,,42.13,0.47,0.0,0.03,6.0,2004.1155,2.73,1549.999952,,1.381483962,639.6675829,5,1030700.0,21.00789,-10.940835,Mauritania,Mauritania,Lower middle income,Sub-Saharan Africa,7.346655132228762,6.462510730985976,272.2655770964392,58.201919319059996,41.76404494810889
Mauritania,2003,22.872734,34.5,0.0,,40.17,0.43,0.0,0.04,8.510638,2054.2488,2.64,1480.000019,,6.928269551,717.8998676,5,1030700.0,21.00789,-10.940835,Mauritania,Mauritania,Lower middle income,Sub-Saharan Africa,7.300472827096968,6.577722081819549,264.2270960266913,278.30858786366997,43.266427785656504
Mauritania,2004,24.239365,36.1,0.0,,38.59,0.47,0.0,0.04,7.8431373,2161.6206,2.66,1639.999986,,4.732757925,803.7779156,5,1030700.0,21.00789,-10.940835,Mauritania,Mauritania,Lower middle income,Sub-Saharan Africa,7.4030610825587075,6.690566358114097,258.188955759623,182.63712832575,44.76367819232813
Mauritania,2005,18.2,37.7,0.0,,38.77,0.45,0.0,0.05,10.0,2206.7163,2.53,1509.99999,,8.566287249,970.8423607,5,1030700.0,21.00789,-10.940835,Mauritania,Mauritania,Lower middle income,Sub-Saharan Africa,7.320526955654606,6.87919361095799,266.7063362968413,332.11495664373,47.32330473704523
Mauritania,2006,26.973423,38.7,0.0,24330000.0,39.12,0.4,0.0,0.05,11.111112,2100.9646,2.15,1730.000019,,18.33319876,1259.541505,5,1030700.0,21.00789,-10.940835,Mauritania,Mauritania,Lower middle income,Sub-Saharan Africa,7.456454566152524,7.139296673495637,279.2892858671493,717.1947354911999,50.969556992185865
Mauritania,2007,33.04054,39.8,0.0,70000.0,35.63,0.42,0.0,0.05,10.638298,2318.157,2.39,1990.00001,,-1.969422752,1357.124285,5,1030700.0,21.00789,-10.940835,Mauritania,Mauritania,Lower middle income,Sub-Saharan Africa,7.596392309086798,7.213859824549442,257.02982554869664,-70.17053265376,52.03977356824851
Mauritania,2008,30.0,40.9,0.0,,35.8,0.49,0.0,0.06,10.909091,2781.5295,2.54,1899.999976,,-0.331079195,1579.511548,5,1030700.0,21.00789,-10.940835,Mauritania,Mauritania,Lower middle income,Sub-Saharan Africa,7.550135329863495,7.36550383817754,263.6850374067559,-11.852635180999998,54.25064679020807
Mauritania,2009,31.115286,41.3,0.0,,33.43,0.47,0.0,0.11,18.965517,2688.0107,2.74,2349.999905,,0.097875872,1389.338533,5,1030700.0,21.00789,-10.940835,Mauritania,Mauritania,Lower middle income,Sub-Saharan Africa,7.762596008131732,7.237302545392377,241.94302409246717,3.27199040096,52.378548133542985
Mauritania,2010,33.959515,41.8,0.0,,34.0,0.52,0.0,0.12,18.75,2594.6553,2.75,2400.000095,,2.620229521,1610.921603,5,1030700.0,21.00789,-10.940835,Mauritania,Mauritania,Lower middle income,Sub-Saharan Africa,7.7836406357881,7.385182288509243,251.09619780931425,89.087803714,54.54091743451061
Mauritania,2011,35.16632,42.6,0.0,10000.0,33.28,0.7,0.0,0.13,15.662651,2710.173,2.76,2460.000038,,4.172783283,1879.772472,5,1030700.0,21.00789,-10.940835,Mauritania,Mauritania,Lower middle income,Sub-Saharan Africa,7.808323065831933,7.53943786079378,250.912492007217,138.87022765824003,56.84312325677069
Mauritania,2012,36.36216,42.7,0.0,67620000.0,31.84,0.77,0.0,0.14,15.384615,2906.24,2.81,2730.000019,,4.470013182,1815.218939,5,1030700.0,21.00789,-10.940835,Mauritania,Mauritania,Lower middle income,Sub-Saharan Africa,7.912423128430864,7.504512113017679,238.9436656784829,142.32521971487998,56.31770205442907
Mauritania,2013,37.536064,43.0,5.87,68690000.0,35.02,0.73,0.0,0.21,22.340425,2568.1191,2.53,2589.999914,,4.150813186,1892.094,5,1030700.0,21.00789,-10.940835,Mauritania,Mauritania,Lower middle income,Sub-Saharan Africa,7.859799147370292,7.5459678066061615,264.2597925873478,145.36147777372,56.941630138336606
Mauritania,2014,38.8,43.1,5.74,6040000.0,30.92,0.76,0.0,0.22,22.448978,2994.4866,2.75,2900.000095,,4.274823271,1677.109019,5,1030700.0,21.00789,-10.940835,Mauritania,Mauritania,Lower middle income,Sub-Saharan Africa,7.972810816868732,7.425422854523393,229.59407466186332,132.17753553932,55.13690456847833
Mauritania,2015,39.5,43.1,12.99,120000.0,28.2,0.82,0.0,0.32,28.070175,2955.3347,2.94,3559.999943,,5.376339237,1524.071753,5,1030700.0,21.00789,-10.940835,Mauritania,Mauritania,Lower middle income,Sub-Saharan Africa,8.177796667271037,7.329796739082182,206.70026804211753,151.61276648339998,53.72592023625979
Mauritania,2016,41.321617,43.3,16.61,178260000.0,31.66,0.92,0.0,0.29,23.966942,2687.6682,2.68,3259.99999,,1.260909224,1536.854888,5,1030700.0,21.00789,-10.940835,Mauritania,Mauritania,Lower middle income,Sub-Saharan Africa,8.089789172722774,7.3381437945089125,232.32563253415216,39.920386031839996,53.848354348889664
Mauritania,2017,42.9,43.2,16.15,18440000.0,26.54,1.18,0.0,0.33,21.854305,3923.3762,3.13,3490.00001,,6.270545694,1587.611263,5,1030700.0,21.00789,-10.940835,Mauritania,Mauritania,Lower middle income,Sub-Saharan Africa,8.157943509969545,7.370615494064368,195.61613521246832,166.42028271876,54.32597276134173
Mauritania,2018,44.312138,43.3,27.53,10000.0,25.17,1.26,0.0,0.43,25.443787,4074.3657,3.35,3690.000057,,4.526746225,1670.204165,5,1030700.0,21.00789,-10.940835,Mauritania,Mauritania,Lower middle income,Sub-Saharan Africa,8.213652718472968,7.421299702460409,186.79411351092853,113.93820248325001,55.07568927373896
Mauritania,2019,45.830032,43.0,26.94,1000000.0,24.7,1.36,0.0,0.46,25.274725,4149.229,3.24,3950.000048,,5.75993059,1743.302901,5,1030700.0,21.00789,-10.940835,Mauritania,Mauritania,Lower middle income,Sub-Saharan Africa,8.281724002560214,7.464110271154048,184.363523697505,142.270285573,55.71294213994736
Mauritius,2000,99.0,93.6,111.33,,20.42,1.4,0.0,0.28,16.666668,13215.6,3.0,2430.0,,8.202791783,3929.075495,626,2040.0,-20.348404,57.552152,Mauritius,Mauritius,Upper middle income,Sub-Saharan Africa,7.796057974316123,8.276413914602463,169.0043721361823,167.50100820886001,68.49902728582526
Mauritius,2001,99.264725,94.1,120.31,,20.08,1.49,0.0,0.31,17.222223,13385.311,3.05,2570.0,,3.347540711,3856.625227,626,2040.0,-20.348404,57.552152,Mauritius,Mauritius,Upper middle income,Sub-Saharan Africa,7.852050207265889,8.257807046963798,165.81676550303305,67.21861747688,68.19137722488496
Mauritius,2002,99.4,94.7,119.52,,17.93,1.52,0.0,0.33,17.837837,13056.474,2.97,2609.999895,,1.614918645,4018.948897,626,2040.0,-20.348404,57.552152,Mauritius,Mauritius,Upper middle income,Sub-Saharan Africa,7.8674885284846505,8.29902446934321,148.80150873532378,28.95549130485,68.87380714275736
Mauritius,2003,99.18552,95.05,118.81,,18.9,1.61,0.0,0.37,18.686869,13249.851,2.94,2750.0,,5.925445489,4793.718179,626,2040.0,-20.348404,57.552152,Mauritius,Mauritius,Upper middle income,Sub-Saharan Africa,7.919719760924575,8.475270211659105,160.18260700035705,111.9909197421,71.83020516063617
Mauritius,2004,99.14041,95.5,118.32,,19.08,1.68,0.0,0.37,18.04878,13567.276,2.87,2769.999981,,4.330019872,5388.065784,626,2040.0,-20.348404,57.552152,Mauritius,Mauritius,Upper middle income,Sub-Saharan Africa,7.926963538006248,8.592127324947505,163.9377893599984,82.61677915775999,73.82465196810956
Mauritius,2005,99.094765,95.8,117.54,,17.65,1.52,0.0,0.62,28.971962,14451.097,2.92,2960.000038,,1.777543037,5282.906022,626,2040.0,-20.348404,57.552152,Mauritius,Mauritius,Upper middle income,Sub-Saharan Africa,7.993282340935093,8.572420880094198,151.30322853366258,31.373634603049997,73.48639974547498
Mauritius,2006,99.05099,96.1,116.93,,16.41,1.87,0.0,0.35,15.765765,15004.636,2.97,3299.999952,,4.865544597,5695.969327,626,2040.0,-20.348404,57.552152,Mauritius,Mauritius,Upper middle income,Sub-Saharan Africa,8.101980717312145,8.647689615404115,141.90858658878153,79.84358683677,74.78253568436817
Mauritius,2007,99.01174,96.3,116.41,,15.69,1.97,0.0,0.35,15.086207,15502.124,2.83,3400.000095,,5.727016147,6574.654338,626,2040.0,-20.348404,57.552152,Mauritius,Mauritius,Upper middle income,Sub-Saharan Africa,8.131824812940156,8.791129371181722,137.9328198338412,89.85688334643,77.28395562085393
Mauritius,2008,98.97972,96.5,115.91,,12.73,2.06,0.0,0.37,15.226337,15889.464,2.75,3470.000029,,5.386962558,8030.063005,626,2040.0,-20.348404,57.552152,Mauritius,Mauritius,Upper middle income,Sub-Saharan Africa,8.152198024216727,8.991072177382442,114.4563488180785,68.57603336334,80.83937889890065
Mauritius,2009,98.957634,96.7,115.87,,12.78,1.97,0.0,0.49,19.9187,15279.018,2.59,3420.000076,,3.31507699,7318.12641,626,2040.0,-20.348404,57.552152,Mauritius,Mauritius,Upper middle income,Sub-Saharan Africa,8.137688207193332,8.898246256937252,113.71958716365808,42.3666839322,79.17878644909781
Mauritius,2010,99.69,96.8,116.26,2040000.0,12.77,2.1,0.0,0.47,18.28794,16415.438,2.62,3660.000086,,4.377203227,8000.376432,626,2040.0,-20.348404,57.552152,Mauritius,Mauritius,Upper middle income,Sub-Saharan Africa,8.205491636611086,8.98736885986238,114.76870034044259,55.896885208789996,80.77279902322402
Mauritius,2011,99.6,96.9,117.74,,12.01,2.2,0.0,0.4,15.384616,16788.395,2.53,3640.000105,,4.077538076,9197.026972,626,2040.0,-20.348404,57.552152,Mauritius,Mauritius,Upper middle income,Sub-Saharan Africa,8.200013677013665,9.126744280472174,109.61219880847081,48.97123229275999,83.29746116113154
Mauritius,2012,99.56862,97.1,118.71,,11.45,2.29,0.0,0.35,13.257575,16868.873,2.48,3730.000019,,3.49611836,9291.227619,626,2040.0,-20.348404,57.552152,Mauritius,Mauritius,Upper middle income,Sub-Saharan Africa,8.224431578313625,9.136933589823592,104.61788960348012,40.030555222,83.48355542484663
Mauritius,2013,99.48051,97.1,120.66,58790000.0,11.39,2.35,0.0,0.38,13.919414,17104.646,2.44,3819.999933,,3.360406098,9637.00265,626,2040.0,-20.348404,57.552152,Mauritius,Mauritius,Upper middle income,Sub-Saharan Africa,8.248267429912223,9.17346917215355,104.48581387082895,38.27502545622,84.15253665245156
Mauritius,2014,99.38037,97.25,133.0,52610000.0,10.59,2.38,0.0,0.42,15.0,17609.402,2.4,3950.000048,,3.744575777,10153.93822,626,2040.0,-20.348404,57.552152,Mauritius,Mauritius,Upper middle income,Sub-Saharan Africa,8.281724002560214,9.22571539029337,97.7003259832068,39.65505747843,85.11382446269594
Mauritius,2015,99.36161,97.2,141.21,9440000.0,11.49,2.37,0.0,0.49,17.132868,18247.52,2.39,3960.000038,,3.553071704,9260.447303,626,2040.0,-20.348404,57.552152,Mauritius,Mauritius,Upper middle income,Sub-Saharan Africa,8.284251807215453,9.133615611647546,104.94524337783031,40.82479387896,83.42293414133177
Mauritius,2016,99.48001,97.1,155.19,29400000.0,10.33,2.42,0.0,0.48,16.551723,18958.602,2.3,4039.999962,,3.837932654,9681.618567,626,2040.0,-20.348404,57.552152,Mauritius,Mauritius,Upper middle income,Sub-Saharan Africa,8.30424745567486,9.17808765680838,94.80964549483056,39.64584431582,84.23729303605833
Mauritius,2017,99.61,97.1,156.08,340000.0,9.42,2.52,0.0,0.45,15.151515,20786.77,2.25,4170.000076,,3.814152108,10484.90836,626,2040.0,-20.348404,57.552152,Mauritius,Mauritius,Upper middle income,Sub-Saharan Africa,8.335911112417996,9.257787573822881,87.20835894541155,35.92931285736,85.70663076202935
Mauritius,2018,99.448845,97.0,186.25,,9.19,2.45,0.0,0.52,17.508417,21929.627,2.15,4130.000114,,3.759677227,11208.34382,626,2040.0,-20.348404,57.552152,Mauritius,Mauritius,Upper middle income,Sub-Saharan Africa,8.326274814992988,9.324502979116556,85.69218237808114,34.55143371613,86.94635580755352
Mauritius,2019,100.0,96.9,198.49,,8.94,2.5,0.0,0.59,19.093851,22800.158,2.13,4170.000076,,3.012375903,11097.16898,626,2040.0,-20.348404,57.552152,Mauritius,Mauritius,Upper middle income,Sub-Saharan Africa,8.335911112417996,9.314535416936806,83.27194662741505,26.93064057282,86.76057003337012
Mexico,2000,98.00713,82.4,109.89,2450000.0,12.17,141.8,7.81,44.51,26.952402,17300.662,3.6,379180.0,7.1508975,4.942453715,7157.8145,66,1964375.0,23.634501,-102.552784,Mexico,Mexico,Upper middle income,Latin America & Caribbean,12.84576894262245,8.876099673620333,108.02213302795946,60.14966171155,78.78514541604298
Mexico,2001,97.13832,83.1,109.6,3430000.0,11.34,153.32,8.29,39.56,23.785852,16898.29,3.72,378830.0,6.3393073,-0.404390127,7544.568723,66,1964375.0,23.634501,-102.552784,Mexico,Mexico,Upper middle income,Latin America & Caribbean,12.844845474326767,8.928715745829733,101.25163655770916,-4.58578404018,79.7219648698278
Mexico,2002,97.89709,84.1,108.14,14190000.0,10.68,159.81,9.26,35.67,21.944904,17044.275,3.76,386000.0,5.4490385,-0.039844481,7593.137345,66,1964375.0,23.634501,-102.552784,Mexico,Mexico,Upper middle income,Latin America & Caribbean,12.863595239117187,8.935131826617138,95.42720790827103,-0.42553905708,79.8365807590265
Mexico,2003,97.400856,84.6,107.95,260000.0,10.17,160.45,9.98,32.11,20.78108,16996.574,3.97,404690.0024,4.6524553,1.446382684,7075.369643,66,1964375.0,23.634501,-102.552784,Mexico,Mexico,Upper middle income,Latin America & Caribbean,12.910879097851794,8.864516292892091,90.15213069871257,14.70971189628,78.57964910694935
Mexico,2004,98.5977,84.9,115.29,530000.0,10.21,173.66,8.73,38.19,21.271194,17731.264,3.89,414100.0061,5.303242,3.92059081,7484.486399,66,1964375.0,23.634501,-102.552784,Mexico,Mexico,Upper middle income,Latin America & Caribbean,12.933865199137083,8.920721277908747,91.08056424744831,40.0292321701,79.57926811813387
Mexico,2005,98.93273,85.3,113.91,33670000.0,10.31,178.76,10.32,42.29,22.738472,19153.719,4.01,432190.0024,5.473337,2.307807066,8277.671564,66,1964375.0,23.634501,-102.552784,Mexico,Mexico,Upper middle income,Latin America & Caribbean,12.976622904698472,9.021437795377137,93.01102367033829,23.793490850460003,81.3863398958591
Mexico,2006,99.11416,85.3,114.91,32770000.0,9.82,182.76,10.4,43.63,22.817688,19171.469,3.9,448299.9878,5.5860863,4.495077894,9068.294218,66,1964375.0,23.634501,-102.552784,Mexico,Mexico,Upper middle income,Latin America & Caribbean,13.013220133576302,9.112649725086952,89.48622030035386,44.14166491908,83.04038501212729
Mexico,2007,97.91057,85.4,120.37,160000.0,9.46,191.83,9.95,42.14,21.355362,19098.814,3.8,457119.9951,5.209547,2.291445714,9642.680517,66,1964375.0,23.634501,-102.552784,Mexico,Mexico,Upper middle income,Latin America & Caribbean,13.032703394352325,9.174058111108199,86.78658973108357,21.67707645444,84.16334222599014
Mexico,2008,98.91404,85.4,116.59,6690000.0,9.77,184.51,9.36,53.22,25.326805,19633.797,3.78,459549.9878,6.696116,1.143584587,10016.57121,66,1964375.0,23.634501,-102.552784,Mexico,Mexico,Upper middle income,Latin America & Caribbean,13.038005178278016,9.212095951045054,90.00217744171017,11.17282141499,84.86271181126068
Mexico,2009,98.19821,85.2,117.43,4420000.0,9.17,194.75,10.11,40.59,20.65594,19065.637,3.9,448369.9951,4.9565783,-5.285744137,8002.972178,66,1964375.0,23.634501,-102.552784,Mexico,Mexico,Upper middle income,Latin America & Caribbean,13.013376282762353,8.987693219685589,82.41714682451685,-48.47027373629,80.77862941118231
Mexico,2010,99.236694,85.0,118.46,82310000.0,9.36,207.38,5.66,51.37,21.568775,18870.824,3.68,462869.9951,6.283124,5.118118143,9271.398396,66,1964375.0,23.634501,-102.552784,Mexico,Mexico,Upper middle income,Latin America & Caribbean,13.04520366595056,9.134797351741026,85.50170321229601,47.90558581848,83.44452265737488
Mexico,2011,99.02815,84.85,116.51,1020000.0,9.07,219.88,9.66,50.7,21.538681,19447.846,3.72,478399.9939,5.886854,3.66300793,10203.4213,66,1964375.0,23.634501,-102.552784,Mexico,Mexico,Upper middle income,Latin America & Caribbean,13.078204559166569,9.230576366139688,83.72132764088698,33.2234819251,85.20354005113657
Mexico,2012,99.11163,84.6,125.94,366050000.0,8.97,229.14,8.41,47.2,19.529411,19349.783,3.68,486450.0122,5.4620795,3.642322679,10241.72783,66,1964375.0,23.634501,-102.552784,Mexico,Mexico,Upper middle income,Latin America & Caribbean,13.094891481190801,9.234323252766513,82.83187957731563,32.67163443063,85.27272593658432
Mexico,2013,99.1477,84.6,127.71,70970000.0,9.23,231.23,11.38,44.67,19.510582,19108.69,3.64,475739.9902,5.06007,1.354091962,10725.18359,66,1964375.0,23.634501,-102.552784,Mexico,Mexico,Upper middle income,Latin America & Caribbean,13.072628846881328,9.280443095749176,85.6584897737649,12.49826880926,86.12662405343855
Mexico,2014,99.17293,84.6,137.66,387450000.0,9.76,223.43,9.3,57.46,23.005617,18757.031,3.47,462239.9902,6.727102,2.849773255,10928.91601,66,1964375.0,23.634501,-102.552784,Mexico,Mexico,Upper middle income,Latin America & Caribbean,13.043841657874992,9.299258896786073,90.76076683263207,27.8137869688,86.47621602945493
Mexico,2015,99.0,84.6,141.93,226340000.0,9.19,234.28,11.18,52.42,21.35088,18335.252,3.3,471630.0049,6.0522633,3.293151528,9616.645558,66,1964375.0,23.634501,-102.552784,Mexico,Mexico,Upper middle income,Latin America & Caribbean,13.063952189547072,9.171354769214288,84.2847503290793,30.264062542319998,84.11374830278966
Mexico,2016,99.5,84.8,152.63,455350000.0,9.22,239.78,10.27,52.97,20.869911,18538.975,3.21,473309.9976,6.1314926,2.630532425,8744.515559,66,1964375.0,23.634501,-102.552784,Mexico,Mexico,Upper middle income,Latin America & Caribbean,13.067507951626922,9.076296340431922,83.68345225878232,24.253508958500003,82.37915525933789
Mexico,2017,100.0,84.8,155.98,502060000.0,9.99,242.69,10.57,55.88,21.495113,18689.648,3.07,471579.9866,6.372722,2.113129135,9287.849587,66,1964375.0,23.634501,-102.552784,Mexico,Mexico,Upper middle income,Latin America & Caribbean,13.063846130038716,9.136569990663029,91.27433420672367,21.11016005865,83.47691119428421
Mexico,2018,99.5,84.8,175.36,300340000.0,10.03,259.92,13.32,58.78,21.71556,18269.648,3.09,452570.0073,6.939361,2.194994725,9686.984927,66,1964375.0,23.634501,-102.552784,Mexico,Mexico,Upper middle income,Latin America & Caribbean,13.02269995202106,9.178641729389438,92.06177654577606,22.01579709175,84.24746399648915
Mexico,2019,99.6,84.9,201.04,338650000.0,10.34,248.2,10.88,59.0,21.969315,17903.295,3.06,449269.989,7.0507708,-0.176599456,9950.45008,66,1964375.0,23.634501,-102.552784,Mexico,Mexico,Upper middle income,Latin America & Caribbean,13.015381523643493,9.205473556217497,95.1845965712889,-1.8260383750399998,84.7407433942196
Mongolia,2000,67.3,22.8,6.27,5180000.0,5.73,2.82,0.0,0.0,0.0,17691.607,9.24,9000.0,,1.146062137,474.2170943,2,1564116.0,46.862496,103.846656,Mongolia,Mongolia,Upper middle income,East Asia & Pacific,9.105090961257085,6.163771740254963,35.31841207166094,6.56693604501,37.99208206596569
Mongolia,2001,71.07658,23.1,6.66,1650000.0,6.09,2.89,0.0,0.0,0.0,17502.184,9.05,8970.0,,2.952710544,524.0540084,2,1564116.0,46.862496,103.846656,Mongolia,Mongolia,Upper middle income,East Asia & Pacific,9.101752431559284,6.2635011304434025,38.14472188440032,17.98200721296,39.23144641106578
Mongolia,2002,72.28447,23.6,6.59,1410000.0,6.51,2.99,0.0,0.0,0.0,18501.777,9.25,9600.000381,,4.732978465,571.594979,2,1564116.0,46.862496,103.846656,Mongolia,Mongolia,Upper middle income,East Asia & Pacific,9.16962257838099,6.350178623851556,41.33966284127363,30.811689807150003,40.32476855482124
Mongolia,2003,76.3,24.3,6.67,5690000.0,6.09,3.02,0.0,0.0,0.0,17411.361,8.44,9310.00042,,7.004634575,646.192471,2,1564116.0,46.862496,103.846656,Mongolia,Mongolia,Upper middle income,East Asia & Pacific,9.138951820996466,6.4726437324874935,39.41840033084883,42.658224561749996,41.895116887709634
Mongolia,2004,74.68689,25.3,6.6,,5.76,3.19,0.0,0.0,0.0,16947.145,7.86,9560.00042,,10.62540596,797.9777263,2,1564116.0,46.862496,103.846656,Mongolia,Mongolia,Upper middle income,East Asia & Pacific,9.165447647013904,6.68333306840649,38.495998474021384,61.202338329599996,44.666940903255714
Mongolia,2005,86.2,26.0,6.74,2800000.0,5.34,3.3,0.0,0.0,0.0,17428.03,8.44,11060.00042,,7.25366544,998.829388,2,1564116.0,46.862496,103.846656,Mongolia,Mongolia,Upper middle income,East Asia & Pacific,9.311180724873504,6.907584652426254,36.8865020439562,38.7345734496,47.714725730434736
Mongolia,2006,77.08722,27.6,7.02,6120000.0,4.48,3.43,0.0,0.0,0.0,18611.67,8.84,12420.00008,,8.556234809,1334.212724,2,1564116.0,46.862496,103.846656,Mongolia,Mongolia,Upper middle income,East Asia & Pacific,9.4271438739849,7.196845901960697,32.241869640783925,38.33193194432,51.794590936568476
Mongolia,2007,78.29285,28.8,7.1,12730000.0,4.7,3.6,0.0,0.0,0.0,19353.18,8.4,13020.00046,,10.24801636,1632.727582,2,1564116.0,46.862496,103.846656,Mongolia,Mongolia,Upper middle income,East Asia & Pacific,9.474318753056275,7.398619543038625,34.77351185228154,48.165676892,54.73957114263307
Mongolia,2008,79.5057,30.8,8.39,4400000.0,4.66,3.9,0.0,0.01,0.25575447,18919.375,7.75,12970.00027,,8.900367946,2136.562402,2,1564116.0,46.862496,103.846656,Mongolia,Mongolia,Upper middle income,East Asia & Pacific,9.470471396156338,7.6674213943029095,35.73018369745156,41.475714628359995,58.78935083781397
Mongolia,2009,80.7285,33.0,8.35,11980000.0,4.43,3.93,0.0,0.01,0.2538071,18920.904,8.16,13640.00034,,-1.268598941,1714.361827,2,1564116.0,46.862496,103.846656,Mongolia,Mongolia,Upper middle income,East Asia & Pacific,9.52083526741798,7.44737931518991,32.9918903662913,-5.61989330863,55.46345866431854
Mongolia,2010,78.50208,35.2,12.6,12170000.0,4.46,4.01,0.0,0.05,1.2315271,18202.299,8.12,14310.00042,,6.365161685,2643.287083,2,1564116.0,46.862496,103.846656,Mongolia,Mongolia,Upper middle income,East Asia & Pacific,9.56878378065893,7.880156774124197,35.14549921259392,28.3886211151,62.096870784775476
Mongolia,2011,72.057076,37.0,12.37,,4.04,4.21,0.0,0.06,1.4051522,18659.32,7.58,15729.99954,,17.29077758,3757.565415,2,1564116.0,46.862496,103.846656,Mongolia,Mongolia,Upper middle income,East Asia & Pacific,9.663388537580879,8.231792625015753,33.25644220506364,69.8547414232,67.76240982126374
Mongolia,2012,84.48361,38.6,12.25,29080000.0,2.97,4.47,0.0,0.06,1.3245033,19704.566,7.01,17139.99939,,12.31981985,4351.888461,2,1564116.0,46.862496,103.846656,Mongolia,Mongolia,Upper middle income,East Asia & Pacific,9.749228497919868,8.37859491774595,24.884426905705475,36.5898649545,70.20085279567826
Mongolia,2013,81.2,40.8,29.37,150000.0,3.01,4.6,0.0,0.12,2.542373,20521.99,7.19,18379.99916,,11.64891619,4366.089537,2,1564116.0,46.862496,103.846656,Mongolia,Mongolia,Upper middle income,East Asia & Pacific,9.8190727556944,8.381852056366743,25.229374689663892,35.063237731899996,70.2554438948194
Mongolia,2014,87.07883,42.6,28.79,10000.0,3.34,4.86,0.0,0.21,4.1420116,19699.537,6.86,18120.00084,,7.885225482,4158.521471,2,1564116.0,46.862496,103.846656,Mongolia,Mongolia,Upper middle income,East Asia & Pacific,9.804826812067214,8.333155315629119,27.832738754201255,26.33665310988,69.44147751439785
Mongolia,2015,88.40018,44.15,28.23,890000.0,3.55,4.97,0.0,0.22,4.238921,19182.596,5.89,17299.99924,,2.379835807,3875.321675,2,1564116.0,46.862496,103.846656,Mongolia,Mongolia,Upper middle income,East Asia & Pacific,9.758519538355424,8.262641961053122,29.33237896173858,8.44841711485,68.27125217655578
Mongolia,2016,89.83841,45.6,31.68,198810000.0,3.39,5.09,0.0,0.25,4.681648,19692.092,6.22,18170.00008,,1.489784485,3658.3903,2,1564116.0,46.862496,103.846656,Mongolia,Mongolia,Upper middle income,East Asia & Pacific,9.807582200051677,8.205051827819187,27.815125696307042,5.05036940415,67.32287549719898
Mongolia,2017,92.512566,47.2,57.78,84180000.0,3.19,5.27,0.0,0.25,4.5289855,21043.662,6.08,19579.99992,,5.63687639,3687.100003,2,1564116.0,46.862496,103.846656,Mongolia,Mongolia,Upper middle income,East Asia & Pacific,9.882314983217734,8.21286670008977,26.199044773286364,17.981635684100002,67.45117943344341
Mongolia,2018,98.1,48.7,79.31,116030000.0,3.26,5.71,0.0,0.44,7.1544714,22486.172,6.37,21549.99924,,7.74488062,4156.84697,2,1564116.0,46.862496,103.846656,Mongolia,Mongolia,Upper middle income,East Asia & Pacific,9.978177462902387,8.33275266398888,27.164773684603745,25.248310821199997,69.43476695921376
Mongolia,2019,97.22991,50.1,85.64,10600000.0,3.32,5.88,0.0,0.65,9.954058,24279.39,7.01,23069.99969,,5.602244219,4404.84583,2,1564116.0,46.862496,103.846656,Mongolia,Mongolia,Upper middle income,East Asia & Pacific,10.046331683128827,8.39068753582862,27.85708261895102,18.59945080708,70.40363732390976
Montenegro,2007,100.0,64.8,,,42.27,0.86,0.0,1.28,59.81308,21851.393,4.71,2099.999905,,6.810150125,5976.394145,47,13812.0,42.708678,19.37439,Montenegro,Montenegro,Upper middle income,Europe & Central Asia,7.650168655628436,8.695739990267269,367.5689293885975,287.86504578375,75.6158939783334
Montenegro,2008,100.0,64.2,,,38.76,1.29,0.0,1.54,54.41696,24712.115,4.73,2690.000057,,7.222752592,7367.751909,47,13812.0,42.708678,19.37439,Montenegro,Montenegro,Upper middle income,Europe & Central Asia,7.897668171908623,8.905003623352654,345.15794044114887,279.95389046592,79.2990895319239
Montenegro,2009,100.0,63.3,,,49.16,0.69,0.0,2.07,75.0,21325.205,3.98,1750.0,,-5.795096995,6727.107767,47,13812.0,42.708678,19.37439,Montenegro,Montenegro,Upper middle income,Europe & Central Asia,7.467942332285852,8.81404921921178,433.29865961645106,-284.88696827419994,77.68746363868779
Montenegro,2010,100.0,63.0,,,49.09,1.27,0.0,2.75,68.40796,26631.988,4.55,2579.999924,,2.734331082,6688.4824,47,13812.0,42.708678,19.37439,Montenegro,Montenegro,Upper middle income,Europe & Central Asia,7.855932170272662,8.80829178092135,432.3990435254291,134.22831281538,77.5860040978466
Montenegro,2011,99.0,62.6,,,42.77,1.45,0.0,1.2,45.28302,21941.479,4.39,2539.999962,,3.228451021,7328.932252,47,13812.0,42.708678,19.37439,Montenegro,Montenegro,Upper middle income,Europe & Central Asia,7.840312968365422,8.899721552273181,380.641090790724,138.08085016817,79.20504370799577
Montenegro,2012,100.0,61.9,,,45.86,1.37,0.0,1.48,51.929825,21276.305,4.25,2329.999924,,-2.723790771,6586.721279,47,13812.0,42.708678,19.37439,Montenegro,Montenegro,Upper middle income,Europe & Central Asia,7.754052606431724,8.7929627830255,403.2452732295494,-124.91304475806,77.31619450367154
Montenegro,2013,99.7,61.7,,,49.34,1.44,0.0,2.5,63.451775,22880.111,3.8,2269.999981,,3.548979912,7186.429787,47,13812.0,42.708678,19.37439,Montenegro,Montenegro,Upper middle income,Europe & Central Asia,7.7279755337392,8.880088916292674,438.1435871298806,175.10666885808,78.855979161264
Montenegro,2014,97.7,61.45,,,45.95,1.42,0.0,1.75,55.205048,20434.42,3.64,2220.000029,,1.783698581,7378.345289,47,13812.0,42.708678,19.37439,Montenegro,Montenegro,Upper middle income,Europe & Central Asia,7.705712836951609,8.906440199431536,409.2509271638791,81.96094979695,79.32467702605005
Montenegro,2015,100.0,61.4,,,42.96,1.51,0.0,1.49,49.666668,21034.895,3.68,2359.999895,,3.390381397,6514.272695,47,13812.0,42.708678,19.37439,Montenegro,Montenegro,Upper middle income,Europe & Central Asia,7.766840492612831,8.781904345168021,377.2706106684182,145.65078481512,77.12184392768097
Montenegro,2016,100.0,61.5,,,43.89,1.3,0.0,1.84,58.598724,21028.148,3.47,2150.000095,,2.949280321,7028.936577,47,13812.0,42.708678,19.37439,Montenegro,Montenegro,Upper middle income,Europe & Central Asia,7.673688173433233,8.857932963000145,388.7746777460764,129.44391328869,78.46297637700454
Montenegro,2017,100.0,61.7,,,37.77,1.36,0.0,1.12,45.16129,19660.412,3.48,2269.999981,,4.716465276,7784.06529,47,13812.0,42.708678,19.37439,Montenegro,Montenegro,Upper middle income,Europe & Central Asia,7.7279755337392,8.959962470873908,338.4177825249075,178.14089347452003,80.28092747946886
Montenegro,2018,100.0,61.8,,,40.6,1.55,0.0,2.25,59.210526,21852.676,3.42,2500.0,,5.077888811,8845.914219,47,13812.0,42.708678,19.37439,Montenegro,Montenegro,Upper middle income,Europe & Central Asia,7.824445930877619,9.087824001381218,368.96565445607746,206.1622857266,82.58854508008054
Montenegro,2019,100.0,62.0,,,38.74,1.5,0.0,1.93,56.26822,20460.55,3.4,2599.999905,,4.062944992,8910.650834,47,13812.0,42.708678,19.37439,Montenegro,Montenegro,Upper middle income,Europe & Central Asia,7.863651228924237,9.09511478209074,352.3447466581953,157.39848899008,82.72111289940548
Morocco,2000,69.56738,90.6,42.62,260000.0,15.26,11.36,0.0,0.77,6.3478975,4113.667,3.63,32880.0,1.9685844,1.912872981,1334.943464,83,446550.0,31.791702,-7.09262,Morocco,Morocco,Lower middle income,"Middle East, North Africa, Afghanistan & Pakistan",10.400650262332935,7.197393035835916,109.83221772685609,29.19044169006,51.80246651229935
Morocco,2001,71.3479,91.3,42.15,1480000.0,15.12,13.13,0.0,1.07,7.535212,4386.623,3.58,36270.0,2.47259,7.319967454,1339.294077,83,446550.0,31.791702,-7.09262,Morocco,Morocco,Lower middle income,"Middle East, North Africa, Afghanistan & Pakistan",10.498773802892188,7.200644329314797,108.87374225923973,110.67790790448,51.84927875729335
Morocco,2002,73.120834,92.0,41.7,13440000.0,14.94,14.13,0.0,1.03,6.794195,4439.7236,3.53,37470.00122,2.3249912,3.121449656,1416.488396,83,446550.0,31.791702,-7.09262,Morocco,Morocco,Lower middle income,"Middle East, North Africa, Afghanistan & Pakistan",10.531322612007205,7.256641849325013,108.41422922891569,46.63445786064,52.65885092937515
Morocco,2003,74.88853,92.7,44.57,550000.0,15.71,14.84,0.0,1.64,9.951457,4397.996,3.32,37250.0,3.6570694,5.961162155,1725.457466,83,446550.0,31.791702,-7.09262,Morocco,Morocco,Lower middle income,"Middle East, North Africa, Afghanistan & Pakistan",10.525434069084952,7.453826880557854,117.09962029356389,93.64985745505001,55.55953516532682
Morocco,2004,78.2,93.2,44.11,153490000.0,23.0,15.71,0.0,1.79,10.228572,4946.6387,3.75,40990.00168,3.4734976,4.797018362,1952.902534,83,446550.0,31.791702,-7.09262,Morocco,Morocco,Lower middle income,"Middle East, North Africa, Afghanistan & Pakistan",10.6211078503796,7.577583951113017,174.2844308755994,110.33142232600001,57.419778536165566
Morocco,2005,78.41762,94.0,43.65,186110000.0,20.15,17.59,0.0,1.18,6.286627,5301.4736,3.84,43580.00183,2.0816917,3.291639684,2018.025547,83,446550.0,31.791702,-7.09262,Morocco,Morocco,Lower middle income,"Middle East, North Africa, Afghanistan & Pakistan",10.682376596531768,7.610370271526495,153.34896097125886,66.3265396326,57.917735669734256
Morocco,2006,96.5,94.35,43.18,70280000.0,18.14,18.1,0.0,1.17,6.0716133,5340.5317,3.63,45000.0,2.018249,7.574631645,2196.011276,83,446550.0,31.791702,-7.09262,Morocco,Morocco,Lower middle income,"Middle East, North Africa, Afghanistan & Pakistan",10.714439990727769,7.694853204824785,139.5846371355216,137.4038180403,59.210765843802264
Morocco,2007,81.95443,95.0,44.64,180550000.0,16.46,18.15,0.0,1.19,6.153051,5226.2114,3.62,46349.99847,2.0501916,3.531594152,2499.259938,83,446550.0,31.791702,-7.09262,Morocco,Morocco,Lower middle income,"Middle East, North Africa, Afghanistan & Pakistan",10.743998112725299,7.824149980651246,128.7855086815195,58.13003974192,61.21732291972489
Morocco,2008,83.73233,95.6,44.14,226260000.0,14.62,18.42,0.0,1.22,6.211813,5694.0356,3.55,48630.00107,1.8975967,5.923277686,2890.360715,83,446550.0,31.791702,-7.09262,Morocco,Morocco,Lower middle income,"Middle East, North Africa, Afghanistan & Pakistan",10.79201648862704,7.969482505938297,116.51383423681789,86.59831976931999,63.512651412456556
Morocco,2009,85.520164,96.0,47.6,121030000.0,14.26,17.09,0.0,2.93,14.635365,5486.076,3.43,48750.0,4.711689,4.243757321,2866.92411,83,446550.0,31.791702,-7.09262,Morocco,Morocco,Lower middle income,"Middle East, North Africa, Afghanistan & Pakistan",10.79448098903612,7.961343740421018,113.52876173840372,60.51597939746001,63.38299415314093
Morocco,2010,92.67138,96.5,48.27,8470000.0,13.92,19.54,0.0,4.1,17.343487,6005.15,3.47,51759.99832,5.8873553,3.815717917,2839.92612,83,446550.0,31.791702,-7.09262,Morocco,Morocco,Lower middle income,"Middle East, North Africa, Afghanistan & Pakistan",10.854392216469462,7.951885376588212,110.69024444210791,53.114793404640004,63.23248104239745
Morocco,2011,93.446434,96.7,48.68,218320000.0,11.88,22.3,0.0,2.69,10.764306,6222.626,3.55,55939.99863,3.643836,5.245697297,3046.947854,83,446550.0,31.791702,-7.09262,Morocco,Morocco,Lower middle income,"Middle East, North Africa, Afghanistan & Pakistan",10.932052818402115,8.022223808392472,95.30401884370256,62.31888388836001,64.35607483193901
Morocco,2012,94.21052,97.1,48.03,914040000.0,10.93,24.97,0.0,2.42,8.835341,6249.124,3.5,58080.00183,3.1137834,3.009961262,2912.658275,83,446550.0,31.791702,-7.09262,Morocco,Morocco,Lower middle income,"Middle East, North Africa, Afghanistan & Pakistan",10.969593898489032,7.977164709802979,87.19041027814656,32.89887659366,63.63515680732605
Morocco,2013,97.2,97.3,54.48,5890000.0,11.59,22.59,0.0,4.19,15.646004,6330.0835,3.36,57590.00015,5.110578,4.5354242,3121.680081,83,446550.0,31.791702,-7.09262,Morocco,Morocco,Lower middle income,"Middle East, North Africa, Afghanistan & Pakistan",10.961121587080253,8.04644691239441,93.25831971465121,52.565566477999994,64.74530791398153
Morocco,2014,91.6,97.4,62.68,1433570000.0,11.14,24.13,0.0,3.61,13.013699,6336.756,3.32,58689.99863,4.4587364,2.669493927,3171.699192,83,446550.0,31.791702,-7.09262,Morocco,Morocco,Lower middle income,"Middle East, North Africa, Afghanistan & Pakistan",10.98004164874243,8.062337984693954,89.81444514949065,29.73816234678,65.00129377943897
Morocco,2015,97.3,97.7,66.56,234280000.0,11.25,25.09,0.0,4.45,15.064318,6368.3936,3.25,60409.99985,5.388849,4.536378168,2875.257985,83,446550.0,31.791702,-7.09262,Morocco,Morocco,Lower middle income,"Middle East, North Africa, Afghanistan & Pakistan",11.008926484063524,7.96424541752999,89.5977609472124,51.034254389999994,63.42920507064745
Morocco,2016,97.8,97.8,68.66,410030000.0,11.06,25.74,0.0,4.74,15.55118,6361.196,3.23,60319.99969,5.595185,1.05985639,2896.722196,83,446550.0,31.791702,-7.09262,Morocco,Morocco,Lower middle income,"Middle East, North Africa, Afghanistan & Pakistan",11.007435575654585,7.971680257692195,88.16678365007567,11.7220116734,63.5476861308795
Morocco,2017,100.0,97.9,71.38,82050000.0,10.45,26.86,0.0,4.69,14.8652935,6580.7236,3.24,63520.00046,5.2868266,4.254603273,3035.454433,83,446550.0,31.791702,-7.09262,Morocco,Morocco,Lower middle income,"Middle East, North Africa, Afghanistan & Pakistan",11.059125846111844,8.018445808803165,83.79275870199307,44.46060420284999,64.29547318871303
Morocco,2018,98.1,97.9,90.81,811630000.0,10.9,27.71,0.0,6.52,19.047619,6730.607,3.18,64959.99908,7.1069336,3.148502656,3226.982794,83,446550.0,31.791702,-7.09262,Morocco,Morocco,Lower middle income,"Middle East, North Africa, Afghanistan & Pakistan",11.081542354643398,8.079612699140194,88.06777842062812,34.3186789504,65.2801413681075
Morocco,2019,99.6,98.0,89.71,413480000.0,10.69,32.38,0.0,7.6,19.009504,7267.464,3.34,71480.00336,7.547047,2.607935495,3235.00066,83,446550.0,31.791702,-7.09262,Morocco,Morocco,Lower middle income,"Middle East, North Africa, Afghanistan & Pakistan",11.177187006108255,8.082093482133862,86.39757932401098,27.878830441549997,65.32023505395065
Mozambique,2000,6.096311,2.3,124.09,40000.0,93.64,0.03,0.0,9.58,99.68783,1646.6608,26.91,1430.0,,1.180300789,319.3596208,40,799380.0,-18.665695,35.529562,Mozambique,Mozambique,Low income,Sub-Saharan Africa,7.266128779556451,5.769444179786408,540.2507529951993,110.52336588195999,33.28648614367126
Mozambique,2001,5.7,2.3,120.61,420000.0,93.01,0.04,0.0,11.74,99.660446,2058.794,25.24,1410.0,,12.0868744,296.2684069,40,799380.0,-18.665695,35.529562,Mozambique,Mozambique,Low income,Sub-Saharan Africa,7.252053951852814,5.694635457623404,529.6580439135528,1124.200187944,32.42887299522172
Mozambique,2002,8.443921,2.3,114.64,13110000.0,93.22,0.04,0.0,12.57,99.68279,2031.7814,23.75,1570.000052,,9.291051885,302.5452337,40,799380.0,-18.665695,35.529562,Mozambique,Mozambique,Low income,Sub-Saharan Africa,7.359467671355557,5.71553063959186,532.8017662227531,866.1118567197,32.66729049211333
Mozambique,2003,8.1,2.4,111.28,4020000.0,92.73,0.05,0.0,10.78,99.53832,2005.1836,23.38,1899.999976,,6.878532872,326.0751909,40,799380.0,-18.665695,35.529562,Mozambique,Mozambique,Low income,Sub-Saharan Africa,7.550135329863495,5.790190086054952,536.9243266798757,637.84635322056,33.52630123264905
Mozambique,2004,10.77059,2.4,108.04,1350000.0,92.94,0.05,0.0,11.58,99.570076,2047.423,22.44,1909.999967,,7.916407836,383.2702219,40,799380.0,-18.665695,35.529562,Mozambique,Mozambique,Low income,Sub-Saharan Africa,7.555381926971827,5.951346007969546,553.1180979806896,735.7509442778401,35.41851930657505
Mozambique,2005,11.931945,2.5,106.31,900000.0,93.67,0.04,0.0,13.15,99.69675,2189.5408,21.44,1710.000038,,6.645908281,416.8098242,40,799380.0,-18.665695,35.529562,Mozambique,Mozambique,Low income,Sub-Saharan Africa,7.444833296101428,6.035026362967602,565.3009194191753,622.52222868127,36.42154320171396
Mozambique,2006,13.095172,2.5,104.26,50000.0,93.06,0.04,0.0,14.59,99.726585,2325.4858,20.21,1860.000014,,9.694374092,435.3340633,40,799380.0,-18.665695,35.529562,Mozambique,Mozambique,Low income,Sub-Saharan Africa,7.528869264165088,6.0784081501968465,565.6566624573186,902.15845300152,36.94704564037945
Mozambique,2007,12.4,2.7,99.89,4810000.0,87.53,0.04,0.0,15.92,99.749374,2517.8892,15.17,2230.000019,,7.729746242,482.1985636,40,799380.0,-18.665695,35.529562,Mozambique,Mozambique,Low income,Sub-Saharan Africa,7.7102052029488926,6.180427673934068,540.9728342994489,676.58468856226,38.19768623273007
Mozambique,2008,13.571224,2.7,98.66,6430000.0,88.11,0.04,0.0,14.98,99.73369,2311.3452,14.49,2240.00001,,7.317755324,563.6496343,40,799380.0,-18.665695,35.529562,Mozambique,Mozambique,Low income,Sub-Saharan Africa,7.714677478263221,6.336205422511628,558.2830597774995,644.76742159764,40.14749915626576
Mozambique,2009,15.0,2.9,96.0,1960000.0,86.12,0.04,0.0,16.8,99.76246,2432.587,14.82,2490.00001,,6.318197232,520.4026316,40,799380.0,-18.665695,35.529562,Mozambique,Mozambique,Low income,Sub-Saharan Africa,7.820439519276633,6.2565225486673315,538.8117218912306,544.12314561984,39.14407440198276
Mozambique,2010,18.802736,3.1,93.4,90890000.0,84.89,0.05,0.0,16.5,99.69789,2355.5942,12.66,2680.000067,,6.502353115,471.9043433,40,799380.0,-18.665695,35.529562,Mozambique,Mozambique,Low income,Sub-Saharan Africa,7.893945163226634,6.158893134001818,522.8284381454143,551.98475593235,37.93196463605473
Mozambique,2011,20.2,3.1,90.89,16200000.0,85.97,0.06,0.0,16.66,99.64115,2590.4597,14.75,3349.999905,,7.417384316,594.5861471,40,799380.0,-18.665695,35.529562,Mozambique,Mozambique,Low income,Sub-Saharan Africa,8.117014059387564,6.389546041808674,549.3092732142917,637.6725296465199,40.82629862039289
Mozambique,2012,21.232607,3.4,88.53,74200000.0,85.15,0.06,0.0,15.01,99.60186,2700.6165,13.9,3680.000067,,7.258439253,657.6446765,40,799380.0,-18.665695,35.529562,Mozambique,Mozambique,Low income,Sub-Saharan Africa,8.210939751580597,6.4901842032018155,552.6391849026346,618.05610239295,42.12249099149039
Mozambique,2013,22.420128,3.5,86.25,38460000.0,83.73,0.28,0.0,14.51,98.10683,2775.2776,13.91,4199.999809,,6.963607135,664.0775104,40,799380.0,-18.665695,35.529562,Mozambique,Mozambique,Low income,Sub-Saharan Africa,8.343077825704016,6.499903590856097,544.236927662381,583.0628254135501,42.248746690423985
Mozambique,2014,24.8,3.7,83.98,9310000.0,81.92,1.19,0.0,16.38,93.22709,2987.1777,13.4,4860.000134,,7.398512797,673.969212,40,799380.0,-18.665695,35.529562,Mozambique,Mozambique,Low income,Sub-Saharan Africa,8.4889994846118,6.514667077980426,533.6815270281566,606.0861683302401,42.44088713692202
Mozambique,2015,24.0,3.9,81.75,9500000.0,80.8,2.07,0.0,17.62,89.48705,3077.791,12.96,5519.999981,,6.72327878,589.85905,40,799380.0,-18.665695,35.529562,Mozambique,Mozambique,Low income,Sub-Saharan Africa,8.616314278842639,6.381577494884029,515.6314615866295,543.240925424,40.72453132321032
Mozambique,2016,26.246521,4.2,79.54,55930000.0,78.2,2.82,0.0,15.71,84.78143,3067.1821,12.7,7280.00021,,3.824214319,428.9266729,40,799380.0,-18.665695,35.529562,Mozambique,Mozambique,Low income,Sub-Saharan Africa,8.893023523236902,6.063614666006497,474.1746668817081,299.05355974580004,36.767422817809084
Mozambique,2017,24.3,4.35,77.93,52490000.0,78.9,2.63,0.0,14.16,84.33591,2985.2324,12.31,7210.000038,,3.741317593,461.4150941,40,799380.0,-18.665695,35.529562,Mozambique,Mozambique,Low income,Sub-Saharan Africa,8.883362922186487,6.136462959775225,484.16692752626534,295.18995808770006,37.656177656693316
Mozambique,2018,31.1,4.6,77.05,9130000.0,79.57,2.94,0.0,13.88,82.52081,2383.0244,12.07,6949.999809,,3.44381384,503.3179252,40,799380.0,-18.665695,35.529562,Mozambique,Mozambique,Low income,Sub-Saharan Africa,8.846640785622425,6.223206873166428,495.18057089785265,274.02426724879996,38.72830378622587
Mozambique,2019,29.67445,4.8,76.16,188450000.0,78.08,3.65,0.0,15.06,80.49172,2446.9106,11.93,7500.0,,2.31460601,506.6416391,40,799380.0,-18.665695,35.529562,Mozambique,Mozambique,Low income,Sub-Saharan Africa,8.922791623969637,6.229775763799725,486.4208916374825,180.7244372608,38.81010606722644
Myanmar,2000,41.83379,2.9,7.36,,80.17,2.8,0.0,2.11,42.973522,1055.1344,10.52,9440.0,,12.41819164,146.6045788,83,676578.0,21.916221,95.955974,Myanmar,Myanmar,Lower middle income,East Asia & Pacific,9.152817185732516,4.994536933365427,400.4120259479063,995.5664237788,24.945399178751323
Myanmar,2001,42.9419,3.1,7.4,,82.48,2.45,0.0,2.05,45.555557,963.84076,9.23,8350.0,,12.46773004,131.7153072,83,676578.0,21.916221,95.955974,Myanmar,Myanmar,Lower middle income,East Asia & Pacific,9.03013657115323,4.888206286607268,403.1792545193675,1028.3383736992,23.894560700426815
Myanmar,2002,47.0,3.3,7.89,5350000.0,83.12,2.55,0.0,2.45,49.0,1107.3801,8.52,8300.000191,,11.70304562,128.0997081,83,676578.0,21.916221,95.955974,Myanmar,Myanmar,Lower middle income,East Asia & Pacific,9.024131291464311,4.860585036812085,404.01182825982056,972.7571519344,23.62528690008154
Myanmar,2003,45.137714,3.6,7.86,434230000.0,79.86,2.86,0.0,2.52,46.84015,1236.4875,8.12,10489.99977,,12.98632489,161.0555236,83,676578.0,21.916221,95.955974,Myanmar,Myanmar,Lower middle income,East Asia & Pacific,9.258273003807933,5.087939014782645,406.322809720542,1037.0879057154,25.88712341814739
Myanmar,2004,46.230118,4.1,9.38,70000.0,80.47,2.79,0.0,2.6,48.237476,1285.3595,7.52,10149.99962,,13.69528734,193.3687658,83,676578.0,21.916221,95.955974,Myanmar,Myanmar,Lower middle income,East Asia & Pacific,9.225327464349695,5.269757209364485,424.0573626375601,1102.0597722498,27.770341045648966
Myanmar,2005,47.321983,4.6,15.04,,79.82,2.66,0.0,3.16,54.295532,1642.7948,6.63,10720.00027,,13.56694201,216.3115014,83,676578.0,21.916221,95.955974,Myanmar,Myanmar,Lower middle income,East Asia & Pacific,9.279959739040457,5.381331814531753,429.5379054359245,1082.9133112381999,28.958732098091605
Myanmar,2006,48.41572,5.4,15.24,,81.46,2.47,0.0,3.49,58.557045,1538.9808,5.93,9970.000267,,13.30686931,240.6240142,83,676578.0,21.916221,95.955974,Myanmar,Myanmar,Lower middle income,East Asia & Pacific,9.207436185606447,5.487382857644332,447.0022075837072,1083.9775739926,30.111370626368874
Myanmar,2007,49.513985,6.2,15.8,,80.7,2.39,0.0,3.81,61.451614,1648.7915,5.49,10390.00034,,12.50048629,314.2022942,83,676578.0,21.916221,95.955974,Myanmar,Myanmar,Lower middle income,East Asia & Pacific,9.24869535857327,5.753214636510535,464.2844211664002,1008.789243603,33.09947865375904
Myanmar,2008,50.619476,7.05,16.31,,85.71,2.19,0.0,4.24,65.9409,1504.8369,4.79,7900.000095,,11.07426765,460.9088892,83,676578.0,21.916221,95.955974,Myanmar,Myanmar,Lower middle income,East Asia & Pacific,8.974744624746528,6.135367662109574,525.8623623194115,949.1754802814999,37.6427363492599
Myanmar,2009,51.73491,8.4,29.21,,85.48,1.47,0.0,5.34,78.4141,1377.901,4.1,7489.999771,,10.4098444,586.1681802,83,676578.0,21.916221,95.955974,Myanmar,Myanmar,Lower middle income,East Asia & Pacific,8.921457548377864,6.37531128679933,544.9616087956067,889.8334993120001,40.64459400359093
Myanmar,2010,48.8,9.8,44.59,90000.0,84.93,2.1,0.0,5.24,71.38964,1386.8824,3.67,8130.000114,,10.06928609,746.94536,83,676578.0,21.916221,95.955974,Myanmar,Myanmar,Lower middle income,East Asia & Pacific,9.003439210228253,6.61732992717799,562.0098307152267,855.1844676237001,43.78905536512546
Myanmar,2011,54.006428,11.5,50.71,,84.08,2.02,0.0,7.63,79.06736,1505.1958,3.53,8689.99958,,7.520057227,1061.344429,83,676578.0,21.916221,95.955974,Myanmar,Myanmar,Lower middle income,East Asia & Pacific,9.070043238111605,6.968233470313446,585.8890701839545,632.28641164616,48.55627769679656
Myanmar,2012,55.167934,13.4,52.92,10000.0,78.46,2.73,0.0,7.94,74.414246,1779.6029,3.59,11960.00004,,6.485754004,1134.302224,83,676578.0,21.916221,95.955974,Myanmar,Myanmar,Lower middle income,East Asia & Pacific,9.389406639393666,7.03465417112215,551.9389662662438,508.87225915384,49.486359307286264
Myanmar,2013,56.349274,15.1,55.26,64080000.0,75.96,3.18,0.0,8.99,73.87017,2042.9814,3.48,13600.00038,,7.898669478,1168.1654,83,676578.0,21.916221,95.955974,Myanmar,Myanmar,Lower middle income,East Asia & Pacific,9.517898626371876,7.06404543991519,536.5848916159578,599.9829335488799,49.90073797718659
Myanmar,2014,52.0,17.5,58.21,10630000.0,72.43,4.99,0.0,8.99,64.30615,2368.4949,3.53,17040.00092,,8.19966375,1210.097636,83,676578.0,21.916221,95.955974,Myanmar,Myanmar,Lower middle income,East Asia & Pacific,9.743377538094833,7.099282364580587,514.2010216665719,593.9016454125,50.39981009204492
Myanmar,2015,60.5,19.6,62.02,57800000.0,70.43,6.12,0.0,9.6,61.068707,2192.525,3.41,19040.00092,,3.277279417,1196.743357,83,676578.0,21.916221,95.955974,Myanmar,Myanmar,Lower middle income,East Asia & Pacific,9.85434987629137,7.088194529515332,499.22154071376485,230.81878933931003,50.242501688251075
Myanmar,2016,55.6,21.8,63.07,3870000.0,69.25,7.53,0.0,10.02,57.094025,2501.5964,3.45,21860.00061,,10.50778078,1136.610665,83,676578.0,21.916221,95.955974,Myanmar,Myanmar,Lower middle income,East Asia & Pacific,9.992459534241965,7.036685434005031,487.2904663048484,727.663819015,49.51494189713858
Myanmar,2017,69.814835,24.0,63.69,129660000.0,59.92,9.18,0.0,11.27,55.110023,3203.9011,3.72,32500.0,,5.7500645,1151.114462,83,676578.0,21.916221,95.955974,Myanmar,Myanmar,Lower middle income,East Asia & Pacific,10.389026137075234,7.049354195695021,422.3973034060457,344.54386483999997,49.693394576363
Myanmar,2018,66.22728,26.4,63.47,22170000.0,59.55,9.78,0.0,12.61,56.319786,3270.801,3.52,32939.99863,,6.404977325,1250.173691,83,676578.0,21.916221,95.955974,Myanmar,Myanmar,Lower middle income,East Asia & Pacific,10.4024733199084,7.131837342555909,424.70091374920435,381.41639970374996,50.86310388067493
Myanmar,2019,68.35853,28.9,63.87,41330000.0,57.85,12.78,0.0,10.95,46.144123,3197.22,3.58,36720.00122,,6.750460146,1271.111575,83,676578.0,21.916221,95.955974,Myanmar,Myanmar,Lower middle income,East Asia & Pacific,10.511104110702576,7.1484334562481955,413.53687544395814,390.5141194461,51.10010087840852
Namibia,2000,36.5,33.7,134.28,110000.0,34.73,0.04,0.0,1.37,97.163124,6971.662,3.58,1940.0,,3.492183364,2185.604115,3,824292.0,-22.95764,18.49041,Namibia,Namibia,Lower middle income,Sub-Saharan Africa,7.57095858316901,7.690104986915745,267.0773461955838,121.28352823172,59.137714709786415
Namibia,2001,35.96686,34.0,132.23,220000.0,30.32,0.0,0.0,1.36,100.0,7906.876,4.17,2460.0,,1.177948695,1950.648536,3,824292.0,-22.95764,18.49041,Namibia,Namibia,Lower middle income,Sub-Saharan Africa,7.8083230503910555,7.576429697482812,229.71734842767887,35.7154044324,57.402286960899495
Namibia,2002,36.925476,35.0,130.43,30000.0,33.74,0.0,0.0,1.45,100.0,7473.249,3.67,2130.000114,,4.788661219,1808.884899,3,824292.0,-22.95764,18.49041,Namibia,Namibia,Lower middle income,Sub-Saharan Africa,7.6643466855946265,7.501018530525125,253.08436521991774,161.56942952906,56.265278995281314
Namibia,2003,37.878853,35.9,128.55,30000.0,33.3,0.01,0.0,1.5,99.337746,7768.2593,3.67,2269.999981,,4.239794296,2621.700395,3,824292.0,-22.95764,18.49041,Namibia,Namibia,Lower middle income,Sub-Saharan Africa,7.7279755337392,7.871959751078432,262.13625971091176,141.1851500568,61.9677503225988
Namibia,2004,38.82934,36.4,126.63,100000.0,34.75,0.0,0.0,1.59,100.0,7998.0425,3.53,2380.000114,,12.2695481,3464.418226,3,824292.0,-22.95764,18.49041,Namibia,Namibia,Lower middle income,Sub-Saharan Africa,7.775275894365904,8.150588604484627,283.2329540058408,426.366796475,66.43209459955466
Namibia,2005,39.779297,37.3,124.75,400000.0,34.54,0.04,0.0,1.64,97.61905,8329.664,3.71,2529.999971,,2.529262658,3739.531717,3,824292.0,-22.95764,18.49041,Namibia,Namibia,Lower middle income,Sub-Saharan Africa,7.836369749087202,8.226983050624192,284.15999456855957,87.36073220732,67.68325011525774
Namibia,2006,40.731125,37.9,122.81,220000.0,35.32,0.09,0.0,1.59,94.64286,8203.538,3.47,2529.999971,,7.073175318,4059.101348,3,824292.0,-22.95764,18.49041,Namibia,Namibia,Lower middle income,Sub-Saharan Africa,7.836369749087202,8.308963214845795,293.4725807483535,249.82455223175998,69.03886970566056
Namibia,2007,43.7,38.6,120.94,10000.0,35.84,0.04,0.0,1.56,97.5,8337.066,3.41,2619.999886,,5.374044152,4405.410399,3,824292.0,-22.95764,18.49041,Namibia,Namibia,Lower middle income,Sub-Saharan Africa,7.871311159828556,8.39081566850795,300.7268335593249,192.60574240768,70.4057875828785
Namibia,2008,42.65105,39.5,119.02,46600000.0,32.33,0.17,0.0,1.48,89.69697,8670.3955,3.63,2950.000048,,2.649812038,4212.367197,3,824292.0,-22.95764,18.49041,Namibia,Namibia,Lower middle income,Sub-Saharan Africa,7.989899391208612,8.346017416263098,269.82674306778597,85.66842318853999,69.65600671256696
Namibia,2009,44.1,40.1,117.18,,33.21,0.08,0.0,1.39,94.55782,8711.895,3.74,3019.999981,,0.295970914,4295.387143,3,824292.0,-22.95764,18.49041,Namibia,Namibia,Lower middle income,Sub-Saharan Africa,8.013343175097363,8.365529749214062,277.819242971399,9.82919405394,69.98208798498548
Namibia,2010,44.610737,40.9,115.48,47200000.0,31.03,0.05,0.0,1.25,96.15385,8834.805,3.58,3130.000114,,6.03924948,5394.996712,3,824292.0,-22.95764,18.49041,Namibia,Namibia,Lower middle income,Sub-Saharan Africa,8.049107757736497,8.593412607987208,266.65359322584305,187.3979113644,73.8467402511135
Namibia,2011,42.3,41.5,114.91,50000.0,31.46,0.03,0.0,1.4,97.9021,9036.284,3.48,3329.999924,,5.091338139,5806.748246,3,824292.0,-22.95764,18.49041,Namibia,Namibia,Lower middle income,Sub-Saharan Africa,8.111027815377708,8.666948209490783,272.66219067058006,160.17349785294002,75.1159912659955
Namibia,2012,46.63186,42.2,155.62,530000.0,31.74,0.03,0.0,1.6,98.15951,9158.613,3.43,3529.999971,,5.06168207,5942.29274,3,824292.0,-22.95764,18.49041,Namibia,Namibia,Lower middle income,Sub-Saharan Africa,8.169336387715415,8.690018592104058,275.8211901133828,160.6577889018,75.51642313111421
Namibia,2013,47.4,43.0,154.49,,30.55,0.06,0.0,1.28,95.522385,9313.876,3.4,3789.999962,,5.614719623,5392.094938,3,824292.0,-22.95764,18.49041,Namibia,Namibia,Lower middle income,Sub-Saharan Africa,8.240385105492594,8.5928746991133,262.5123220579113,171.52968448265,73.8374955946615
Namibia,2014,48.728516,43.6,152.6,70000.0,30.09,0.02,0.0,1.5,98.68421,9735.818,3.32,3950.000048,,6.09251916,5469.9014,3,824292.0,-22.95764,18.49041,Namibia,Namibia,Lower middle income,Sub-Saharan Africa,8.281724002560214,8.607198671602026,258.99060802850494,183.32390152440001,74.08386897242768
Namibia,2015,51.6,44.3,151.82,,28.99,0.03,0.0,1.53,98.07693,10013.897,3.32,4199.999809,,4.264174538,4896.61526,3,824292.0,-22.95764,18.49041,Namibia,Namibia,Lower middle income,Sub-Saharan Africa,8.343077825704016,8.49650368399812,246.31364179910545,123.61841985662,72.1905748521936
Namibia,2016,49.7,45.2,162.61,11630000.0,29.33,0.06,0.0,1.41,95.918365,9860.743,3.36,4130.000114,,0.03379445,4546.986688,3,824292.0,-22.95764,18.49041,Namibia,Namibia,Lower middle income,Sub-Saharan Africa,8.326274814992988,8.422439927865263,247.03016308428815,0.9911912184999998,70.93749433849901
Namibia,2017,52.5,45.6,177.82,37150000.0,29.94,0.06,0.0,1.68,96.55173,9969.967,3.44,4269.999981,,-1.027250827,5367.114674,3,824292.0,-22.95764,18.49041,Namibia,Namibia,Lower middle income,Sub-Saharan Africa,8.35960326639286,8.588232040941971,257.13166730580264,-30.75588976038,73.7577295890623
Namibia,2018,54.002895,46.0,181.76,3050000.0,30.66,0.02,0.0,1.39,98.581566,9675.655,3.44,4230.000019,,1.059943471,5588.392864,3,824292.0,-22.95764,18.49041,Namibia,Namibia,Lower middle income,Sub-Saharan Africa,8.350193655210731,8.628625949159298,264.5536716012241,32.49786682086,74.4531857705052
Namibia,2019,55.17709,46.5,199.41,20000.0,30.69,0.04,0.0,1.32,97.05882,9254.443,3.52,4219.99979,,-0.88809916,5009.685904,3,824292.0,-22.95764,18.49041,Namibia,Namibia,Lower middle income,Sub-Saharan Africa,8.347827296031253,8.519328091694032,261.45817913408985,-27.255763220400002,72.57895113392708
Nauru,2010,99.17063,100.0,4.0,,0.03,0.02,0.0,0.0,0.0,23124.062,8.7,39.99999911,,11.11111111,4752.175082,541,21.0,-0.522778,166.931503,Nauru,,,,3.7135720449969902,8.46656811203909,0.2539970433611727,0.3333333333,71.68277559579715
Nauru,2011,99.0,100.0,3.97,,0.05,0.02,0.0,0.0,0.0,22639.81,7.51,39.99999911,,10.0,6560.27487,541,21.0,-0.522778,166.931503,Nauru,,,,3.7135720449969902,8.7889402029956,0.43944701014978,0.5,77.24546989183233
Nauru,2012,99.216446,100.0,6.91,,0.07,0.02,0.0,0.0,0.0,23654.348,7.05,39.99999911,,11.36363636,9562.667866,541,21.0,-0.522778,166.931503,Nauru,,,,3.7135720449969902,9.165726600455335,0.6416008620318735,0.7954545452,84.0105441142945
Nauru,2013,99.26821,100.0,20.57,,0.06,0.02,0.0,0.0,0.0,26976.27,6.06,50.00000075,,30.6122449,9648.495655,541,21.0,-0.522778,166.931503,Nauru,,,,3.931825647430208,9.174660929236666,0.5504796557541999,1.836734694,84.1744031664618
Nauru,2014,99.33779,100.0,20.41,10000.0,0.05,0.02,0.0,0.0,0.0,28475.137,5.13,50.00000075,,26.5625,10171.48073,541,21.0,-0.522778,166.931503,Nauru,,,,3.931825647430208,9.22744138555112,0.46137206927755603,1.328125,85.14567452378158
Nauru,2015,99.0,100.0,20.24,8640000.0,0.1,0.03,0.0,0.0,0.0,29667.088,5.39,59.99999866,,3.703703704,8341.012278,541,21.0,-0.522778,166.931503,Nauru,,,,4.1108738422060975,9.029059746585105,0.9029059746585105,0.37037037040000004,81.52391990740348
Nauru,2016,99.71288,100.0,67.79,2950000.0,0.18,0.03,0.0,0.0,0.0,31831.389,5.03,59.99999866,,3.571428571,9521.042101,541,21.0,-0.522778,166.931503,Nauru,,,,4.1108738422060975,9.161364611189764,1.6490456300141576,0.6428571427800001,83.93060153916018
Nauru,2017,99.87004,100.0,67.13,2650000.0,0.6,0.03,0.0,0.0,0.0,24506.256,5.68,70.0000003,,-5.747126437,10339.38548,541,21.0,-0.522778,166.931503,Nauru,,,,4.262679881266667,9.243812427831738,5.5462874566990426,-3.4482758622,85.44806820093649
Nauru,2018,99.92822,100.0,76.98,,0.66,0.03,0.0,0.0,0.0,28203.953,5.15,59.99999866,,6.097560976,11614.66508,541,21.0,-0.522778,166.931503,Nauru,,,,4.1108738422060975,9.36010990400428,6.177672536642826,4.02439024416,87.61165741503902
Nauru,2019,100.0,100.0,180.88,,0.61,0.03,0.0,0.0,0.0,22405.49,5.06,59.99999866,,0.0,11029.73558,541,21.0,-0.522778,166.931503,Nauru,,,,4.1108738422060975,9.308440799053852,5.678148887422849,0.0,86.6470701094903
Nepal,2000,29.046267,5.7,11.76,11770000.0,88.29,0.06,0.0,1.63,96.4497,599.056,6.83,3220.0,,6.199999988,229.4903926,203,147181.0,28.394857,84.124008,Nepal,Nepal,Lower middle income,South Asia,8.0774471493312,5.440209180873896,480.3160685793563,547.3979989405201,29.595875931664622
Nepal,2001,24.6,6.9,16.54,5140000.0,87.76,0.02,0.0,1.83,98.918915,622.0788,6.73,3460.0,,4.799892149,246.7255581,203,147181.0,28.394857,84.124008,Nepal,Nepal,Lower middle income,South Asia,8.149312843635345,5.512321512843828,483.7613359671744,421.23853499624,30.385688460960868
Nepal,2002,35.88741,8.3,16.53,41820000.0,89.95,0.02,0.0,2.1,99.0566,645.2906,6.79,2789.999962,,0.120143175,244.7208435,203,147181.0,28.394857,84.124008,Nepal,Nepal,Lower middle income,South Asia,7.934155219921131,5.5041961090588405,495.1024400098427,10.806878591250001,30.296174806978478
Nepal,2003,39.29895,9.9,22.39,62490000.0,89.44,0.0,0.0,2.24,100.0,669.50134,6.72,3019.999981,,3.945037767,252.4023518,203,147181.0,28.394857,84.124008,Nepal,Nepal,Lower middle income,South Asia,8.013343175097363,5.534978548822661,495.0484814066988,352.84417788048,30.635987535927008
Nepal,2004,37.2,11.4,22.49,5260000.0,90.3,0.01,0.0,2.38,99.58159,660.4656,6.51,2809.999943,,4.682603245,286.1576726,203,147181.0,28.394857,84.124008,Nepal,Nepal,Lower middle income,South Asia,7.94129555062905,5.660031446786177,511.1008396447918,422.8390730235,32.03595597860842
Nepal,2005,46.11573,13.1,22.35,39830000.0,89.52,0.01,0.0,2.49,99.6,678.4753,6.51,3190.000057,,3.479181046,315.80563,203,147181.0,28.394857,84.124008,Nepal,Nepal,Lower middle income,South Asia,8.068089644140983,5.758288431247006,515.481980365232,311.45628723792,33.15788565743311
Nepal,2006,51.2,14.7,22.23,18590000.0,91.25,0.01,0.0,2.71,99.632355,663.4546,6.29,2619.999886,,3.364614788,346.9453313,203,147181.0,28.394857,84.124008,Nepal,Nepal,Lower middle income,South Asia,7.871311159828556,5.852045373468408,533.9991403289922,307.021099405,34.246435053133
Nepal,2007,52.940235,16.5,22.18,61790000.0,91.31,0.01,0.0,2.77,99.64029,653.86755,6.21,2690.000057,,3.411560276,391.3800572,203,147181.0,28.394857,84.124008,Nepal,Nepal,Lower middle income,South Asia,7.897668171908623,5.972230903769725,545.3244038232136,311.50956880156,35.66754196794215
Nepal,2008,56.36198,18.1,22.3,53050000.0,90.47,0.01,0.0,2.79,99.64286,719.46136,6.05,2990.00001,,6.104639142,470.455459,203,147181.0,28.394857,84.124008,Nepal,Nepal,Lower middle income,South Asia,8.003363061973312,6.155824631015292,556.9174543679535,552.2867031767399,37.89417688781456
Nepal,2009,59.793667,19.8,25.72,51230000.0,88.93,0.01,0.0,3.08,99.67638,818.67523,5.96,3880.000114,,4.53307872,478.1732528,203,147181.0,28.394857,84.124008,Nepal,Nepal,Lower middle income,South Asia,8.263848160742779,6.172062228882847,548.8814940145517,403.1266905696,38.0943521572023
Nepal,2010,68.6,21.6,25.98,23280000.0,87.29,0.0,0.0,3.18,100.0,868.6695,5.85,4639.999866,,4.81641465,592.4012071,203,147181.0,28.394857,84.124008,Nepal,Nepal,Lower middle income,South Asia,8.442685110368087,6.3858707420642915,557.422657074792,420.4248347985,40.779345134352745
Nepal,2011,67.26,23.2,26.36,130800000.0,86.95,0.0,0.0,3.46,100.0,922.1434,5.86,5199.999809,,3.421828241,799.5833769,203,147181.0,28.394857,84.124008,Nepal,Nepal,Lower middle income,South Asia,8.556606157049364,6.68534068304039,581.2903723903619,297.52796555495,44.69378004831494
Nepal,2012,74.96597,24.6,26.62,29380000.0,84.7,0.02,0.0,3.51,99.433426,967.2062,5.39,6000.0,,4.438493505,804.1416073,203,147181.0,28.394857,84.124008,Nepal,Nepal,Lower middle income,South Asia,8.699681400989514,6.691018171637709,566.729239137714,375.94039987350004,44.769724173186034
Nepal,2013,77.466194,26.1,28.04,319940000.0,86.05,0.01,0.0,3.49,99.71429,1020.5796,5.86,6090.000153,,3.525153171,823.3598746,203,147181.0,28.394857,84.124008,Nepal,Nepal,Lower middle income,South Asia,8.714567575955513,6.714607175585289,577.7919474591141,303.33943036454997,45.08594952242146
Nepal,2014,84.9,27.6,28.66,386670000.0,84.06,0.0,0.0,3.78,100.0,1099.4447,5.72,7130.000114,,6.011482843,844.8531248,203,147181.0,28.394857,84.124008,Nepal,Nepal,Lower middle income,South Asia,8.872206772014842,6.740345733186511,566.5934623316581,505.32524778258,45.432260602885606
Nepal,2015,82.52396,29.0,30.61,18440000.0,85.04,0.0,0.0,3.45,100.0,979.0958,5.47,7190.000057,,3.976053272,901.7496077,203,147181.0,28.394857,84.124008,Nepal,Nepal,Lower middle income,South Asia,8.88058553102907,6.805445225596409,578.7350619847186,338.12357025088005,46.31408471859296
Nepal,2016,90.7,30.2,31.09,29030000.0,79.2,0.0,0.0,4.23,100.0,1426.1302,5.93,10409.99985,,0.433113719,899.523581,203,147181.0,28.394857,84.124008,Nepal,Nepal,Lower middle income,South Asia,9.250618204066916,6.802976350836169,538.7957269862246,34.3026065448,46.2804872300362
Nepal,2017,87.89635,31.4,35.95,10640000.0,76.41,0.0,0.0,4.72,100.0,1614.7568,5.76,12479.99954,,8.977279356,1048.453755,203,147181.0,28.394857,84.124008,Nepal,Nepal,Lower middle income,South Asia,9.431962730062432,6.956025074449925,531.5098759387188,685.95391559196,48.386284836376085
Nepal,2018,93.92,32.3,39.61,14870000.0,74.27,0.0,0.0,4.99,100.0,1753.6006,5.68,15189.99958,,7.622376105,1178.525932,203,147181.0,28.394857,84.124008,Nepal,Nepal,Lower middle income,South Asia,9.628458398559713,7.072867884193164,525.3018977590262,566.11387331835,50.02546010725108
Nepal,2019,89.9,33.6,43.08,332730000.0,77.39,0.0,0.0,6.26,100.0,1700.5831,5.23,13449.99981,,6.657055428,1194.956876,203,147181.0,28.394857,84.124008,Nepal,Nepal,Lower middle income,South Asia,9.506808717583237,7.086701877004326,548.4398582613647,515.18951957292,50.22134349353664
Netherlands,2000,100.0,100.0,,,1.73,82.49,3.93,2.97,7.718984,63325.41,4.15,162100.0,0.9258593,4.195642498,26149.41108,508,41543.0,52.132633,5.291266,Netherlands,Netherlands,High income,Europe & Central Asia,11.9959748767362,10.171620189445992,17.596902927741567,7.258461521539999,103.46185727834532
Netherlands,2001,100.0,100.0,,,1.76,86.14,3.98,3.31,7.802633,65422.44,4.16,167120.0,0.9883765,2.326955087,26873.27593,508,41543.0,52.132633,5.291266,Netherlands,Netherlands,High income,Europe & Central Asia,12.026473379936816,10.198924822927482,17.950107688352368,4.09544095312,104.01806754372637
Netherlands,2002,100.0,100.0,,,1.92,87.86,3.91,3.98,8.240209,65146.56,4.19,167429.9927,1.1863465,0.217273595,29204.03983,508,41543.0,52.132633,5.291266,Netherlands,Netherlands,High income,Europe & Central Asia,12.028326561477986,10.282096570281047,19.74162541493961,0.4171653024,105.72150988058526
Netherlands,2003,100.0,100.0,,,1.91,88.62,4.02,3.96,8.26087,65296.625,4.34,170360.0006,1.1635091,0.155645898,35672.2066,508,41543.0,52.132633,5.291266,Netherlands,Netherlands,High income,Europe & Central Asia,12.045674997464372,10.482155170583885,20.02091637581522,0.29728366518,109.87557702019848
Netherlands,2004,100.0,100.0,,,2.22,91.89,3.82,5.3,9.028809,67222.88,4.3,172119.9951,1.5031251,1.984945714,40362.39478,508,41543.0,52.132633,5.291266,Netherlands,Netherlands,High income,Europe & Central Asia,12.055952968367382,10.6056785834179,23.54460645518774,4.40657948508,112.48041821476912
Netherlands,2005,100.0,100.0,,,2.74,88.22,4.0,7.46,11.49679,68395.85,4.14,167929.9927,2.0780501,2.050876108,41979.05585,508,41543.0,52.132633,5.291266,Netherlands,Netherlands,High income,Europe & Central Asia,12.031308416263233,10.644949923769165,29.167162791127513,5.6194005359200006,113.31495887955315
Netherlands,2006,100.0,100.0,,,3.12,87.17,3.47,8.05,11.6729145,66740.0,3.97,163699.9969,2.315084,3.460988954,44863.35063,508,41543.0,52.132633,5.291266,Netherlands,Netherlands,High income,Europe & Central Asia,12.005796853139096,10.711398785761368,33.41956421157547,10.79828553648,114.73406394761011
Netherlands,2007,100.0,100.0,,,3.68,93.21,4.2,7.59,11.228572,67568.08,3.81,164550.0031,2.4174244,3.772842521,51733.44213,508,41543.0,52.132633,5.291266,Netherlands,Netherlands,High income,Europe & Central Asia,12.010975850372352,10.853879030758721,39.942274833192094,13.88406047728,117.80669001434387
Netherlands,2008,100.0,100.0,,,3.94,93.7,4.17,9.53,12.756052,66484.65,3.7,165220.0012,2.9132164,2.170324851,57644.47997,508,41543.0,52.132633,5.291266,Netherlands,Netherlands,High income,Europe & Central Asia,12.015039257897191,10.962067117939963,43.190544444683454,8.55107991294,120.16691549822056
Netherlands,2009,100.0,100.0,,,4.38,98.48,4.25,10.83,13.279324,65268.383,3.79,160490.0055,3.4302778,-3.666883937,52514.02712,508,41543.0,52.132633,5.291266,Netherlands,Netherlands,High income,Europe & Central Asia,11.985993179483438,10.868854638480622,47.60558331654512,-16.06095164406,118.13200115242174
Netherlands,2010,100.0,100.0,,,3.85,103.95,3.97,11.19,12.727731,70448.46,4.01,171110.0006,3.2134414,1.342739336,50950.03434,508,41543.0,52.132633,5.291266,Netherlands,Netherlands,High income,Europe & Central Asia,12.050067751209228,10.838620339524297,41.72868830716855,5.1695464436,117.47569086434979
Netherlands,2011,100.0,100.0,,,4.69,97.35,4.14,12.32,14.4627,66766.09,3.67,158770.0043,3.8112893,1.551189312,54159.34661,508,41543.0,52.132633,5.291266,Netherlands,Netherlands,High income,Europe & Central Asia,11.97521821855385,10.899704307307186,51.1196132012707,7.275077873280001,118.80355398673082
Netherlands,2012,100.0,100.0,,,4.9,86.69,3.91,12.47,15.892111,65277.332,3.71,157470.0012,3.9636314,-1.030353991,50073.00566,508,41543.0,52.132633,5.291266,Netherlands,Netherlands,High income,Europe & Central Asia,11.966996600930694,10.821257303322387,53.0241607862797,-5.0487345559,117.0996096247081
Netherlands,2013,100.0,100.0,,,4.94,86.51,2.89,12.1,14.768473,63014.336,3.64,157089.9963,3.9457889,-0.130175288,52184.06185,508,41543.0,52.132633,5.291266,Netherlands,Netherlands,High income,Europe & Central Asia,11.964580510698076,10.862551561459927,53.661004713612044,-0.6430659227200001,117.9950264253755
Netherlands,2014,100.0,100.0,,,5.53,87.48,4.09,11.65,15.248982,59946.082,3.38,149789.9933,3.9784324,1.423395395,52830.17423,508,41543.0,52.132633,5.291266,Netherlands,Netherlands,High income,Europe & Central Asia,11.916996223424576,10.874856716487164,60.13795764217402,7.87137653435,118.26250860412598
Netherlands,2015,100.0,100.0,,,5.72,91.03,4.08,13.69,16.33272,60683.023,3.38,157410.0037,4.503984,1.959169721,45175.23189,508,41543.0,52.132633,5.291266,Netherlands,Netherlands,High income,Europe & Central Asia,11.966615521670574,10.71832638437474,61.30882691862351,11.20645080412,114.88252048198368
Netherlands,2016,100.0,100.0,,,5.59,95.09,3.96,14.78,16.463146,60943.15,3.38,158539.9933,4.676411,2.191713719,46007.85292,508,41543.0,52.132633,5.291266,Netherlands,Netherlands,High income,Europe & Central Asia,11.973768471667345,10.736589111736794,60.01753313460868,12.25167968921,115.27434575426508
Netherlands,2017,100.0,100.0,,,6.36,94.81,3.4,17.43,18.012798,61101.004,3.31,155759.9945,5.4899817,2.910902513,48554.99228,508,41543.0,52.132633,5.291266,Netherlands,Netherlands,High income,Europe & Central Asia,11.956078024848503,10.790472891026003,68.62740758692539,18.51333998268,116.43430521196706
Netherlands,2018,100.0,100.0,,,7.39,91.26,3.51,18.91,19.722027,59348.1,3.17,151360.0006,5.991268,2.360915095,53018.62936,508,41543.0,52.132633,5.291266,Netherlands,Netherlands,High income,Europe & Central Asia,11.927422994993242,10.878417489248985,80.39150524555,17.44716255205,118.33996707039819
Netherlands,2019,100.0,100.0,,,8.54,94.09,3.91,22.79,22.104479,58836.934,3.05,146339.9963,7.3029876,1.955588416,52476.27325,508,41543.0,52.132633,5.291266,Netherlands,Netherlands,High income,Europe & Central Asia,11.893694768532926,10.868135464379392,92.8138768658,16.70072507264,118.11636847210107
New Zealand,2000,100.0,100.0,,,29.13,10.69,0.0,27.51,72.01571,59543.81,5.66,29450.0,36.374214,2.905022988,13641.10272,18,268838.0,-40.900557,174.885971,New Zealand,New Zealand,High income,East Asia & Pacific,10.290483144360632,9.520916077874046,277.344285348471,84.62331964043999,90.64784296192052
New Zealand,2001,100.0,100.0,,,27.13,13.51,0.0,24.84,64.77184,58485.12,5.48,31620.0,32.730766,3.464846662,13882.85683,18,268838.0,-40.900557,174.885971,New Zealand,New Zealand,High income,East Asia & Pacific,10.361576735816833,9.538482065058732,258.7790184250434,94.00128994005999,90.98264010544709
New Zealand,2002,100.0,100.0,,,28.98,11.39,0.0,28.07,71.13533,59589.08,5.23,31540.00092,35.126747,4.674401833,16874.18749,18,268838.0,-40.900557,174.885971,New Zealand,New Zealand,High income,East Asia & Pacific,10.359043594953246,9.733599626197527,282.07971716720436,135.46416512034,94.74296168311265
New Zealand,2003,100.0,100.0,,,28.35,12.62,0.0,26.9,68.0668,56734.85,4.94,33400.00153,34.357147,4.54980201,21913.70817,18,268838.0,-40.900557,174.885971,New Zealand,New Zealand,High income,East Asia & Pacific,10.416341164443367,9.994913296314325,283.3557919505111,128.9868869835,99.89829180084088
New Zealand,2004,100.0,100.0,,,30.76,10.91,0.0,30.61,73.7235,57499.695,4.87,32840.00015,37.794468,4.028139435,25420.23488,18,268838.0,-40.900557,174.885971,New Zealand,New Zealand,High income,East Asia & Pacific,10.399433018340128,10.143340122635117,312.0091421722562,123.9055690206,102.88734884345938
New Zealand,2005,100.0,100.0,,,29.46,13.93,0.0,27.6,66.457985,55352.246,4.6,34229.99954,34.682922,3.321144113,27751.06547,18,268838.0,-40.900557,174.885971,New Zealand,New Zealand,High income,East Asia & Pacific,10.440886931799039,10.231065547756057,301.40719103689344,97.84090556898,104.67470224248093
New Zealand,2006,100.0,100.0,,,29.59,13.99,0.0,28.08,66.7459,55087.375,4.47,34270.00046,34.811123,2.880937844,26654.5932,18,268838.0,-40.900557,174.885971,New Zealand,New Zealand,High income,East Asia & Pacific,10.442054807906205,10.190754283745676,301.54441925603453,85.24695080396,103.85147287168084
New Zealand,2007,100.0,100.0,,,29.35,13.95,0.0,28.46,67.10681,54356.55,4.39,33270.00046,35.406635,3.027510555,32479.98174,18,268838.0,-40.900557,174.885971,New Zealand,New Zealand,High income,East Asia & Pacific,10.412441439495177,10.38841001980404,304.89983408124857,88.85743478925001,107.91906273956496
New Zealand,2008,100.0,100.0,,,28.39,14.42,0.0,27.97,65.982544,54010.57,4.49,34169.99817,34.397457,-1.115041324,31252.96256,18,268838.0,-40.900557,174.885971,New Zealand,New Zealand,High income,East Asia & Pacific,10.439132556564447,10.349901449045865,293.8337021384121,-31.65602318836,107.12046000496169
New Zealand,2009,100.0,100.0,,,30.56,11.49,0.0,30.68,72.75314,53337.418,4.52,31170.00008,37.898605,-0.135169931,28209.36233,18,268838.0,-40.900557,174.885971,New Zealand,New Zealand,High income,East Asia & Pacific,10.347243456943504,10.2474446479405,313.16190844106166,-4.130793091359999,105.01012181260438
New Zealand,2010,100.0,100.0,,,31.68,11.27,0.0,32.3,74.133575,54097.28,4.62,31049.99924,38.817486,1.527994135,33676.77412,18,268838.0,-40.900557,174.885971,New Zealand,New Zealand,High income,East Asia & Pacific,10.343386268486318,10.424593377098649,330.2511181864852,48.4068541968,108.67214707784902
New Zealand,2011,100.0,100.0,,,32.65,10.07,0.0,33.18,76.71677,53886.934,4.51,30290.00092,39.533886,2.256736921,38387.62708,18,268838.0,-40.900557,174.885971,New Zealand,New Zealand,High income,East Asia & Pacific,10.318605948044487,10.555516524917218,344.63761453854715,73.68246047065,111.41892910780047
New Zealand,2012,100.0,100.0,,,31.02,11.74,0.0,31.4,72.78628,53929.51,4.63,32110.00061,36.91487,2.24064087,39973.38076,18,268838.0,-40.900557,174.885971,New Zealand,New Zealand,High income,East Asia & Pacific,10.376953948541356,10.595994046900497,328.6877353348534,69.5046797874,112.27508984195077
New Zealand,2013,100.0,100.0,,,30.36,10.55,0.0,31.82,75.10031,53825.684,4.55,31889.99939,36.921745,2.695783859,42976.64959,18,268838.0,-40.900557,174.885971,New Zealand,New Zealand,High income,East Asia & Pacific,10.370079098177216,10.668435482568075,323.89370125076675,81.84399795924,113.81551564571751
New Zealand,2014,100.0,100.0,,,31.09,8.66,0.0,34.0,79.69995,55530.688,4.61,31969.99931,37.536892,3.813831016,44572.89875,18,268838.0,-40.900557,174.885971,New Zealand,New Zealand,High income,East Asia & Pacific,10.372584499307006,10.704903736873714,332.8154571794038,118.57200628744,114.5949640157328
New Zealand,2015,100.0,100.0,,,31.24,8.42,0.0,34.92,80.57221,54939.43,4.49,32279.99878,38.129433,3.707375818,38630.72659,18,268838.0,-40.900557,174.885971,New Zealand,New Zealand,High income,East Asia & Pacific,10.382234063045242,10.561829150234898,329.9515426533382,115.81842055432,111.55223499875163
New Zealand,2016,100.0,100.0,,,31.83,6.73,0.0,36.2,84.32332,54612.46,4.27,31190.00053,38.99087,3.730079893,40080.49411,18,268838.0,-40.900557,174.885971,New Zealand,New Zealand,High income,East Asia & Pacific,10.34788488763816,10.598670013257545,337.35566652198764,118.72844299418999,112.33180604992468
New Zealand,2017,100.0,100.0,,,30.22,7.98,0.0,35.33,81.5747,54745.46,4.13,32930.00031,37.083,3.613281553,42992.89527,18,268838.0,-40.900557,174.885971,New Zealand,New Zealand,High income,East Asia & Pacific,10.40216975176905,10.668813414131822,322.4115413750637,109.19336853166,113.82357966555911
New Zealand,2018,100.0,100.0,,,30.73,7.13,0.0,36.3,83.58278,53424.1,3.93,32360.00061,38.162262,3.20574788,43306.07,18,268838.0,-40.900557,174.885971,New Zealand,New Zealand,High income,East Asia & Pacific,10.384709291893389,10.676071180107671,328.07566736470875,98.5126323524,113.97849584272561
New Zealand,2019,100.0,100.0,,,29.65,7.84,0.0,35.97,82.10454,53259.336,4.02,34009.99832,36.76238,1.633932613,42755.21626,18,268838.0,-40.900557,174.885971,New Zealand,New Zealand,High income,East Asia & Pacific,10.434439231289923,10.6632698733846,316.16595174585336,48.44610197545,113.70532439263162
Nicaragua,2000,72.78157,33.9,30.18,30000.0,58.42,1.69,0.0,0.44,20.657276,3180.8794,5.23,3770.0,,4.101590251,1007.499839,55,130370.0,12.865416,-85.207229,Nicaragua,Nicaragua,Lower middle income,Latin America & Caribbean,8.235095497258357,6.91621919775122,404.04552553262624,239.61490246342,47.83408799134253
Nicaragua,2001,72.22158,35.0,28.73,20000.0,56.66,1.87,0.0,0.46,19.74249,3331.2754,5.13,3930.0,,2.960843491,1034.551387,55,130370.0,12.865416,-85.207229,Nicaragua,Nicaragua,Lower middle income,Latin America & Caribbean,8.27664912542186,6.942689304906131,393.37277601598134,167.76139220006,48.20093478445798
Nicaragua,2002,73.85829,36.0,42.71,680000.0,54.67,2.01,0.0,0.69,25.555555,3352.5957,5.09,4059.999943,,0.753938876,1000.936715,55,130370.0,12.865416,-85.207229,Nicaragua,Nicaragua,Lower middle income,Latin America & Caribbean,8.309184513650345,6.909690120967582,377.7527589132977,41.21783835092,47.743817567797
Nicaragua,2003,74.38763,37.0,46.75,15280000.0,51.49,1.78,0.0,0.82,31.538464,3514.2737,5.15,4559.999943,,2.520732896,1005.733044,55,130370.0,12.865416,-85.207229,Nicaragua,Nicaragua,Lower middle income,Latin America & Caribbean,8.425297164214442,6.9144657572753525,356.0258418421079,129.79253681504002,47.80983670853342
Nicaragua,2004,74.91408,38.2,56.67,180000.0,51.17,1.67,0.0,1.02,37.918217,3614.3872,5.16,4530.00021,,5.31217057,1080.269119,55,130370.0,12.865416,-85.207229,Nicaragua,Nicaragua,Lower middle income,Latin America & Caribbean,8.418697991014522,6.9858907404018975,357.46802918636513,271.8237680669,48.80266943683297
Nicaragua,2005,73.821815,39.1,57.72,40000.0,52.76,1.82,0.0,1.19,39.534885,3627.2178,5.03,4340.000153,,4.282398338,1162.289685,55,130370.0,12.865416,-85.207229,Nicaragua,Nicaragua,Lower middle income,Latin America & Caribbean,8.375860050544928,7.059007205767162,372.4332201762754,225.93933631288,49.82958273107271
Nicaragua,2006,75.96777,40.2,56.94,50000.0,53.29,1.95,0.0,1.15,37.096775,3595.257,5.0,4550.000191,,4.153199588,1226.644309,55,130370.0,12.865416,-85.207229,Nicaragua,Nicaragua,Lower middle income,Latin America & Caribbean,8.423102309985438,7.11285241609877,379.04390525390346,221.32400604452,50.59266949320211
Nicaragua,2007,76.50008,41.2,56.28,100000.0,52.61,1.93,0.0,0.99,33.90411,3692.5571,4.84,4699.999809,,5.076658981,1327.966782,55,130370.0,12.865416,-85.207229,Nicaragua,Nicaragua,Lower middle income,Latin America & Caribbean,8.455530490394477,7.19215706366799,378.37938311957294,267.08302899040996,51.72712322846936
Nicaragua,2008,77.03961,42.5,55.51,1930000.0,53.77,1.96,0.0,1.26,39.130436,3683.9102,4.69,4500.0,,3.434744656,1499.25762,55,130370.0,12.865416,-85.207229,Nicaragua,Nicaragua,Lower middle income,Latin America & Caribbean,8.412054873292933,7.313392119010198,393.2410942391783,184.68622015312002,53.48570428640047
Nicaragua,2009,77.91631,43.4,61.7,8980000.0,54.56,2.39,0.0,1.16,32.676056,3631.891,4.82,4389.999866,,-3.292815113,1444.36951,55,130370.0,12.865416,-85.207229,Nicaragua,Nicaragua,Lower middle income,Latin America & Caribbean,8.38731224004475,7.276120284119678,396.98512270156965,-179.65599256528,52.94192638897782
Nicaragua,2010,78.151215,44.7,64.83,96620000.0,54.44,2.17,0.0,1.34,38.17664,3699.9202,4.73,4510.000229,,4.410481398,1503.864191,55,130370.0,12.865416,-85.207229,Nicaragua,Nicaragua,Lower middle income,Latin America & Caribbean,8.414274188173192,7.3164579345730285,398.30796995815564,240.10660730712,53.53055670837663
Nicaragua,2011,78.7287,46.0,63.97,16970000.0,53.3,2.35,0.0,1.31,35.79235,3835.2747,4.53,4769.999981,,6.316709606,1655.802946,55,130370.0,12.865416,-85.207229,Nicaragua,Nicaragua,Lower middle income,Latin America & Caribbean,8.470311201533713,7.412645088206302,395.0939832013959,336.6806219998,54.947307203709016
Nicaragua,2012,79.63916,47.2,91.87,72210000.0,53.27,2.22,0.0,1.67,42.93059,3815.5432,4.61,4690.000057,,6.496026079,1760.460308,55,130370.0,12.865416,-85.207229,Nicaragua,Nicaragua,Lower middle income,Latin America & Caribbean,8.453401070479385,7.473898464459011,398.13457120173155,346.04330922833003,55.859158257042765
Nicaragua,2013,80.82344,48.2,91.76,14660000.0,54.28,1.99,0.0,2.05,50.742577,3991.6355,4.53,4469.99979,,4.926825634,1811.636803,55,130370.0,12.865416,-85.207229,Nicaragua,Nicaragua,Lower middle income,Latin America & Caribbean,8.405367329264621,7.502537861397787,407.2377551166719,267.42809541352,56.28807436170728
Nicaragua,2014,81.85307,49.3,97.01,51690000.0,53.02,2.07,0.0,2.28,52.413795,4173.7993,4.46,4760.000229,,4.785847059,1934.062922,55,130370.0,12.865416,-85.207229,Nicaragua,Nicaragua,Lower middle income,Latin America & Caribbean,8.468213057293656,7.5678951227646465,401.2497994089816,253.74561106818,57.273036589164924
Nicaragua,2015,83.24933,50.5,98.56,67430000.0,50.0,2.2,0.0,2.24,50.45045,4501.891,4.5,5269.999981,,4.792086282,2049.851666,55,130370.0,12.865416,-85.207229,Nicaragua,Nicaragua,Lower middle income,Latin America & Caribbean,8.569975373250578,7.626010432687583,381.30052163437915,239.60431409999998,58.15603511945985
Nicaragua,2016,84.640114,51.7,104.88,178280000.0,49.54,2.09,0.0,2.38,53.243855,4451.653,4.46,5380.000114,,4.562954429,2107.57406,55,130370.0,12.865416,-85.207229,Nicaragua,Nicaragua,Lower middle income,Latin America & Caribbean,8.590629530675074,7.653767197065851,379.16762694264224,226.04876241266,58.58015230688125
Nicaragua,2017,85.98984,52.85,105.52,65850000.0,48.91,2.08,0.0,2.3,52.511414,4376.1777,4.36,5480.000019,,4.632533981,2159.156714,55,130370.0,12.865416,-85.207229,Nicaragua,Nicaragua,Lower middle income,Latin America & Caribbean,8.609042848512637,7.677936050824163,375.5278522458098,226.57723701070998,58.95070200054535
Nicaragua,2018,87.11668,53.8,104.2,19750000.0,51.44,2.05,0.0,2.48,54.746136,4282.387,4.46,5110.000134,,-3.363687646,2014.575189,55,130370.0,12.865416,-85.207229,Nicaragua,Nicaragua,Lower middle income,Latin America & Caribbean,8.539150384986241,7.608659887244672,391.3894645998659,-173.02809251024,57.8917052797661
Nicaragua,2019,88.05833,55.1,111.74,7660000.0,50.71,2.17,0.0,2.31,51.5625,4225.4365,4.68,5239.999771,,-3.674794578,1926.699694,55,130370.0,12.865416,-85.207229,Nicaragua,Nicaragua,Lower middle income,Latin America & Caribbean,8.564267555108215,7.56408270266514,383.57463385214925,-186.34883305038002,57.21534713275797
Niger,2000,6.4814816,0.9,0.04,190000.0,87.62,0.18,0.0,0.0,0.0,285.42957,5.83,670.0,,-1.208477743,197.8326834,19,1267000.0,17.607789,8.081666,Niger,Niger,Low income,Sub-Saharan Africa,6.508769136971682,5.292463684130236,463.72566800349125,-105.88681984166,28.010171847837388
Niger,2001,8.361941,1.0,0.05,3500000.0,87.7,0.16,0.0,0.0,0.0,270.00186,5.59,670.0,,7.268134903,208.3770599,19,1267000.0,17.607789,8.081666,Niger,Niger,Low income,Sub-Saharan Africa,6.508769136971682,5.344136740859293,468.68079217336,637.4154309931,28.559797505002184
Niger,2002,8.858948,1.0,0.05,1410000.0,87.74,0.17,0.0,0.0,0.0,277.3297,5.53,699.9999881,,4.918470578,228.2359086,19,1267000.0,17.607789,8.081666,Niger,Niger,Low income,Sub-Saharan Africa,6.552507870058841,5.434751641853701,476.8451090562437,431.54660851371995,29.5365254086315
Niger,2003,9.350719,1.0,0.05,,86.97,0.18,0.0,0.0,0.0,294.4527,5.65,759.9999905,,2.170610381,268.349893,19,1267000.0,17.607789,8.081666,Niger,Niger,Low income,Sub-Saharan Africa,6.634633345378112,5.5960112518738185,486.685098575466,188.77798483556998,31.31534193109838
Niger,2004,9.839605,1.0,0.06,,86.99,0.19,0.0,0.0,0.0,311.80307,5.88,790.0000215,,0.36380158,286.4900658,19,1267000.0,17.607789,8.081666,Niger,Niger,Low income,Sub-Saharan Africa,6.673297994948437,5.66118830590128,492.4667707303524,31.6470994442,32.04905303487341
Niger,2005,7.1,1.0,0.07,40000.0,87.54,0.22,0.0,0.0,0.0,283.51257,5.54,759.9999905,,7.331868841,321.7236612,19,1267000.0,17.607789,8.081666,Niger,Niger,Low income,Sub-Saharan Africa,6.634633345378112,5.776796418960588,505.7007585158099,641.83179834114,33.371376866115874
Niger,2006,9.3,1.0,0.08,100000.0,87.43,0.21,0.0,0.0,0.0,275.1137,5.38,750.0,,5.931049974,336.2819503,19,1267000.0,17.607789,8.081666,Niger,Niger,Low income,Sub-Saharan Africa,6.621405651764134,5.8209192283321824,508.92296813308275,518.55169922682,33.88310066276733
Niger,2007,11.312919,1.1,0.08,,86.17,0.21,0.0,0.0,0.0,285.46628,5.45,819.9999928,,3.142724084,390.2844802,19,1267000.0,17.607789,8.081666,Niger,Niger,Low income,Sub-Saharan Africa,6.710523100682635,5.969434866278001,514.3862024271754,270.80853431828,35.634152622735456
Niger,2008,11.814892,1.1,0.08,10000.0,86.06,0.21,0.0,0.0,0.0,305.83826,5.3,860.0000143,,7.731414229,478.502559,19,1267000.0,17.607789,8.081666,Niger,Niger,Low income,Sub-Saharan Africa,6.758094521036325,6.172749231118429,531.226798830052,665.3655085477401,38.10283307027316
Niger,2009,12.326806,1.1,0.08,,83.25,0.24,0.0,0.0,0.0,346.99503,5.51,1080.000043,,1.962600905,464.057999,19,1267000.0,17.607789,8.081666,Niger,Niger,Low income,Sub-Saharan Africa,6.985641857417191,6.142162126841596,511.33499705956285,163.38652534125,37.726155592407274
Niger,2010,13.277493,1.3,0.13,,80.67,0.27,0.0,0.0,0.0,413.75497,5.47,1370.000005,,8.578166743,476.8695322,19,1267000.0,17.607789,8.081666,Niger,Niger,Low income,Sub-Saharan Africa,7.223295683209288,6.1693377500468545,497.6804762962798,692.0007111578101,38.060728274153185
Niger,2011,14.3,1.3,0.17,,77.23,0.32,0.0,0.0,0.0,400.05173,4.65,1409.999967,,2.357756936,512.595335,19,1267000.0,17.607789,8.081666,Niger,Niger,Low income,Sub-Saharan Africa,7.252053928465146,6.241435669390576,482.0260767470342,182.08956816728,38.95551921514099
Niger,2012,14.4,1.4,0.22,132260000.0,72.71,0.38,0.0,0.01,2.5641026,512.0466,4.96,1889.999986,,10.54894458,529.7444581,19,1267000.0,17.607789,8.081666,Niger,Niger,Low income,Sub-Saharan Africa,7.544861061254967,6.274280658889661,456.2029467078672,767.0137604117999,39.36659778651688
Niger,2013,15.170006,1.5,0.27,,78.7,0.41,0.0,0.01,2.3809524,554.4608,5.9,1970.000029,,5.315130636,552.569139,19,1267000.0,17.607789,8.081666,Niger,Niger,Low income,Sub-Saharan Africa,7.5862963218660635,6.316386656723581,497.0996298841458,418.3007810532,39.896740397235696
Niger,2014,15.770542,1.6,0.31,40990000.0,78.08,0.41,0.0,0.01,2.3809524,506.64435,5.63,2150.000095,,6.642136654,564.5967488,19,1267000.0,17.607789,8.081666,Niger,Niger,Low income,Sub-Saharan Africa,7.673688173433233,6.3378813663338756,494.861777083349,518.6180299443199,40.16874021372215
Niger,2015,16.6,1.7,0.35,,78.88,0.5,0.0,0.01,1.9607843,514.94916,5.48,2109.999895,,4.392648832,484.1531374,19,1267000.0,17.607789,8.081666,Niger,Niger,Low income,Sub-Saharan Africa,7.65491699810886,6.184464588316316,487.83056672639094,346.49213986816,38.2476022441385
Niger,2016,17.27152,1.8,0.38,1180000.0,80.25,0.49,0.0,0.01,2.0,462.7355,5.33,2109.999895,,5.740893151,500.2149113,19,1267000.0,17.607789,8.081666,Niger,Niger,Low income,Sub-Saharan Africa,7.65491699810886,6.217034973776482,498.91705664556264,460.70667536775,38.65152386515994
Niger,2017,18.049526,1.9,0.42,82980000.0,82.01,0.52,0.0,0.01,1.8867925,433.12198,5.13,1909.999967,,5.001359945,517.7715723,19,1267000.0,17.607789,8.081666,Niger,Niger,Low income,Sub-Saharan Africa,7.555381926971827,6.251463655836896,512.6825344151839,410.16152908945,39.08079784024961
Niger,2018,17.6,2.1,1.21,46190000.0,82.0,0.49,0.0,0.05,9.259259,460.16846,5.03,1950.000048,,7.210803008,570.723922,19,1267000.0,17.607789,8.081666,Niger,Niger,Low income,Sub-Saharan Africa,7.576097365225879,6.348656221018784,520.5898101235402,591.285846656,40.30543581268051
Niger,2019,18.974571,2.3,1.16,108900000.0,80.83,0.56,0.0,0.05,8.196721,468.4848,4.99,2150.000095,,5.941396863,554.0993893,19,1267000.0,17.607789,8.081666,Niger,Niger,Low income,Sub-Saharan Africa,7.673688173433233,6.319147177533377,510.7766663600229,480.24310843628996,39.93162105132805
Nigeria,2000,43.12146,1.0,17.05,,86.21,8.45,0.0,5.7,40.28269,1827.2556,10.01,97220.0,,5.015934757,567.9307221,226,923768.0,9.081999,8.675277,Nigeria,Nigeria,Lower middle income,Sub-Saharan Africa,11.48474201649594,6.343758672935179,546.8954351937417,432.42373540097,40.2432741004403
Nigeria,2001,43.880672,1.0,16.63,,84.67,8.98,0.0,5.86,39.48787,2013.8263,9.86,101950.0,,5.917684652,590.381815,226,923768.0,9.081999,8.675277,Nigeria,Nigeria,Lower middle income,Sub-Saharan Africa,11.532247584684265,6.382461857875611,540.403045506328,501.05035948484004,40.73581936723699
Nigeria,2002,44.6323,0.9,16.22,0.0,84.6,12.51,0.0,8.16,39.477505,2047.175,8.81,92239.99786,,15.32915574,741.7474939,226,923768.0,9.081999,8.675277,Nigeria,Nigeria,Lower middle income,Sub-Saharan Africa,11.432159972967687,6.610356140254225,559.2361294655074,1296.8465756039998,43.69680830099673
Nigeria,2003,52.2,1.0,15.81,,82.95,11.97,0.0,7.38,38.139534,2100.6572,8.6,101000.0,,7.34719497,795.3862287,226,923768.0,9.081999,8.675277,Nigeria,Nigeria,Lower middle income,Sub-Saharan Africa,11.522885696764481,6.680084280101809,554.1129910344451,609.4498227615001,44.62352598926331
Nigeria,2004,46.1222,1.0,15.41,180000.0,84.05,15.2,0.0,8.05,34.623657,2122.0964,7.99,98730.00336,,9.250558228,1007.874342,226,923768.0,9.081999,8.675277,Nigeria,Nigeria,Lower middle income,Sub-Saharan Africa,11.500154293219712,6.9165904754327014,581.3394294601185,777.5094190634,47.83922380484636
Nigeria,2005,46.86517,1.0,15.02,18500000.0,84.01,14.83,0.0,7.7,34.17665,2259.4753,7.94,98720.00122,,6.438516525,1268.383462,226,923768.0,9.081999,8.675277,Nigeria,Nigeria,Lower middle income,Sub-Saharan Africa,11.500052981105613,7.146286598585202,600.3595371471429,540.89977326525,51.069412149118456
Nigeria,2006,47.610016,1.1,14.63,1230000.0,85.93,15.83,0.0,6.21,28.176043,1960.8763,7.53,88769.99664,,6.059428031,1656.424794,226,923768.0,9.081999,8.675277,Nigeria,Nigeria,Lower middle income,Sub-Saharan Africa,11.393815261215742,7.4130203478782875,637.0008384931813,520.6866507038301,54.95287067805753
Nigeria,2007,50.13092,1.3,14.25,550000.0,87.28,15.74,0.0,6.17,28.160658,1749.5142,7.33,81120.00275,,6.591130361,1883.461388,226,923768.0,9.081999,8.675277,Nigeria,Nigeria,Lower middle income,Sub-Saharan Africa,11.303697180065178,7.541397323242839,658.213158372635,575.27385790808,56.872673587014255
Nigeria,2008,50.3,1.4,13.88,,86.25,14.47,0.0,5.67,28.152931,2047.7776,7.07,86930.00031,,6.764472778,2259.114059,226,923768.0,9.081999,8.675277,Nigeria,Nigeria,Lower middle income,Sub-Saharan Africa,11.372869983081562,7.723170559576906,666.1234607635082,583.4357771025,59.64736349231546
Nigeria,2009,49.882507,1.6,13.51,,88.68,14.33,0.0,4.49,23.857597,1250.4224,6.43,76949.99695,,8.036925102,1911.607866,226,923768.0,9.081999,8.675277,Nigeria,Nigeria,Lower middle income,Sub-Saharan Africa,11.250924094998563,7.556222964633117,670.0858525036649,712.71451804536,57.0965054912489
Nigeria,2010,48.0,1.9,13.16,580000.0,86.46,18.56,0.0,6.33,25.431902,1514.1042,6.82,90059.99756,,8.005655915,2280.437337,226,923768.0,9.081999,8.675277,Nigeria,Nigeria,Lower middle income,Sub-Saharan Africa,11.408242470409807,7.732560934287879,668.55721837853,692.1690104109,59.79249860247504
Nigeria,2011,55.9,2.2,13.0,18980000.0,84.63,19.88,0.0,5.84,22.706066,2095.608,7.06,95000.0,,5.307924204,2487.598017,226,923768.0,9.081999,8.675277,Nigeria,Nigeria,Lower middle income,Sub-Saharan Africa,11.461642696843066,7.819474785507652,661.7621510975126,449.20962538451994,61.144185921189944
Nigeria,2012,53.231243,2.7,12.75,20950000.0,84.57,21.66,0.0,5.64,20.659342,2033.5441,6.84,95339.99634,,4.230061175,2723.822191,226,923768.0,9.081999,8.675277,Nigeria,Nigeria,Lower middle income,Sub-Saharan Africa,11.465215179092297,7.91015845395923,668.962100451332,357.73627356975,62.57060676674268
Nigeria,2013,55.6,3.4,12.42,974050000.0,82.19,22.14,0.0,5.31,19.344261,2546.1362,6.54,108129.9973,,6.671335393,2961.549422,226,923768.0,9.081999,8.675277,Nigeria,Nigeria,Lower middle income,Sub-Saharan Africa,11.59109870905436,7.99380546783588,657.010871401431,548.31705595067,63.900925857602815
Nigeria,2014,54.04823,4.2,12.1,24780000.0,80.64,25.26,0.0,5.34,17.45098,2707.8645,6.3,114830.0018,,6.309718656,3098.985791,226,923768.0,9.081999,8.675277,Nigeria,Nigeria,Lower middle income,Sub-Saharan Africa,11.651216776933172,8.039152806914347,648.2772823495729,508.81571241984,64.62797785291882
Nigeria,2015,52.5,5.4,11.8,46500000.0,82.15,25.1,0.0,5.71,18.532944,2495.8333,6.03,107760.0021,,2.652693295,2687.480056,226,923768.0,9.081999,8.675277,Nigeria,Nigeria,Lower middle income,Sub-Saharan Africa,11.587671110409975,7.896731277959246,648.716474484352,217.91875418425002,62.358364876299866
Nigeria,2016,59.3,6.85,11.51,61810000.0,82.02,23.89,0.0,8.12,25.367075,2488.9058,6.36,110830.0018,,-1.61686895,2176.002772,226,923768.0,9.081999,8.675277,Nigeria,Nigeria,Lower middle income,Sub-Saharan Africa,11.615761813797691,7.685704334545634,630.3814695194329,-132.615591279,59.07005111805355
Nigeria,2017,54.4,8.7,11.21,5202310000.0,82.32,25.06,0.0,7.72,23.550947,2358.808,6.31,108500.0,,0.80588662,1968.565398,226,923768.0,9.081999,8.675277,Nigeria,Nigeria,Lower middle income,Sub-Saharan Africa,11.59451466851004,7.58556818724175,624.4439731737408,66.34058655839999,57.54084472329409
Nigeria,2018,56.5,10.7,10.93,94760000.0,82.28,24.11,0.0,7.74,24.301413,2461.8206,6.16,109889.9994,,1.922757342,2027.778549,226,923768.0,9.081999,8.675277,Nigeria,Nigeria,Lower middle income,Sub-Saharan Africa,11.60724423894871,7.6151891909417415,626.5777666306865,158.20447409976,57.99110641383594
Nigeria,2019,55.4,12.9,10.69,1172580000.0,81.4,23.16,0.0,8.49,26.824644,2482.8318,6.39,115279.9988,,2.208429277,2229.858652,226,923768.0,9.081999,8.675277,Nigeria,Nigeria,Lower middle income,Sub-Saharan Africa,11.655127894758008,7.710141836082987,627.6055454571551,179.76614314780002,59.446287132517135
North Macedonia,2000,100.0,57.55,,,19.38,5.64,0.0,1.17,17.180616,15136.714,5.39,8760.0,11.215344,4.549135783,1861.898065,83,25713.0,41.608635,21.745275,North Macedonia,North Macedonia,Upper middle income,Europe & Central Asia,9.078065332666364,7.529888653592026,145.92924210661346,88.16225147453999,56.69922313549394
North Macedonia,2001,100.0,58.4,,,15.17,5.74,0.0,0.63,9.89011,14134.944,5.37,8920.0,6.3362026,-3.067256625,1823.023561,83,25713.0,41.608635,21.745275,North Macedonia,North Macedonia,Upper middle income,Europe & Central Asia,9.096163326913784,7.508800087765763,113.90849733140662,-46.530283001250005,56.38207875803112
North Macedonia,2002,100.0,59.1,,,14.63,5.33,0.0,0.76,12.479474,13736.116,5.19,8369.999886,7.7906957,1.493665472,1989.135125,83,25713.0,41.608635,21.745275,North Macedonia,North Macedonia,Upper middle income,Europe & Central Asia,9.032528617041612,7.5959578174233515,111.12886286890364,21.85232585536,57.698575164074924
North Macedonia,2003,100.0,60.55,,,17.29,5.36,0.0,1.37,20.356611,15438.576,5.61,9140.000343,12.461908,2.222601657,2440.476943,83,25713.0,41.608635,21.745275,North Macedonia,North Macedonia,Upper middle income,Europe & Central Asia,9.120525105177064,7.800358439672563,134.86819742193862,38.42878264952999,60.845591787370985
North Macedonia,2004,99.42,61.3,,,18.2,5.18,0.0,1.48,22.222223,15211.423,5.27,8840.000153,13.524394,4.67408958,2795.899261,83,25713.0,41.608635,21.745275,North Macedonia,North Macedonia,Upper middle income,Europe & Central Asia,9.08715528871154,7.9362666757496205,144.4400534986431,85.06843035600001,62.98432874861393
North Macedonia,2005,100.0,62.4,,,19.03,5.45,0.0,1.49,21.46974,15711.266,5.34,9229.999542,13.126352,4.724088642,3072.678573,83,25713.0,41.608635,21.745275,North Macedonia,North Macedonia,Upper middle income,Europe & Central Asia,9.130322614374723,8.030630355521483,152.82289566557384,89.89940685726,64.49102390702309
North Macedonia,2006,99.0,63.1,,,19.8,5.36,0.0,1.65,23.537802,15953.717,5.17,9220.000267,14.188615,5.137025162,3362.968419,83,25713.0,41.608635,21.745275,North Macedonia,North Macedonia,Upper middle income,Europe & Central Asia,9.129238799494786,8.120876633117737,160.7933573357312,101.7130982076,65.94863729031768
North Macedonia,2007,100.0,64.7,,,15.71,5.49,0.0,1.01,15.538462,15826.587,5.03,9699.999809,8.696234,6.473486858,4079.391954,83,25713.0,41.608635,21.745275,North Macedonia,North Macedonia,Upper middle income,Europe & Central Asia,9.179984232272592,8.313948329940917,130.61212826337183,101.69847853918002,69.12173683292737
North Macedonia,2008,99.2,65.8,,,15.61,5.47,0.0,0.84,13.312203,15306.128,4.72,9479.999542,7.43891,5.47200139,4841.251694,83,25713.0,41.608635,21.745275,North Macedonia,North Macedonia,Upper middle income,Europe & Central Asia,9.157045026610817,8.485135117559656,132.4529591851062,85.41794169789999,71.99751796324412
North Macedonia,2009,99.2,66.7,,,18.43,5.55,0.0,1.27,18.6217,15049.309,4.39,8869.999886,11.3459015,-0.358614857,4584.709832,83,25713.0,41.608635,21.745275,North Macedonia,North Macedonia,Upper middle income,Europe & Central Asia,9.090542795669725,8.43070018884737,155.37780448045703,-6.6092718145100005,71.07670567423108
North Macedonia,2010,100.0,68.1,,,22.3,4.83,0.0,2.43,33.471073,16308.639,4.33,8640.000343,19.909607,3.358750858,4577.688755,83,25713.0,41.608635,21.745275,North Macedonia,North Macedonia,Upper middle income,Europe & Central Asia,9.064273635535878,8.42916793808219,187.97044501923284,74.9001441334,71.05087212839275
North Macedonia,2011,99.726166,68.9,,,18.62,5.33,0.0,1.43,21.153845,16243.486,4.62,9520.000458,11.702621,2.339886045,5098.097583,83,25713.0,41.608635,21.745275,North Macedonia,North Macedonia,Upper middle income,Europe & Central Asia,9.16125521238988,8.536818858546086,158.95556714612812,43.5686781579,72.8772762236281
North Macedonia,2012,100.0,69.8,,,18.27,5.22,0.0,1.04,16.613419,15064.223,4.42,9050.000191,9.123692,-0.456183224,4728.308142,83,25713.0,41.608635,21.745275,North Macedonia,North Macedonia,Upper middle income,Europe & Central Asia,9.11063054892981,8.461534200597177,154.5922298449104,-8.334467502479999,71.5975610278757
North Macedonia,2013,100.0,71.0,,,21.16,4.5,0.0,1.59,26.108374,14376.997,3.99,8140.000343,14.412972,2.925257665,5241.058345,83,25713.0,41.608635,21.745275,North Macedonia,North Macedonia,Upper middle income,Europe & Central Asia,9.004668343706394,8.564469514115192,181.22417491867748,61.898452191400004,73.35013805820851
North Macedonia,2014,100.0,72.3,,,21.19,4.09,0.0,1.29,23.977695,13282.878,3.74,7699.999809,12.513251,3.629123513,5495.735049,83,25713.0,41.608635,21.745275,North Macedonia,North Macedonia,Upper middle income,Europe & Central Asia,8.949105444737276,8.611909567499477,182.48636373531394,76.90112724047,74.16498639878904
North Macedonia,2015,100.0,73.1,,,23.91,3.62,0.0,2.03,35.929203,13986.548,3.55,7409.999847,18.564972,3.85586514,4861.553971,83,25713.0,41.608635,21.745275,North Macedonia,North Macedonia,Upper middle income,Europe & Central Asia,8.910720641306371,8.48931908729955,202.97961937733226,92.1937354974,72.06853856598848
North Macedonia,2016,100.0,74.2,,,21.37,3.56,0.0,2.07,36.76732,14496.338,3.49,7300.000191,18.146008,2.848205194,5149.589074,83,25713.0,41.608635,21.745275,North Macedonia,North Macedonia,Upper middle income,Europe & Central Asia,8.895766630216885,8.546866370417481,182.64653433582157,60.866144995780004,73.04892475377329
North Macedonia,2017,100.0,75.45,,,19.0,4.31,0.0,1.29,23.035715,13935.601,3.51,7789.999962,11.811469,1.081772738,5450.492881,83,25713.0,41.608635,21.745275,North Macedonia,North Macedonia,Upper middle income,Europe & Central Asia,8.960724495453436,8.603644773266469,163.4692506920629,20.553682022,74.02270338455543
North Macedonia,2018,99.8,76.8,,,20.87,3.65,0.0,1.96,34.93761,13911.034,3.23,7300.000191,17.787132,2.88059671,6108.740108,83,25713.0,41.608635,21.745275,North Macedonia,North Macedonia,Upper middle income,Europe & Central Asia,8.895766630216885,8.717639515745432,181.9371366936072,60.1180533377,75.99723872648626
North Macedonia,2019,100.0,77.3,,,16.32,4.53,0.0,1.34,22.82794,14689.626,3.39,8300.000191,11.504865,3.910419538,6070.388054,83,25713.0,41.608635,21.745275,North Macedonia,North Macedonia,Upper middle income,Europe & Central Asia,9.024131291464311,8.711342532376104,142.16911012837804,63.81804686016,75.88748871638492
Norway,2000,100.0,100.0,,,60.18,0.32,0.0,142.11,99.77533,129255.24,4.27,34290.0,72.39789,3.204979222,38131.46061,15,323802.0,60.472024,8.468946,Norway,Norway,High income,Europe & Central Asia,10.442638208053022,10.548821182896436,634.8280587867075,192.87564957996,111.27762834872456
Norway,2001,100.0,100.0,,,59.59,0.42,0.0,120.74,99.65335,116303.484,4.3,34720.0,67.58246,2.074790394,38542.7151,15,323802.0,60.472024,8.468946,Norway,Norway,High income,Europe & Central Asia,10.45509997020284,10.559548333274824,629.2434851798469,123.63675957846,111.50406100276712
Norway,2002,100.0,100.0,,,59.47,0.42,0.0,129.7,99.67722,120364.25,3.94,34369.99893,69.30982,1.44625414,43084.47247,15,323802.0,60.472024,8.468946,Norway,Norway,High income,Europe & Central Asia,10.44496843343084,10.670941153611189,634.6008704052574,86.0087337058,113.86898510383288
Norway,2003,100.0,100.0,,,56.23,0.56,0.0,106.03,99.474625,105588.055,4.23,37169.99817,63.816036,0.910105664,50134.89077,15,323802.0,60.472024,8.468946,Norway,Norway,High income,Europe & Central Asia,10.523284117114212,10.822492413228131,608.5487483958178,51.17524148672,117.12634203438046
Norway,2004,100.0,100.0,,,56.85,0.59,0.0,109.39,99.46354,106903.02,4.3,37340.00015,64.23876,3.96941456,57603.83602,15,323802.0,60.472024,8.468946,Norway,Norway,High income,Europe & Central Asia,10.52784720168612,10.961361801840205,623.1534184346157,225.66121773600003,120.15145255084154
Norway,2005,100.0,100.0,,,58.56,0.58,0.0,136.52,99.57695,121278.375,4.28,36349.99847,69.73603,2.625419938,66810.47852,15,323802.0,60.472024,8.468946,Norway,Norway,High income,Europe & Central Asia,10.500976950810005,11.10963017889468,650.5799432760724,153.74459156928,123.42388271180744
Norway,2006,100.0,100.0,,,57.02,0.69,0.0,120.4,99.430176,110179.18,4.21,37200.00076,66.73525,2.399828426,74148.32008,15,323802.0,60.472024,8.468946,Norway,Norway,High income,Europe & Central Asia,10.52409094204992,11.213836178002797,639.4129388697195,136.83821685052,125.75012182708439
Norway,2007,100.0,100.0,,,57.36,1.0,0.0,134.94,99.26438,117053.125,3.83,37750.0,69.2405,2.994287714,85139.96045,15,323802.0,60.472024,8.468946,Norway,Norway,High income,Europe & Central Asia,10.53876724439254,11.352063520150086,651.1543635158089,171.75234327504,128.86934616552236
Norway,2008,100.0,100.0,,,58.45,0.67,0.0,140.35,99.524895,118381.93,4.44,36869.99893,69.89543,0.476345013,96944.09561,15,323802.0,60.472024,8.468946,Norway,Norway,High income,Europe & Central Asia,10.51518058416196,11.481900072593925,671.1170592431149,27.84236600985,131.83402927703239
Norway,2009,100.0,100.0,,,56.72,4.41,0.0,126.49,96.63102,107938.016,4.44,37430.00031,67.78923,-1.727020309,79977.69708,15,323802.0,60.472024,8.468946,Norway,Norway,High income,Europe & Central Asia,10.530254525361036,11.289515591695473,640.3413243609672,-97.95659192648,127.45316229513519
Norway,2010,100.0,100.0,,,56.37,5.12,0.0,117.97,95.84045,102332.45,4.57,41409.99985,65.47019,0.701833824,87693.79007,15,323802.0,60.472024,8.468946,Norway,Norway,High income,Europe & Central Asia,10.631301821382149,11.381617770324272,641.5817937131792,39.56237265888,129.54122306976126
Norway,2011,100.0,100.0,,,56.71,4.31,0.0,121.9,96.58506,102448.8,3.89,39599.99847,66.30012,0.981434479,100600.5624,15,323802.0,60.472024,8.468946,Norway,Norway,High income,Europe & Central Asia,10.586609610813596,11.518923067342284,653.2381271489809,55.657149304090005,132.68558863135016
Norway,2012,100.0,100.0,,,58.0,2.95,0.0,143.6,97.98704,111982.734,4.14,38490.00168,70.095116,2.703109471,101524.1419,15,323802.0,60.472024,8.468946,Norway,Norway,High income,Europe & Central Asia,10.55817977036109,11.528061750238821,668.6275815138516,156.780349318,132.89620771731936
Norway,2013,100.0,100.0,,,57.42,2.85,0.0,130.42,97.86148,103711.92,4.37,39500.0,67.50864,1.034072914,102913.4508,15,323802.0,60.472024,8.468946,Norway,Norway,High income,Europe & Central Asia,10.584081267024454,11.541653347336167,662.7217352040427,59.37646672188,133.20976199007615
Norway,2014,100.0,100.0,,,56.9,3.0,0.0,137.94,97.87143,105633.75,3.77,39110.00061,68.88728,1.969544301,97019.18275,15,323802.0,60.472024,8.468946,Norway,Norway,High income,Europe & Central Asia,10.574159051927523,11.482674305429674,653.3641679789484,112.0670707269,131.85180920457483
Norway,2015,100.0,100.0,,,58.12,2.99,0.0,140.07,97.90997,105580.38,3.77,39490.00168,68.87519,1.967128438,74355.51586,15,323802.0,60.472024,8.468946,Norway,Norway,High income,Europe & Central Asia,10.583828119367963,11.216626585708063,651.9103371613526,114.32950481656,125.81271196321292
Norway,2016,100.0,100.0,,,59.39,2.97,0.0,145.16,97.995,106194.95,3.57,38759.99832,69.86629,1.071558977,70460.56053,15,323802.0,60.472024,8.468946,Norway,Norway,High income,Europe & Central Asia,10.565169822122959,11.16282259939337,662.9600341779723,63.639887644030004,124.60860838552738
Norway,2017,100.0,100.0,,,61.09,2.93,0.0,145.48,98.025734,105901.33,3.68,37720.00122,69.260994,2.323290208,75496.75406,15,323802.0,60.472024,8.468946,Norway,Norway,High income,Europe & Central Asia,10.537972279873383,11.23185818724498,686.1542166587958,141.92979880672002,126.15463833838207
Norway,2018,100.0,100.0,,,60.75,2.96,0.0,143.06,97.97288,103558.19,3.66,37590.00015,68.85805,1.118828479,82267.80932,15,323802.0,60.472024,8.468946,Norway,Norway,High income,Europe & Central Asia,10.53451994301459,11.31774732722489,687.5531501289121,67.96883009925,128.09140456290612
Norway,2019,100.0,100.0,,,62.37,2.76,0.0,131.07,97.93769,96392.5,3.33,35950.00076,67.08509,0.745798219,75719.7529,15,323802.0,60.472024,8.468946,Norway,Norway,High income,Europe & Central Asia,10.48991220031389,11.234807548485659,700.7149467990505,46.51543491903,126.22090065151033
Oman,2000,100.0,100.0,0.0,,0.0,8.56,0.0,0.0,0.0,47317.117,4.09,25110.0,0.0,6.55106665,8601.271944,16,309500.0,21.4735329,55.975413,Oman,Oman,High income,"Middle East, North Africa, Afghanistan & Pakistan",10.131061276129653,9.059781626887213,0.0,0.0,82.07964312688313
Oman,2001,100.0,100.0,0.0,,0.0,9.15,0.0,0.0,0.0,51864.105,3.98,28030.0,0.0,4.482802305,8475.968643,16,309500.0,21.4735329,55.975413,Oman,Oman,High income,"Middle East, North Africa, Afghanistan & Pakistan",10.24106631958382,9.045108193533498,0.0,0.0,81.81398223272681
Oman,2002,100.0,100.0,0.0,,0.0,9.71,0.0,0.0,0.0,55331.734,4.28,29969.99931,0.0,-1.100904852,8626.965234,16,309500.0,21.4735329,55.975413,Oman,Oman,High income,"Middle East, North Africa, Afghanistan & Pakistan",10.307985503431832,9.062763978061893,0.0,-0.0,82.13369092205623
Oman,2003,100.0,100.0,0.0,,0.0,10.07,0.0,0.0,0.0,56736.633,4.57,31700.00076,0.0,-2.668591392,9066.312371,16,309500.0,21.4735329,55.975413,Oman,Oman,High income,"Middle East, North Africa, Afghanistan & Pakistan",10.364103529083147,9.112431178469848,0.0,-0.0,83.03640198234937
Oman,2004,100.0,100.0,0.0,,0.0,10.81,0.0,0.0,0.0,51916.52,4.71,31260.00023,0.0,1.292205511,10126.13774,16,309500.0,21.4735329,55.975413,Oman,Oman,High income,"Middle East, North Africa, Afghanistan & Pakistan",10.350126600584492,9.222974004503737,0.0,0.0,85.06324948775169
Oman,2005,100.0,100.0,0.0,,0.0,11.89,0.0,0.0,0.0,61629.492,5.18,31010.00023,0.0,2.490221285,12377.08001,16,309500.0,21.4735329,55.975413,Oman,Oman,High income,"Middle East, North Africa, Afghanistan & Pakistan",10.342097266653317,9.423682446165959,0.0,0.0,88.80579084617642
Oman,2006,100.0,100.0,0.0,,0.0,13.26,0.0,0.0,0.0,66495.54,7.66,39189.99863,0.0,5.371888955,14420.51204,16,309500.0,21.4735329,55.975413,Oman,Oman,High income,"Middle East, North Africa, Afghanistan & Pakistan",10.576202372624573,9.576476262484672,0.0,0.0,91.70889760593239
Oman,2007,100.0,100.0,0.0,,0.0,13.32,0.0,0.0,0.0,66225.37,8.4,42259.99832,0.0,4.452683741,15838.46956,16,309500.0,21.4735329,55.975413,Oman,Oman,High income,"Middle East, North Africa, Afghanistan & Pakistan",10.651619914175452,9.670260177433965,0.0,0.0,93.51393189926519
Oman,2008,100.0,100.0,0.0,,0.0,14.88,0.0,0.0,0.0,75738.22,6.83,41310.00137,0.0,8.200078184,22139.74071,16,309500.0,21.4735329,55.975413,Oman,Oman,High income,"Middle East, North Africa, Afghanistan & Pakistan",10.62888412047465,10.005174661439222,0.0,0.0,100.10352000590545
Oman,2009,100.0,100.0,0.0,,0.0,16.75,0.0,0.0,0.0,73844.125,6.56,43590.00015,0.0,6.112395466,16823.79498,16,309500.0,21.4735329,55.975413,Oman,Oman,High income,"Middle East, North Africa, Afghanistan & Pakistan",10.682605989451897,9.73060896900035,0.0,0.0,94.68475090759006
Oman,2010,100.0,100.0,0.0,,0.0,18.63,0.0,0.0,0.0,82213.055,7.55,47080.00183,0.0,1.713985263,21369.35297,16,309500.0,21.4735329,55.975413,Oman,Oman,High income,"Middle East, North Africa, Afghanistan & Pakistan",10.75962484045962,9.969759865256806,0.0,0.0,99.39611177088541
Oman,2011,100.0,100.0,0.0,,0.0,20.56,0.0,0.0,0.0,80976.87,8.72,53619.99893,0.0,2.894609735,23837.31094,16,309500.0,21.4735329,55.975413,Oman,Oman,High income,"Middle East, North Africa, Afghanistan & Pakistan",10.88969604141873,10.079049268837103,0.0,0.0,101.58723416364575
Oman,2012,100.0,100.0,0.0,,0.0,23.52,0.0,0.0,0.0,80129.0,8.63,60549.99924,0.0,8.863122256,24988.01259,16,309500.0,21.4735329,55.975413,Oman,Oman,High income,"Middle East, North Africa, Afghanistan & Pakistan",11.011241251570091,10.126191510843489,0.0,0.0,102.53975451427874
Oman,2013,100.0,100.0,0.19,,0.0,24.67,0.0,0.0,0.0,83183.34,8.41,63009.99832,0.00102797,5.227704081,23888.62658,16,309500.0,21.4735329,55.975413,Oman,Oman,High income,"Middle East, North Africa, Afghanistan & Pakistan",11.0510645666449,10.081199609389824,0.0,0.0,101.63058556436154
Oman,2014,100.0,100.0,0.17,,0.0,27.38,0.0,0.0,0.0,78766.81,8.28,66389.99939,0.001023664,1.292252294,23017.93398,16,309500.0,21.4735329,55.975413,Oman,Oman,High income,"Middle East, North Africa, Afghanistan & Pakistan",11.103316774921188,10.044072372776151,0.0,0.0,100.88338982956515
Oman,2015,100.0,100.0,0.52,,0.0,30.79,0.0,0.0,0.0,80343.99,8.21,70129.99725,0.002971764,5.017057997,18444.927,16,309500.0,21.4735329,55.975413,Oman,Oman,High income,"Middle East, North Africa, Afghanistan & Pakistan",11.158120161449816,9.822598866290273,0.0,0.0,96.48344848804695
Oman,2016,100.0,100.0,0.49,,0.0,32.17,0.0,0.0,0.0,76792.23,7.56,72129.99725,0.003337541,5.046423946,16772.73921,16,309500.0,21.4735329,55.975413,Oman,Oman,High income,"Middle East, North Africa, Afghanistan & Pakistan",11.186239151133462,9.72756980014795,0.0,0.0,94.62561421675044
Oman,2017,100.0,100.0,1.76,,0.0,33.96,0.0,0.02,0.058858152,77804.74,8.07,71930.00031,0.011463476,0.304057566,17329.18546,16,309500.0,21.4735329,55.975413,Oman,Oman,High income,"Middle East, North Africa, Afghanistan & Pakistan",11.183462609479566,9.760205084325788,0.0,0.0,95.26160328809897
Oman,2018,100.0,100.0,1.72,,0.0,35.45,0.0,0.02,0.056385677,81662.58,7.79,75599.99847,0.010915677,1.287103915,18947.3665,16,309500.0,21.4735329,55.975413,Oman,Oman,High income,"Middle East, North Africa, Afghanistan & Pakistan",11.233224769355541,9.849473006267388,0.0,0.0,97.01211850118995
Oman,2019,100.0,100.0,11.81,,0.0,36.03,0.0,0.02,0.055478502,81070.86,7.23,76029.99878,0.017586906,-1.129206457,17700.70349,16,309500.0,21.4735329,55.975413,Oman,Oman,High income,"Middle East, North Africa, Afghanistan & Pakistan",11.23889641479278,9.781416156303802,0.0,-0.0,95.67610202280105
Pakistan,2000,70.3106,23.7,36.36,40000.0,51.05,45.23,0.38,17.79,28.659306,3133.7341,5.77,98370.0,11.344158,4.260088011,576.1955804,287,796095.0,30.375321,69.345116,Pakistan,Pakistan,Lower middle income,"Middle East, North Africa, Afghanistan & Pakistan",11.496501324156059,6.358181169905744,324.5851487236882,217.47749296154998,40.426467789343974
Pakistan,2001,70.361534,24.4,36.4,360220000.0,51.54,47.33,1.98,19.54,31.256355,3109.8933,5.66,99840.0,11.41505,3.554418216,544.4942514,287,796095.0,30.375321,69.345116,Pakistan,Pakistan,Lower middle income,"Middle East, North Africa, Afghanistan & Pakistan",11.511334199578735,6.301692266995783,324.78921944096265,183.19471485264,39.71132542791445
Pakistan,2002,70.40488,25.6,35.57,180000.0,51.39,47.69,1.8,22.95,34.166206,3148.9678,5.61,102330.0018,12.188603,2.508337724,534.3039007,287,796095.0,30.375321,69.345116,Pakistan,Pakistan,Lower middle income,"Middle East, North Africa, Afghanistan & Pakistan",11.535967953928317,6.282834624314687,322.87487134353177,128.90347563636,39.47401091648748
Pakistan,2003,70.44299,26.7,38.54,2780000.0,50.09,48.18,1.81,27.49,37.816208,3355.3328,5.55,105660.0037,13.333745,5.777033992,599.3763305,287,796095.0,30.375321,69.345116,Pakistan,Pakistan,Lower middle income,"Middle East, North Africa, Afghanistan & Pakistan",11.567991170010686,6.397556676097461,320.45361390572185,289.37163265928,40.9287314238792
Pakistan,2004,70.47822,27.65,43.25,40000.0,47.93,52.87,1.93,26.34,34.841015,3651.1396,5.53,118650.0015,12.676343,7.546860015,687.8364127,287,796095.0,30.375321,69.345116,Pakistan,Pakistan,Lower middle income,"Middle East, North Africa, Afghanistan & Pakistan",11.683941702620533,6.535003815682589,313.22273288566646,361.72100051895,42.70627487098599
Pakistan,2005,70.5129,28.8,42.28,4070000.0,47.96,55.7,2.41,31.52,37.85563,3707.498,5.38,121669.9982,13.59751,6.518778074,748.9225893,287,796095.0,30.375321,69.345116,Pakistan,Pakistan,Lower middle income,"Middle East, North Africa, Afghanistan & Pakistan",11.709075944906632,6.619969986936731,317.4937605734856,312.64059642904,43.8240026279431
Pakistan,2006,70.54947,30.2,41.23,6820000.0,47.04,59.1,2.55,32.66,37.334324,3826.2024,5.3,132479.9957,12.633492,5.898984441,836.8605262,287,796095.0,30.375321,69.345116,Pakistan,Pakistan,Lower middle income,"Middle East, North Africa, Afghanistan & Pakistan",11.794194485442292,6.730851650114476,316.61926162138496,277.48822810464,45.30436393584877
Pakistan,2007,70.590546,31.5,40.51,122690000.0,44.85,58.94,2.31,29.53,35.073807,3981.9287,5.35,146259.9945,12.365368,4.832817277,908.0950852,287,796095.0,30.375321,69.345116,Pakistan,Pakistan,Lower middle income,"Middle East, North Africa, Afghanistan & Pakistan",11.8931479383369,6.812449692887261,305.5383687259937,216.75185487345001,46.40947081811974
Pakistan,2008,70.63886,32.8,40.33,138060000.0,46.63,57.32,1.74,28.67,34.66317,3915.401,5.17,142160.0037,10.553434,1.701405465,990.8466112,287,796095.0,30.375321,69.345116,Pakistan,Pakistan,Lower middle income,"Middle East, North Africa, Afghanistan & Pakistan",11.86471552315814,6.8995684695226185,321.72687773383973,79.33653683295,47.604045065630686
Pakistan,2009,70.69711,33.9,39.48,118640000.0,46.43,60.55,2.64,29.05,34.35603,3879.5596,5.1,145139.9994,10.885857,2.831658519,957.9956753,287,796095.0,30.375321,69.345116,Pakistan,Pakistan,Lower middle income,"Middle East, North Africa, Afghanistan & Pakistan",11.885460958573889,6.8658865652799435,318.7831132259478,131.47390503717,47.14039832729162
Pakistan,2010,70.76802,35.7,39.08,264760000.0,47.4,59.31,2.56,32.6,37.218163,3809.4282,5.1,140619.9951,11.174628,1.606688629,987.409712,287,796095.0,30.375321,69.345116,Pakistan,Pakistan,Lower middle income,"Middle East, North Africa, Afghanistan & Pakistan",11.853823572246391,6.896097300047565,326.87501202225457,76.1570410146,47.55615797172331
Pakistan,2011,70.85428,36.9,38.31,253790000.0,46.76,61.62,3.84,29.37,35.02056,3727.3542,5.0,141699.9969,11.411279,2.748405917,1164.978823,287,796095.0,30.375321,69.345116,Pakistan,Pakistan,Lower middle income,"Middle East, North Africa, Afghanistan & Pakistan",11.861474460939839,7.06131620465288,330.18714572956867,128.51546067892,49.862186542093355
Pakistan,2012,70.95861,38.2,38.13,1386720000.0,47.2,62.13,5.27,30.7,36.666668,3401.6624,4.89,143809.9976,4.3177876,3.50703342,1198.117637,287,796095.0,30.375321,69.345116,Pakistan,Pakistan,Lower middle income,"Middle East, North Africa, Afghanistan & Pakistan",11.876255199787037,7.089341262808617,334.61690760456673,165.53197742400002,50.258759540560874
Pakistan,2013,71.08277,39.6,39.54,244730000.0,48.13,67.27,4.4,33.26,35.890594,3661.0076,4.8,146059.9976,11.522516,4.396456633,1208.91771,287,796095.0,30.375321,69.345116,Pakistan,Pakistan,Lower middle income,"Middle East, North Africa, Afghanistan & Pakistan",11.891779605220611,7.098307628013657,341.64154613629734,211.60145774629,50.38597118191687
Pakistan,2014,71.22474,41.0,40.52,552100000.0,47.22,68.28,4.58,34.48,36.38905,3725.9507,4.79,154240.0055,11.496394,4.674707981,1251.175719,287,796095.0,30.375321,69.345116,Pakistan,Pakistan,Lower middle income,"Middle East, North Africa, Afghanistan & Pakistan",11.946271628884327,7.132637892450792,336.8031612815264,220.73971086282,50.874523304824876
Pakistan,2015,71.381546,42.1,40.74,1232650000.0,45.88,71.17,4.33,36.82,36.636395,3867.1926,4.71,164130.0049,11.174579,4.731147475,1356.667831,287,796095.0,30.375321,69.345116,Pakistan,Pakistan,Lower middle income,"Middle East, North Africa, Afghanistan & Pakistan",12.008420198292994,7.213523676578757,330.9564662814334,217.06504615300003,52.034923832562306
Pakistan,2016,71.550224,43.3,43.22,903830000.0,43.69,82.57,5.44,35.64,33.222805,4163.3916,4.68,181110.0006,11.086973,5.526735845,1368.426961,287,796095.0,30.375321,69.345116,Pakistan,Pakistan,Lower middle income,"Middle East, North Africa, Afghanistan & Pakistan",12.106865385262491,7.222147654677759,315.53563103287127,241.46308906804998,52.15941674596745
Pakistan,2017,70.79,44.8,44.33,3386850000.0,42.09,91.08,8.11,32.39,30.779753,4348.8296,4.65,198830.0018,9.67495,5.554277437,1464.926195,287,796095.0,30.375321,69.345116,Pakistan,Pakistan,Lower middle income,"Middle East, North Africa, Afghanistan & Pakistan",12.200210505714512,7.29024253670451,306.8463083698929,233.77953732333,53.14763624397581
Pakistan,2018,72.783104,46.3,57.47,99120000.0,43.3,87.95,9.29,42.66,37.133667,4419.1685,4.48,187309.9976,9.416381,5.836417498,1482.213067,287,796095.0,30.375321,69.345116,Pakistan,Pakistan,Lower middle income,"Middle East, North Africa, Afghanistan & Pakistan",12.140525603206031,7.301966004778176,316.175128006895,252.7168776634,53.31870753493616
Pakistan,2019,74.12769,47.8,56.71,302840000.0,43.36,86.44,9.07,40.52,36.455193,4400.1157,4.59,190570.0073,11.015738,1.144749605,1288.556325,287,796095.0,30.375321,69.345116,Pakistan,Pakistan,Lower middle income,"Middle East, North Africa, Afghanistan & Pakistan",12.157780145830234,7.1620535040882904,310.54663993726825,49.63634287279999,51.29501039542336
Panama,2000,81.40141,80.0,206.02,,27.67,1.36,0.0,3.4,71.428566,22342.99,2.27,5280.0,,2.715374155,4060.317793,58,75420.0,8.537981,-80.782127,Panama,Panama,High income,Latin America & Caribbean,8.571870752706934,8.309262779487879,229.91730110842963,75.13440286885,69.04384793858263
Panama,2001,81.45625,80.9,202.12,230000.0,24.04,2.43,0.0,2.51,50.809715,22268.62,2.58,6220.0,,0.574272791,4046.429148,58,75420.0,8.537981,-80.782127,Panama,Panama,High income,Latin America & Caribbean,8.73568594451502,8.305837180271952,199.67232581373773,13.805517895639998,68.98693126518793
Panama,2002,82.20092,81.6,226.25,,28.71,1.75,0.0,3.4,66.01942,21577.676,2.29,5409.999847,,2.229149417,4126.232386,58,75420.0,8.537981,-80.782127,Panama,Panama,High income,Latin America & Caribbean,8.596189169367,8.32536233686612,239.0211526914263,63.99887976207,69.3116580401089
Panama,2003,87.8,82.5,263.2,,27.45,2.55,0.0,2.84,52.690166,21345.66,2.2,5530.00021,,4.205495945,4267.292687,58,75420.0,8.537981,-80.782127,Panama,Panama,High income,Latin America & Caribbean,8.618123947962495,8.35896918715563,229.45370418742203,115.44086369025,69.87236587181725
Panama,2004,83.6769,83.0,262.32,,28.21,1.83,0.0,3.77,67.32143,21352.857,2.03,5610.000134,,7.522079658,4592.152614,58,75420.0,8.537981,-80.782127,Panama,Panama,High income,Latin America & Caribbean,8.632484259632633,8.432321911293911,237.87580111760124,212.19786715218,71.1040528156874
Panama,2005,84.41291,83.7,257.57,,22.77,1.95,0.0,3.72,65.60847,20928.799,2.14,7119.999886,,7.191279402,4916.907612,58,75420.0,8.537981,-80.782127,Panama,Panama,High income,Latin America & Caribbean,8.870803427973136,8.500638436914446,193.55953720854194,163.74543198354,72.26085383514729
Panama,2006,85.150795,84.1,253.08,0.0,22.09,2.28,0.0,3.58,61.092148,22302.521,2.1,7489.999771,,8.652465611,5348.884253,58,75420.0,8.537981,-80.782127,Panama,Panama,High income,Latin America & Caribbean,8.921457548377864,8.584830204702742,189.63889922188358,191.13296534699,73.69930964357653
Panama,2007,85.893196,84.9,248.6,,22.79,2.65,0.0,3.67,58.06962,20661.121,1.87,7480.000019,,11.98398555,6166.187871,58,75420.0,8.537981,-80.782127,Panama,Panama,High income,Latin America & Caribbean,8.920121754412172,8.726998238448346,198.8882898542378,273.11503068449997,76.16049825388053
Panama,2008,86.64284,85.4,253.35,10000.0,23.36,2.25,0.0,3.99,63.94231,23762.428,1.63,7300.000191,,9.855654653,7154.274501,58,75420.0,8.537981,-80.782127,Panama,Panama,High income,Latin America & Caribbean,8.895766630216885,8.875605056174273,207.334134112231,230.22809269408,78.77636511318632
Panama,2009,87.40241,85.9,251.18,10000.0,20.37,2.82,0.0,3.92,58.16024,22608.205,1.77,8699.999809,,1.242992565,7576.140457,58,75420.0,8.537981,-80.782127,Panama,Panama,High income,Latin America & Caribbean,9.071193218614525,8.932891159043445,181.96299290971498,25.31975854905,79.79654445931654
Panama,2010,86.85,86.4,262.84,2050000.0,20.65,2.95,0.0,4.2,58.741253,25191.672,1.85,9189.99958,,5.827993127,8082.016175,58,75420.0,8.537981,-80.782127,Panama,Panama,High income,Latin America & Caribbean,9.125979977661231,8.99752037084529,185.79879565795522,120.34805807254999,80.95537282377597
Panama,2011,88.96222,86.9,372.93,43030000.0,19.73,3.42,0.0,4.14,54.761906,24962.39,1.85,9989.999771,,11.31362625,9358.26813,58,75420.0,8.537981,-80.782127,Panama,Panama,High income,Latin America & Caribbean,9.20943994381239,9.144122375175227,180.41353446220722,223.21784591250002,83.61497401218024
Panama,2012,89.76787,87.0,397.7,,21.25,2.94,0.0,5.42,64.832535,27223.264,1.74,10460.00004,,9.778827513,10722.26147,58,75420.0,8.537981,-80.782127,Panama,Panama,High income,Latin America & Caribbean,9.255409339167487,9.280170629957178,197.20362588659003,207.80008465125,86.12156692111981
Panama,2013,89.1,87.1,403.56,1810000.0,20.71,3.47,0.0,5.2,59.976933,26325.066,1.58,10250.0,,6.903436769,11889.09507,58,75420.0,8.537981,-80.782127,Panama,Panama,High income,Latin America & Caribbean,9.235130540783402,9.383460985447647,194.33147700862077,142.97017548599,88.04934006541812
Panama,2014,91.43664,87.6,439.55,156490000.0,19.78,3.16,0.0,5.19,62.155685,26454.377,1.58,10760.00023,,5.06661313,12796.07403,58,75420.0,8.537981,-80.782127,Panama,Panama,High income,Latin America & Caribbean,9.283683787573871,9.45697183237046,187.0589028442877,100.2176077114,89.4343162382483
Panama,2015,92.29477,87.5,517.33,65060000.0,21.9,2.66,0.0,6.69,71.5508,28399.344,1.51,10699.99981,,5.73269026,13630.30114,58,75420.0,8.537981,-80.782127,Panama,Panama,High income,Latin America & Caribbean,9.27809245627165,9.520123981616447,208.49071519740016,125.545916694,90.63276062534858
Panama,2016,93.16477,87.7,535.98,366660000.0,22.1,2.76,0.0,7.24,72.4,29494.584,1.49,10770.00046,,4.953434937,14343.98026,58,75420.0,8.537981,-80.782127,Panama,Panama,High income,Latin America & Caribbean,9.28461265905804,9.571155352325288,211.5225332863889,109.4709121077,91.607014778345
Panama,2017,93.7,87.9,542.18,101570000.0,23.6,2.73,0.0,7.9,74.31797,31180.088,1.42,10130.00011,,5.591328274,15146.40851,58,75420.0,8.537981,-80.782127,Panama,Panama,High income,Latin America & Caribbean,9.223355319911441,9.625584740860319,227.16379988430353,131.95534726640003,92.651881603483
Panama,2018,94.92852,87.6,543.93,350000.0,24.44,1.9,0.0,8.74,82.14285,31255.303,1.39,10060.00042,,3.685344349,15544.99908,58,75420.0,8.537981,-80.782127,Panama,Panama,High income,Latin America & Caribbean,9.216421884037404,9.651558590610954,235.88409195453173,90.06981588956,93.15258322799609
Panama,2019,95.81633,87.6,540.69,90010000.0,18.91,4.15,0.0,6.24,60.057747,27875.5,1.54,13340.00015,,2.979715461,15774.25494,58,75420.0,8.537981,-80.782127,Panama,Panama,High income,Latin America & Caribbean,9.49859729042234,9.66619784829309,182.78780131122232,56.34641936751,93.43538084234595
Papua New Guinea,2000,7.577014,5.6,36.37,,66.38,1.14,0.0,0.97,45.971565,2747.3433,5.88,2830.0,,-2.494841993,602.1864903,20,462840.0,-6.314993,143.95555,Papua New Guinea,Papua New Guinea,Lower middle income,East Asia & Pacific,7.9483852851118995,6.402226419725429,424.97978974137396,-165.60761149534,40.98850312943029
Papua New Guinea,2001,9.882184,5.7,35.65,,63.44,1.59,0.0,1.0,38.61004,3037.2134,6.32,3390.0,,-0.121288606,515.6847804,20,462840.0,-6.314993,143.95555,Papua New Guinea,Papua New Guinea,Lower middle income,East Asia & Pacific,8.128880142125638,6.2474329794693455,396.3371482175353,-7.69454916464,39.030418832961224
Papua New Guinea,2002,12.1797695,5.9,34.92,,62.49,1.76,0.0,1.0,36.231884,3073.6719,6.57,3609.999895,,-0.158900533,491.8343081,20,462840.0,-6.314993,143.95555,Papua New Guinea,Papua New Guinea,Lower middle income,East Asia & Pacific,8.19173999219964,6.200173028505455,387.44881255130593,-9.929694307170001,38.44214558340651
Papua New Guinea,2003,14.47212,6.1,35.22,,60.4,2.03,0.0,1.07,34.516132,3376.0618,6.78,4079.999924,,2.164102502,568.2463486,20,462840.0,-6.314993,143.95555,Papua New Guinea,Papua New Guinea,Lower middle income,East Asia & Pacific,8.314097316782918,6.344313290518358,383.19652274730885,130.7117911208,40.25031112824788
Papua New Guinea,2004,16.761583,6.1,34.5,10000.0,57.48,2.14,0.0,1.04,32.704403,3651.7664,6.98,4949.999809,,2.721175741,618.0367032,20,462840.0,-6.314993,143.95555,Papua New Guinea,Papua New Guinea,Lower middle income,East Asia & Pacific,8.507344816783357,6.428164565272475,369.49089921186186,156.41318159268,41.32129967822466
Papua New Guinea,2005,19.050512,6.5,38.37,,58.56,2.05,0.0,1.28,38.43844,3417.0745,6.76,4929.999828,,6.344795923,749.1865116,20,462840.0,-6.314993,143.95555,Papua New Guinea,Papua New Guinea,Lower middle income,East Asia & Pacific,8.503297051342763,6.620321857747413,387.6860479896885,371.55124925088006,43.82866150016816
Papua New Guinea,2006,12.4,6.7,37.5,,58.86,2.0,0.0,1.25,38.46154,3393.2031,6.51,4780.00021,,5.409944091,1256.979648,20,462840.0,-6.314993,143.95555,Papua New Guinea,Papua New Guinea,Lower middle income,East Asia & Pacific,8.472405052549968,7.137262259069106,420.0992565688076,318.42930919625996,50.940512554732244
Papua New Guinea,2007,23.636633,6.9,40.72,30000.0,57.13,2.0,0.0,1.34,40.119762,3544.4324,7.55,5050.000191,,7.815189229,1401.949447,20,462840.0,-6.314993,143.95555,Papua New Guinea,Papua New Guinea,Lower middle income,East Asia & Pacific,8.527341560282347,7.2463320473791635,413.9829498667716,446.48176065277,52.5093281408743
Papua New Guinea,2008,25.939186,7.1,40.89,30000.0,56.93,1.94,0.0,1.34,40.85366,3056.953,6.73,4760.000229,,-0.296457846,1672.951024,20,462840.0,-6.314993,143.95555,Papua New Guinea,Papua New Guinea,Lower middle income,East Asia & Pacific,8.468213057293656,7.422941993751657,422.5880877042818,-16.87734517278,55.100067842601824
Papua New Guinea,2009,17.2,7.4,41.04,,56.02,2.03,0.0,1.32,39.402985,3259.054,6.49,5030.00021,,6.800421483,1626.312855,20,462840.0,-6.314993,143.95555,Papua New Guinea,Papua New Guinea,Lower middle income,East Asia & Pacific,8.523374092232523,7.394685378223642,414.2502748880884,380.95961147766,54.68137184291452
Papua New Guinea,2010,19.5,7.7,41.21,,55.25,2.07,0.0,1.32,38.938053,2867.5837,5.66,5019.999981,,10.12845407,1949.351185,20,462840.0,-6.314993,143.95555,Papua New Guinea,Papua New Guinea,Lower middle income,East Asia & Pacific,8.5213843922506,7.575764730214453,418.56100134434854,559.5970873675,57.392211247561264
Papua New Guinea,2011,32.91732,7.8,40.31,37760000.0,54.73,2.11,0.0,1.42,40.226627,2917.4312,5.91,5159.999847,,1.107543626,2406.910967,20,462840.0,-6.314993,143.95555,Papua New Guinea,Papua New Guinea,Lower middle income,East Asia & Pacific,8.548885608503308,7.786514831907953,426.1559567503222,60.61586265098,60.62981322752253
Papua New Guinea,2012,35.275887,8.2,40.96,,55.45,2.18,0.0,1.43,39.61219,2741.8088,5.49,4889.999866,,4.657119597,2790.676303,20,462840.0,-6.314993,143.95555,Papua New Guinea,Papua New Guinea,Lower middle income,East Asia & Pacific,8.495152033142096,7.934397519840096,439.96234247513337,258.23728165365003,62.954664002844666
Papua New Guinea,2013,37.654285,8.2,40.37,6420000.0,58.27,2.35,0.0,1.47,38.481674,2730.9343,5.93,5239.999771,,3.824946328,2729.888751,20,462840.0,-6.314993,143.95555,Papua New Guinea,Papua New Guinea,Lower middle income,East Asia & Pacific,8.564267555108215,7.912382385016012,461.05452157488304,222.87962253256,62.60579500671167
Papua New Guinea,2014,40.05049,8.5,39.57,0.0,56.82,2.53,0.0,1.49,37.06468,2816.4016,5.59,5889.999866,,13.54377062,2920.782986,20,462840.0,-6.314993,143.95555,Papua New Guinea,Papua New Guinea,Lower middle income,East Asia & Pacific,8.681181018775124,7.979949320558727,453.4207203941468,769.5570466284,63.67959115868568
Papua New Guinea,2015,42.87822,8.7,41.07,8420000.0,55.15,2.67,0.0,1.48,35.66265,3170.5203,5.38,6510.000229,,6.578356323,2679.346579,20,462840.0,-6.314993,143.95555,Papua New Guinea,Papua New Guinea,Lower middle income,East Asia & Pacific,8.78124836840811,7.8937013856661125,435.3376314194861,362.79635121345,62.3105215660671
Papua New Guinea,2016,49.4,8.85,40.3,32340000.0,54.56,2.79,0.0,1.48,34.660423,3283.4167,5.18,7659.999847,,5.489573153,2509.629637,20,462840.0,-6.314993,143.95555,Papua New Guinea,Papua New Guinea,Lower middle income,East Asia & Pacific,8.943897782545537,7.828288852062301,427.1114397685192,299.51111122768003,61.2821063513229
Papua New Guinea,2017,54.4,8.8,39.5,830000.0,54.45,2.99,0.0,1.27,29.812204,3098.1384,4.93,7610.000134,,3.534610818,2695.249009,20,462840.0,-6.314993,143.95555,Papua New Guinea,Papua New Guinea,Lower middle income,East Asia & Pacific,8.937349865873488,7.899616830155779,430.1341364019822,192.4595590401,62.403946063280436
Papua New Guinea,2018,55.727386,9.0,38.74,130000.0,52.96,3.13,0.0,1.27,28.863636,3150.1516,5.31,7559.999943,,-0.279252285,2801.371393,20,462840.0,-6.314993,143.95555,Papua New Guinea,Papua New Guinea,Lower middle income,East Asia & Pacific,8.930758728019585,7.938221263795206,420.4081981305941,-14.7892010136,63.015356832970355
Papua New Guinea,2019,59.662975,9.1,37.99,120000.0,53.09,3.16,0.0,1.28,28.828829,3159.5166,5.28,7579.999924,,4.480430608,2820.306397,20,462840.0,-6.314993,143.95555,Papua New Guinea,Papua New Guinea,Lower middle income,East Asia & Pacific,8.933400386031241,7.944955318007268,421.7976778330059,237.86606097872001,63.122315005131966
Paraguay,2000,89.42114,49.2,1388.26,,70.41,0.01,0.0,52.96,99.98112,24335.996,3.56,3520.0,,-2.314140568,1663.604939,18,406752.0,-23.442503,-58.443832,Paraguay,Paraguay,Upper middle income,Latin America & Caribbean,8.166500319155052,7.417343100386772,522.2551276982325,-162.93863739288,55.016978668855245
Paraguay,2001,91.04207,48.9,1365.08,10000.0,69.84,0.01,0.0,44.86,99.977715,21277.064,3.65,3610.0,,-0.834054717,1565.054289,18,406752.0,-23.442503,-58.443832,Paraguay,Paraguay,Upper middle income,Latin America & Caribbean,8.191740021277457,7.356314543255087,513.7650077009354,-58.250381435280005,54.115363659306304
Paraguay,2002,91.66644,48.6,1335.92,,67.68,0.01,0.0,47.73,99.97905,21856.117,3.62,3779.999971,,-0.021404395,1300.852367,18,406752.0,-23.442503,-58.443832,Paraguay,Paraguay,Upper middle income,Latin America & Caribbean,8.237743796221004,7.171543426938529,485.37005913519965,-1.4486494536,51.43103512446522
Paraguay,2003,92.558395,48.4,1315.51,,67.05,0.02,0.0,51.25,99.96099,22881.867,3.55,3940.000057,,4.320745486,1365.416418,18,406752.0,-23.442503,-58.443832,Paraguay,Paraguay,Upper middle income,Latin America & Caribbean,8.279189791658338,7.219946838477342,484.0974355199058,289.7059848363,52.127632350438965
Paraguay,2004,93.24988,48.6,1293.11,,66.75,0.0,0.0,51.41,100.0,22449.5,3.44,3970.000029,,4.057418364,1679.49512,18,406752.0,-23.442503,-58.443832,Paraguay,Paraguay,Upper middle income,Latin America & Caribbean,8.286773238434197,7.426843743263294,495.7418198628249,270.832675797,55.15800798684914
Paraguay,2005,94.68689,49.1,1272.37,,68.81,0.0,0.0,50.65,100.0,21752.111,3.33,3700.000048,,2.133490665,1843.634108,18,406752.0,-23.442503,-58.443832,Paraguay,Paraguay,Upper middle income,Latin America & Caribbean,8.216358345355623,7.520036221360365,517.4536923918067,146.80549265865,56.550944770571874
Paraguay,2006,96.74905,50.3,1253.2,191130000.0,66.46,0.0,0.0,53.25,100.0,22537.387,3.27,3950.000048,,4.807117193,2271.088885,18,406752.0,-23.442503,-58.443832,Paraguay,Paraguay,Upper middle income,Latin America & Caribbean,8.281724002560214,7.728454900994814,513.6331127201153,319.48100864677997,59.72901515671076
Paraguay,2007,96.452774,51.7,1235.39,,68.44,0.0,0.0,53.19,100.0,22409.062,3.16,3720.000029,,5.421622872,2976.824014,18,406752.0,-23.442503,-58.443832,Paraguay,Paraguay,Upper middle income,Latin America & Caribbean,8.221747736140227,7.998948116131737,547.4480090680561,371.05586935968,63.98317096456746
Paraguay,2008,96.677895,53.7,1333.67,,65.81,0.0,0.0,54.91,100.0,22887.295,3.18,4320.000172,,6.49629212,4047.909791,18,406752.0,-23.442503,-58.443832,Paraguay,Paraguay,Upper middle income,Latin America & Caribbean,8.371242175737533,8.306202936455744,546.6312152481526,427.5209844172,68.99300722158603
Paraguay,2009,96.891335,55.6,1319.02,80000.0,65.36,0.0,0.0,54.41,100.0,22453.984,3.25,4570.000172,,-0.261137328,3626.818637,18,406752.0,-23.442503,-58.443832,Paraguay,Paraguay,Upper middle income,Latin America & Caribbean,8.42748731596027,8.196386820183951,535.715842567223,-17.06793575808,67.18075690608518
Paraguay,2010,97.43086,57.45,1410.11,90000.0,63.61,0.0,0.0,53.52,100.0,22447.14,3.12,5039.999962,,11.09523127,4359.428415,18,406752.0,-23.442503,-58.443832,Paraguay,Paraguay,Upper middle income,Latin America & Caribbean,8.525359746544444,8.380325591836952,533.0725108967486,705.7676610847,70.22985702519736
Paraguay,2011,98.23656,59.7,1390.98,30000.0,62.46,0.0,0.0,57.05,100.0,23345.691,3.04,5219.99979,,4.286371207,5329.387437,18,406752.0,-23.442503,-58.443832,Paraguay,Paraguay,Upper middle income,Latin America & Caribbean,8.560444193188372,8.581179204386778,535.9804531059982,267.72674558922,73.6366365378001
Paraguay,2012,97.83562,61.3,1372.02,,63.43,0.0,0.0,59.63,100.0,23638.725,3.07,5179.999828,,-0.708043112,5185.141549,18,406752.0,-23.442503,-58.443832,Paraguay,Paraguay,Upper middle income,Latin America & Caribbean,8.552753333616563,8.55374526017271,542.564061852755,-44.91117459416,73.16655797592709
Paraguay,2013,99.015884,63.1,1359.31,80000.0,62.55,0.04,0.0,59.87,99.933235,23514.254,2.86,5300.000191,,8.293076489,5936.975959,18,406752.0,-23.442503,-58.443832,Paraguay,Paraguay,Upper middle income,Latin America & Caribbean,8.575650797018744,8.689123606645923,543.5046815957024,518.73193438695,75.50086905157146
Paraguay,2014,99.00072,64.3,1340.93,,62.54,0.04,0.0,54.83,99.9271,21944.45,2.84,5630.000114,,5.301238592,6118.31811,18,406752.0,-23.442503,-58.443832,Paraguay,Paraguay,Upper middle income,Latin America & Caribbean,8.63604234549969,8.719205949364069,545.2991400732288,331.53946154368,76.02455238742577
Paraguay,2015,99.331535,65.4,1323.04,,60.51,0.04,0.0,55.3,99.92772,22191.486,3.01,6369.999886,,2.957151735,5413.776021,18,406752.0,-23.442503,-58.443832,Paraguay,Paraguay,Upper middle income,Latin America & Caribbean,8.759511704222907,8.596886795883417,520.1976200189056,178.93725148485,73.90646258123465
Paraguay,2016,98.4,66.2,1305.64,460000.0,62.49,0.0,0.0,63.3,100.0,24718.906,3.4,7179.999828,,4.268025833,5324.609068,18,406752.0,-23.442503,-58.443832,Paraguay,Paraguay,Upper middle income,Latin America & Caribbean,8.879193904158221,8.580282363003986,536.1818448641192,266.70893430417004,73.62124542887727
Paraguay,2017,99.3,66.8,1288.69,,60.12,0.0,0.0,59.23,100.0,23435.645,3.42,8060.00042,,4.810078856,5678.869972,18,406752.0,-23.442503,-58.443832,Paraguay,Paraguay,Upper middle income,Latin America & Caribbean,8.994792949386316,8.644683619199645,519.7183791862826,289.18194082272,74.73055487605868
Paraguay,2018,99.6,67.4,1272.19,130470000.0,59.24,0.0,0.0,58.75,100.0,23139.457,3.4,8470.000267,,3.204250341,5782.78455,18,406752.0,-23.442503,-58.443832,Paraguay,Paraguay,Upper middle income,Latin America & Caribbean,9.044403875950852,8.66281351383639,513.1850725596678,189.81979020084,75.04433797550638
Paraguay,2019,99.7,68.0,1253.75,1160000.0,60.09,0.07,0.0,48.99,99.857315,19903.92,3.39,8210.000038,,-0.401855101,5380.963322,18,406752.0,-23.442503,-58.443832,Paraguay,Paraguay,Upper middle income,Latin America & Caribbean,9.013230002336726,8.590808516324945,516.221683745966,-24.14747301909,73.80199096416119
Peru,2000,72.4965,43.1,109.35,1070000.0,38.57,3.47,0.0,16.07,82.241554,5528.503,3.32,28630.0,32.495964,2.694371398,1955.588006,26,1285216.0,-9.189967,-75.015152,Peru,Peru,Upper middle income,Latin America & Caribbean,10.262245325878965,7.578957421983074,292.3203877658872,103.92190482086,57.44059560423233
Peru,2001,72.11311,45.7,112.09,190000.0,41.23,2.94,0.0,17.48,85.60235,5407.2314,3.19,26540.0,35.526463,0.617892326,1941.475342,26,1285216.0,-9.189967,-75.015152,Peru,Peru,Upper middle income,Latin America & Caribbean,10.186445986151496,7.571718388210139,312.181949145904,25.475700600979998,57.33091935035955
Peru,2002,74.38269,48.7,112.0,88200000.0,40.21,3.66,0.0,17.93,83.04771,5472.09,3.03,27729.99954,35.351955,5.453528938,2021.240038,26,1285216.0,-9.189967,-75.015152,Peru,Peru,Upper middle income,Latin America & Caribbean,10.230306183398357,7.6119611056898595,306.07695605978927,219.28639859698,57.941951874535185
Peru,2003,74.38097,51.2,112.52,280000.0,40.91,4.05,0.0,18.44,81.992,5345.9004,2.86,27159.99985,36.600243,4.165023137,2145.643889,26,1285216.0,-9.189967,-75.015152,Peru,Peru,Upper middle income,Latin America & Caribbean,10.209537394323462,7.671660919659709,313.84764822327867,170.39109653467,58.85438126623406
Peru,2004,75.69236,53.8,112.37,110000.0,37.83,6.36,0.0,17.49,73.333336,5642.6665,2.96,31239.99977,32.297504,4.958203206,2417.034363,26,1285216.0,-9.189967,-75.015152,Peru,Peru,Upper middle income,Latin America & Caribbean,10.349486606322463,7.790710242405437,294.72256847019764,187.56882728298,60.69516608112098
Peru,2005,77.173645,56.2,116.85,290000.0,38.35,7.29,0.0,18.05,71.23125,5816.902,2.95,31290.00092,31.84631,6.285060325,2729.499172,26,1285216.0,-9.189967,-75.015152,Peru,Peru,Upper middle income,Latin America & Caribbean,10.351085824646033,7.912239718350998,303.4343931987608,241.03206346375,62.603537360651075
Peru,2006,80.15727,58.3,116.22,7550000.0,38.7,7.1,0.0,19.63,73.43808,5834.625,2.65,30840.00015,34.128056,7.528899044,3154.331349,26,1285216.0,-9.189967,-75.015152,Peru,Peru,Upper middle income,Latin America & Caribbean,10.336600257436759,8.05684879291557,311.8000482858326,291.3683930028,64.91281247190508
Peru,2007,81.98813,60.3,115.47,730000.0,36.05,9.68,0.0,19.46,66.78105,6303.5713,2.6,33810.00137,31.039616,8.518387769,3606.070689,26,1285216.0,-9.189967,-75.015152,Peru,Peru,Upper middle income,Latin America & Caribbean,10.428541512832107,8.190651278438148,295.2729785876952,307.08787907245,67.08676836498047
Peru,2008,84.678345,62.3,115.22,970000.0,33.71,12.88,0.0,19.14,59.77514,6757.0254,2.62,38290.00092,28.021553,9.126568301,4220.616378,26,1285216.0,-9.189967,-75.015152,Peru,Peru,Upper middle income,Latin America & Caribbean,10.552970184636342,8.34797336165566,281.4101820214123,307.65661742671006,69.6886592469125
Peru,2009,86.42432,63.8,116.8,1520000.0,32.92,11.97,0.0,19.7,62.203983,6840.561,2.62,41169.99817,28.33369,1.095823659,4196.311627,26,1285216.0,-9.189967,-75.015152,Peru,Peru,Upper middle income,Latin America & Caribbean,10.625489359551413,8.342199510517634,274.62520788624056,36.07451485428,69.59229267328065
Peru,2010,88.12306,65.9,121.13,91150000.0,32.17,14.15,0.0,20.13,58.722286,7707.48,2.51,45000.0,25.21364,8.332459107,5082.353706,26,1285216.0,-9.189967,-75.015152,Peru,Peru,Upper middle income,Latin America & Caribbean,10.714439990727769,8.533726501097123,274.52998154029444,268.05520947219003,72.82448799552733
Peru,2011,89.70749,67.5,120.94,223960000.0,30.63,15.65,0.0,21.85,58.266666,8431.997,2.72,48430.00031,24.354307,6.327192402,5869.323882,26,1285216.0,-9.189967,-75.015152,Peru,Peru,Upper middle income,Latin America & Caribbean,10.787895389943415,8.677665087109212,265.79688161815517,193.80190327326,75.30187136403413
Peru,2012,91.09951,69.7,125.33,238880000.0,30.8,16.72,0.0,21.69,56.46967,8629.543,2.75,48119.99893,24.011053,6.139724706,6528.971775,26,1285216.0,-9.189967,-75.015152,Peru,Peru,Upper middle income,Latin America & Caribbean,10.781473929016954,8.78415789990279,270.5520633170059,189.1035209448,77.16143001042458
Peru,2013,92.13537,71.7,128.99,292670000.0,28.35,18.8,0.0,22.85,54.861942,8741.407,2.5,49750.0,24.136717,5.852518211,6756.752996,26,1285216.0,-9.189967,-75.015152,Peru,Peru,Upper middle income,Latin America & Caribbean,10.81478584288724,8.818445716739449,250.0029360695634,165.91889128185,77.76498485908033
Peru,2014,92.91999,73.7,136.2,279440000.0,28.56,20.41,0.0,23.06,53.048077,8856.475,2.57,53169.99817,23.94071,2.382157372,6672.877373,26,1285216.0,-9.189967,-75.015152,Peru,Peru,Upper middle income,Latin America & Caribbean,10.881268379502535,8.805956285303742,251.49811150827486,68.03441454432,77.54486609868047
Peru,2015,93.85218,75.8,154.29,84640000.0,27.43,21.39,0.0,24.86,53.75135,9171.356,2.57,54549.99924,24.024496,3.252244772,6229.100674,26,1285216.0,-9.189967,-75.015152,Peru,Peru,Upper middle income,Latin America & Caribbean,10.906891308966957,8.737147771201496,239.65996336405703,89.20907409596,76.33775117581126
Peru,2016,94.2,77.7,185.3,102310000.0,27.2,23.9,0.0,25.95,52.05617,9602.029,2.57,56860.00061,22.57668,3.953318715,6204.996457,26,1285216.0,-9.189967,-75.015152,Peru,Peru,Upper middle income,Latin America & Caribbean,10.948364982834182,8.733271274109033,237.54497865576568,107.530269048,76.270027147178
Peru,2017,94.8,79.6,189.85,548830000.0,27.59,21.62,0.0,30.84,58.787647,9605.62,2.54,54270.00046,26.171818,2.518835442,6710.507602,26,1285216.0,-9.189967,-75.015152,Peru,Peru,Upper middle income,Latin America & Caribbean,10.901745301750253,8.811578884609759,243.11146142638324,69.49466984477999,77.64392243970056
Peru,2018,95.2,81.5,194.51,68750000.0,27.89,21.4,0.0,33.28,60.863205,9887.749,2.56,54590.00015,26.795403,3.96915687,6957.793411,26,1285216.0,-9.189967,-75.015152,Peru,Peru,Upper middle income,Latin America & Caribbean,10.907624315729057,8.847761377811294,246.76406482715697,110.6997851043,78.2828813986892
Peru,2019,95.55136,83.25,203.26,1090000.0,27.12,22.16,0.0,34.41,60.827293,9949.632,2.6,56750.0,26.621336,2.203974749,7027.612207,26,1285216.0,-9.189967,-75.015152,Peru,Peru,Upper middle income,Latin America & Caribbean,10.946428556333773,8.857744555217199,240.22203233749045,59.77179519288,78.45963860547992
Philippines,2000,74.66169,37.9,48.53,12130000.0,33.42,24.29,0.0,19.37,44.365555,3945.0947,4.72,72100.0,18.595215,4.382504834,1072.801752,368,300000.0,12.879721,121.774017,Philippines,Philippines,Upper middle income,East Asia & Pacific,11.185823192802378,6.978960669575889,233.2368655772262,146.46331155228,48.70589202748714
Philippines,2001,75.722946,39.15,48.53,30000.0,32.12,27.72,0.0,17.5,38.699688,3776.7449,4.36,70480.0,16.949202,3.049231509,990.5659913,368,300000.0,12.879721,121.774017,Philippines,Philippines,Upper middle income,East Asia & Pacific,11.163098448931654,6.899285502779825,221.60505034928795,97.94131606908,47.60014044886786
Philippines,2002,76.77662,39.6,50.08,50390000.0,31.42,29.29,0.0,17.22,37.024296,3717.366,4.26,71569.99969,16.691975,3.716255002,1036.158331,368,300000.0,12.879721,121.774017,Philippines,Philippines,Upper middle income,East Asia & Pacific,11.178445238638444,6.944239878349201,218.1880169777319,116.76473216284,48.22246748805532
Philippines,2003,76.6,40.1,54.3,29150000.0,30.67,33.03,0.0,17.64,34.8135,3758.5122,4.06,73629.99725,16.424408,5.086911134,1048.008205,368,300000.0,12.879721,121.774017,Philippines,Philippines,Upper middle income,East Asia & Pacific,11.206821374342752,6.955600430100693,213.32826519118828,156.01556447978,48.38037734321695
Philippines,2004,87.6,40.9,53.26,5840000.0,29.96,34.83,0.0,18.82,35.079216,3771.797,3.78,75139.99939,16.852709,6.569228513,1121.490006,368,300000.0,12.879721,121.774017,Philippines,Philippines,Upper middle income,East Asia & Pacific,11.227121619412149,7.023304716236017,210.41820929843107,196.81408624948,49.326809137103076
Philippines,2005,79.91562,40.9,52.65,11820000.0,31.17,35.94,0.0,18.25,33.677803,3713.3245,3.7,76669.99817,16.317411,4.942505118,1244.348741,368,300000.0,12.879721,121.774017,Philippines,Philippines,Upper middle income,East Asia & Pacific,11.247278795510843,7.127170882927428,222.15391642084793,154.05788452806,50.79656479444853
Philippines,2006,80.18,41.4,51.72,27510000.0,33.24,34.12,0.0,20.39,37.405983,3471.6638,3.49,69470.00122,18.684961,5.316416822,1452.438089,368,300000.0,12.879721,121.774017,Philippines,Philippines,Upper middle income,East Asia & Pacific,11.148664695847359,7.281687124664518,242.04328002384858,176.71769516328,53.02296738150501
Philippines,2007,82.01391,40.9,50.86,167610000.0,32.57,38.29,0.0,18.8,32.930458,3535.2363,3.33,73220.00122,16.430105,6.51929155,1744.639979,368,300000.0,12.879721,121.774017,Philippines,Philippines,Upper middle income,East Asia & Pacific,11.201237560713487,7.464876517543399,243.1310281763885,212.33332578350002,55.72438142217086
Philippines,2008,83.3,40.8,50.06,,33.91,37.75,0.0,20.56,35.25982,3587.5803,3.35,75150.00153,17.313362,4.344487305,1998.02692,368,300000.0,12.879721,121.774017,Philippines,Philippines,Upper middle income,East Asia & Pacific,11.227254722171491,7.600415801143091,257.7300998167622,147.32156451255,57.76632035026558
Philippines,2009,84.3,40.9,49.67,3860000.0,33.98,39.1,0.0,20.26,34.130726,3563.5925,3.22,76300.00305,16.679699,1.448323063,1904.196388,368,300000.0,12.879721,121.774017,Philippines,Philippines,Upper middle income,East Asia & Pacific,11.242441363319822,7.552340373060957,256.6285258766113,49.21401768073999,57.03784511056652
Philippines,2010,85.397644,40.7,51.19,80870000.0,32.59,46.55,0.0,18.15,28.052551,3601.5786,3.14,81930.00031,14.187132,7.33449996,2217.472153,368,300000.0,12.879721,121.774017,Philippines,Philippines,Upper middle income,East Asia & Pacific,11.313632712386362,7.7045740185652924,251.0920672650429,239.0313536964,59.36046080755134
Philippines,2011,87.2,40.6,50.41,810000.0,33.69,49.04,0.0,20.09,29.06119,3608.626,3.06,82629.99725,15.432299,3.858232827,2450.735694,368,300000.0,12.879721,121.774017,Philippines,Philippines,Upper middle income,East Asia & Pacific,11.32214015848359,7.804551499239601,262.9353400093821,129.98386394163,60.9110241042831
Philippines,2012,87.08,40.7,49.88,1300000.0,34.06,51.82,0.0,21.06,28.896818,3668.3667,2.99,86180.00031,15.557659,6.896951711,2694.305109,368,300000.0,12.879721,121.774017,Philippines,Philippines,Upper middle income,East Asia & Pacific,11.364205018319918,7.899266689922004,269.0490234587435,234.91017527666,62.39841423851133
Philippines,2013,87.5,40.9,49.12,53290000.0,33.05,55.06,0.0,20.18,26.82084,3865.761,2.89,95500.0,13.8471365,6.750531302,2871.429701,368,300000.0,12.879721,121.774017,Philippines,Philippines,Upper middle income,East Asia & Pacific,11.466891997618188,7.96291353631639,263.17429237525664,223.10505953109998,63.407991986850796
Philippines,2014,89.72037,42.0,52.54,9290000.0,32.33,57.07,0.0,20.18,26.122978,4002.7449,2.9,101819.9997,13.009114,6.347987483,2959.645435,368,300000.0,12.879721,121.774017,Philippines,Philippines,Upper middle income,East Asia & Pacific,11.530971645714944,7.99316257591301,258.4189460792676,205.23043532538998,63.890647964976296
Philippines,2015,89.08,42.2,55.08,22760000.0,30.75,60.82,0.0,21.59,26.198277,4314.0645,2.96,111010.0021,12.500741,6.348309717,3001.043182,368,300000.0,12.879721,121.774017,Philippines,Philippines,Upper middle income,East Asia & Pacific,11.617384593400622,8.007048396500346,246.21673819238566,195.21052379775,64.11282402389877
Philippines,2016,92.066505,43.3,60.51,98890000.0,28.45,68.44,0.0,22.38,24.642149,4629.1177,2.93,121959.9991,11.97579,7.14945675,3073.654686,368,300000.0,12.879721,121.774017,Philippines,Philippines,Upper middle income,East Asia & Pacific,11.711456593098811,8.03094787669904,228.48046709208768,203.4020445375,64.49612379825682
Philippines,2017,93.0,44.1,61.08,1510000.0,27.68,71.03,0.0,23.35,24.740412,4989.8896,2.89,133500.0,11.504091,6.930988326,3123.245642,368,300000.0,12.879721,121.774017,Philippines,Philippines,Upper middle income,East Asia & Pacific,11.80186424743109,8.046948138470146,222.73952447285365,191.84975686368,64.75337434322815
Philippines,2018,94.448265,45.4,61.82,177920000.0,27.51,76.05,0.0,23.73,23.782322,5040.644,2.81,138570.0073,11.201896,6.341485571,3252.110274,368,300000.0,12.879721,121.774017,Philippines,Philippines,Upper middle income,East Asia & Pacific,11.839138161316539,8.087366825068784,222.48346135764226,174.45426805821,65.40550216322315
Philippines,2019,95.64508,46.5,62.55,2000000.0,26.73,83.3,0.0,22.78,21.47436,5104.391,2.68,145419.9982,10.227248,6.118525663,3485.340844,368,300000.0,12.879721,121.774017,Philippines,Philippines,Upper middle income,East Asia & Pacific,11.88738825043575,8.156607996400695,218.02613174379056,163.54819097199,66.53025400694776
Poland,2000,100.0,100.0,,,6.93,140.85,0.0,2.33,1.6273223,26426.166,5.98,295770.0,0.6828017,4.561025896,4501.454067,124,312685.0,51.919438,19.145136,Poland,Poland,High income,Europe & Central Asia,12.597340785236993,8.412377875332332,58.297778676053056,31.607909459280002,70.76810151738093
Poland,2001,100.0,100.0,,,7.29,140.94,0.0,2.78,1.9343168,26135.066,5.94,293630.0,0.820305,1.258478139,4991.244358,124,312685.0,51.919438,19.145136,Poland,Poland,High income,Europe & Central Asia,12.590079155979769,8.515640858771127,62.079021860441514,9.17430563331,72.51613923557225
Poland,2002,100.0,100.0,,,7.49,139.72,0.0,2.77,1.943996,25864.023,5.76,287320.0073,0.81965923,2.035900052,5207.171421,124,312685.0,51.919438,19.145136,Poland,Poland,High income,Europe & Central Asia,12.568355362029731,8.557984098285276,64.09930089615672,15.24889138948,73.23909182650365
Poland,2003,100.0,100.0,,,7.29,147.76,0.0,2.25,1.4999001,26777.979,5.71,297730.011,0.6754677,3.49839626,5701.602212,124,312685.0,51.919438,19.145136,Poland,Poland,High income,Europe & Central Asia,12.603945710204826,8.6486778780663,63.04886173110333,25.503308735399997,74.79962903855339
Poland,2004,100.0,100.0,,,7.31,149.06,0.0,3.2,2.1016684,26977.344,5.46,301850.0061,0.89124244,4.982825593,6681.386472,124,312685.0,51.919438,19.145136,Poland,Poland,High income,Europe & Central Asia,12.61768881733149,8.807230459017283,64.38085465541634,36.42445508483,77.56730835824179
Poland,2005,100.0,100.0,,,7.22,151.2,0.0,3.85,2.48307,27590.934,5.34,301350.0061,1.135477,3.506849729,8021.505743,124,312685.0,51.919438,19.145136,Poland,Poland,High income,Europe & Central Asia,12.61603099754839,8.990006088845394,64.90784396146374,25.319455043379996,80.82020947747726
Poland,2006,100.0,100.0,,,7.18,156.16,0.0,4.29,2.6737301,28976.988,5.29,314089.9963,1.2485813,6.131138073,9035.410467,124,312685.0,51.919438,19.145136,Poland,Poland,High income,Europe & Central Asia,12.65743802004107,9.109017302297655,65.40274423049716,44.021571364139994,82.97419621355805
Poland,2007,100.0,100.0,,,7.28,153.08,0.0,5.43,3.4256516,28913.844,4.92,313380.0049,1.5623447,7.061543459,11254.51739,124,312685.0,51.919438,19.145136,Poland,Poland,High income,Europe & Central Asia,12.655174997303332,9.328613722075458,67.91230789670934,51.408036381520006,87.02303397569453
Poland,2008,100.0,100.0,,,8.01,148.03,0.0,6.61,4.274444,29419.19,4.78,308329.9866,2.2076113,4.19996859,13996.02515,124,312685.0,51.919438,19.145136,Poland,Poland,High income,Europe & Central Asia,12.638929116770461,9.546600096732634,76.4682667748284,33.6417484059,91.13757340693554
Poland,2009,100.0,100.0,,,8.84,142.4,0.0,8.69,5.7515388,28364.893,4.47,297260.0098,3.0658216,2.832178037,11526.05589,124,312685.0,51.919438,19.145136,Poland,Poland,High income,Europe & Central Asia,12.602365852723288,9.35245223720555,82.67567777689706,25.036453847079997,87.46836284921112
Poland,2010,100.0,100.0,,,9.49,146.12,0.0,10.88,6.9299364,30213.855,4.61,313739.9902,3.45368,3.740521281,12613.011,124,312685.0,51.919438,19.145136,Poland,Poland,High income,Europe & Central Asia,12.656323052521781,9.442563459270149,89.60992722847371,35.49754695669,89.16200468234383
Poland,2011,100.0,100.0,,,10.44,149.88,0.0,13.13,8.054721,30370.395,4.42,310589.9963,4.0425887,4.757635638,13879.56099,124,312685.0,51.919438,19.145136,Poland,Poland,High income,Europe & Central Asia,12.646232201188988,9.538244650391018,99.57927415008223,49.66971606072,90.97811101071288
Poland,2012,100.0,100.0,,,10.91,144.75,0.0,16.88,10.443604,29494.252,4.22,303350.0061,5.2285094,1.324896305,13097.27085,124,312685.0,51.919438,19.145136,Poland,Poland,High income,Europe & Central Asia,12.622645849995898,9.480235504293773,103.42936935184507,14.454618687550001,89.87486521687221
Poland,2013,100.0,100.0,,,11.41,146.85,0.0,17.06,10.408151,29578.533,4.17,298299.9878,5.1705627,1.125763386,13696.4663,124,312685.0,51.919438,19.145136,Poland,Poland,High income,Europe & Central Asia,12.605858281928802,9.52496615310657,108.67986380694596,12.84496023426,90.72498021782577
Poland,2014,100.0,100.0,,,11.58,138.53,0.0,19.85,12.533148,28535.256,3.89,285730.011,6.055967,3.378581715,14271.30585,124,312685.0,51.919438,19.145136,Poland,Poland,High income,Europe & Central Asia,12.562806126255595,9.56607628466304,110.77516337639801,39.1239762597,91.50981548399264
Poland,2015,100.0,100.0,,,11.87,141.55,0.0,22.69,13.815148,28851.459,3.76,289079.9866,6.561511,4.23632685,12578.49547,124,312685.0,51.919438,19.145136,Poland,Poland,High income,Europe & Central Asia,12.574462158287178,9.439823423726805,112.05070403963717,50.2851997095,89.11026627114127
Poland,2016,100.0,100.0,,,11.34,143.28,0.0,22.81,13.733519,30122.61,3.82,299799.9878,6.0504947,3.141725778,12447.43959,124,312685.0,51.919438,19.145136,Poland,Poland,High income,Europe & Central Asia,12.610874159508448,9.429350559901328,106.92883534928106,35.62717032252,88.91265198151149
Poland,2017,100.0,100.0,,,11.12,145.8,0.0,24.13,14.1999655,31295.422,3.81,312859.9854,6.1909957,4.830656005,13864.68176,124,312685.0,51.919438,19.145136,Poland,Poland,High income,Europe & Central Asia,12.653514234762403,9.537172128135637,106.05335406486827,53.7168947756,90.95765220168724
Poland,2018,100.0,100.0,,,11.27,147.87,0.0,21.62,12.755915,31661.174,3.68,311910.0037,5.8507967,5.353703355,15468.48222,124,312685.0,51.919438,19.145136,Poland,Poland,High income,Europe & Central Asia,12.650473181550373,9.646624473065158,108.71745781144432,60.336236810850004,93.05736372433964
Poland,2019,100.0,100.0,,,12.18,137.58,0.0,25.46,15.615801,30777.799,3.42,295130.0049,6.989287,4.744950156,15732.20313,124,312685.0,51.919438,19.145136,Poland,Poland,High income,Europe & Central Asia,12.59517462115244,9.663528607235701,117.70177843613084,57.79349290008,93.38378514286278
Portugal,2000,100.0,100.0,,,20.12,30.51,0.0,12.87,29.668049,28476.13,3.29,61660.0,13.07334,3.816178063,11497.75346,111,92212.0,39.399872,-8.224454,Portugal,Portugal,High income,Europe & Central Asia,11.029406919278141,9.349993913693593,188.1218775435151,76.78150262756,87.42238618610723
Portugal,2001,100.0,100.0,,,20.83,30.43,0.0,15.74,34.091404,28699.385,3.26,61380.0,15.646869,1.943672296,11724.6115,111,92212.0,39.399872,-8.224454,Portugal,Portugal,High income,Europe & Central Asia,11.02485561999279,9.369530745472657,195.16732542819543,40.486693925679994,87.7881063903574
Portugal,2002,100.0,100.0,,,18.28,35.92,0.0,9.73,21.314346,28321.012,3.37,65599.99847,9.748956,0.770924024,12875.32079,111,92212.0,39.399872,-8.224454,Portugal,Portugal,High income,Europe & Central Asia,11.091346195395618,9.46314530590146,172.9862961918787,14.092491158720001,89.55111908060483
Portugal,2003,100.0,100.0,,,22.09,28.82,0.0,17.7,38.048153,28965.469,3.3,60520.00046,17.057003,-0.930521193,15762.97579,111,92212.0,39.399872,-8.224454,Portugal,Portugal,High income,Europe & Central Asia,11.010745698829767,9.665482602535993,213.51051069002008,-20.55521315337,93.42155393992596
Portugal,2004,100.0,100.0,,,19.87,32.51,0.0,12.31,27.465418,28331.549,3.34,62130.00107,12.089573,1.788735682,18031.00042,111,92212.0,39.399872,-8.224454,Portugal,Portugal,High income,Europe & Central Asia,11.037000355433971,9.799903259571483,194.72407776768537,35.54217800134,96.03810389695978
Portugal,2005,100.0,100.0,,,18.07,37.93,0.0,8.25,17.864876,28219.037,3.39,65470.00122,8.115614,0.781848216,18773.12536,111,92212.0,39.399872,-8.224454,Portugal,Portugal,High income,Europe & Central Asia,11.089362594124069,9.840234890194342,177.81304446581177,14.12799726312,96.83022269419806
Portugal,2006,100.0,100.0,,,22.33,32.85,0.0,15.72,32.365658,27957.99,3.17,60450.00076,15.572563,1.625034176,19822.84603,111,92212.0,39.399872,-8.224454,Portugal,Portugal,High income,Europe & Central Asia,11.009588411075464,9.894640836990497,220.94732988999777,36.28701315008,97.90391729304001
Portugal,2007,100.0,100.0,,,23.15,30.68,0.0,16.21,34.57027,28116.701,3.12,58799.99924,16.143671,2.506579646,22782.09462,111,92212.0,39.399872,-8.224454,Portugal,Portugal,High income,Europe & Central Asia,10.981914127619875,10.033774075887033,232.2818698567848,58.0273188049,100.67662220594268
Portugal,2008,100.0,100.0,,,23.19,30.84,0.0,14.64,32.189976,27100.385,3.03,56840.00015,15.146783,0.319247925,24847.54514,111,92212.0,39.399872,-8.224454,Portugal,Portugal,High income,Europe & Central Asia,10.948013177939412,10.120554484136866,234.69565848713393,7.40335938075,102.42562306638283
Portugal,2009,100.0,100.0,,,24.9,31.19,0.0,18.29,36.96443,27307.855,3.09,56299.99924,18.849367,-3.12207942,23059.79745,111,92212.0,39.399872,-8.224454,Portugal,Portugal,High income,Europe & Central Asia,10.93846756246051,10.045889374751576,250.14264543131424,-77.739777558,100.91989332974661
Portugal,2010,100.0,100.0,,,27.83,25.34,0.0,28.35,52.80313,28813.4,2.93,50939.99863,27.393208,1.737625476,22498.69086,111,92212.0,39.399872,-8.224454,Portugal,Portugal,High income,Europe & Central Asia,10.838423352385265,10.021256848542567,278.89157809493963,48.358116997079996,100.4255888244613
Portugal,2011,100.0,100.0,,,27.22,27.77,0.0,24.11,46.47263,27547.613,2.89,49869.99893,24.511286,-1.696164781,23186.91313,111,92212.0,39.399872,-8.224454,Portugal,Portugal,High income,Europe & Central Asia,10.817194929019324,10.051386436118294,273.59873879113997,-46.16960533882,101.03036928818283
Portugal,2012,100.0,100.0,,,25.52,26.2,0.0,19.37,42.50604,25259.12,2.83,48220.00122,21.701544,-4.057293608,20564.88986,111,92212.0,39.399872,-8.224454,Portugal,Portugal,High income,Europe & Central Asia,10.783549915103178,9.931389150333777,253.44905111651798,-103.54213287616,98.63249045536746
Portugal,2013,100.0,100.0,,,30.17,21.06,0.0,29.47,58.32179,27884.04,2.86,46560.00137,29.105732,-0.922644675,21647.04181,111,92212.0,39.399872,-8.224454,Portugal,Portugal,High income,Europe & Central Asia,10.748518589261675,9.98267028176495,301.17716240084854,-27.836189844750002,99.65370595443311
Portugal,2014,100.0,100.0,,,30.46,20.39,0.0,31.57,60.758278,28600.113,2.8,45930.00031,30.292532,0.792190302,22074.30076,111,92212.0,39.399872,-8.224454,Portugal,Portugal,High income,Europe & Central Asia,10.73489555609422,10.00221464984141,304.6674582341693,24.13011659892,100.0442979015021
Portugal,2015,100.0,100.0,,,27.21,26.9,0.0,24.37,47.53267,28096.076,2.85,49849.99847,24.459373,1.792046046,19242.36647,111,92212.0,39.399872,-8.224454,Portugal,Portugal,High income,Europe & Central Asia,10.816793804677863,9.864921681367026,268.42451894999675,48.761572911660004,97.31667977950522
Portugal,2016,100.0,100.0,,,29.0,26.83,0.0,32.3,54.6254,30146.477,2.78,48759.99832,29.276423,2.019485396,19978.40121,111,92212.0,39.399872,-8.224454,Portugal,Portugal,High income,Europe & Central Asia,10.794686057544762,9.902457082283982,287.1712553862355,58.565076483999995,98.0586562664762
Portugal,2017,100.0,100.0,,,24.42,35.12,0.0,22.58,39.13345,29287.125,2.8,53330.00183,21.441805,3.506345285,21437.3475,111,92212.0,39.399872,-8.224454,Portugal,Portugal,High income,Europe & Central Asia,10.884273088904795,9.972936536654563,243.53911022510445,85.6249518597,99.45946316413952
Portugal,2018,100.0,100.0,,,27.47,29.0,0.0,29.41,50.350967,29893.375,2.63,49500.0,26.900106,2.849325934,23551.04829,111,92212.0,39.399872,-8.224454,Portugal,Portugal,High income,Europe & Central Asia,10.809748150372926,10.066968071883158,276.5396129346303,78.27098340698,101.34384616031491
Portugal,2019,100.0,100.0,,,28.19,24.32,0.0,27.41,52.986664,28468.56,2.54,44639.99939,26.401812,2.682759921,23330.81729,111,92212.0,39.399872,-8.224454,Portugal,Portugal,High income,Europe & Central Asia,10.706407984573408,10.057573256966817,283.5229901138946,75.62700217299,101.15477981925412
Qatar,2001,100.0,100.0,0.0,,0.14,9.35,0.0,0.0,0.0,189988.27,9.49,28650.0,0.0,3.898186662,28517.22084,248,11586.0,25.354826,51.183884,Qatar,Qatar,High income,"Middle East, North Africa, Afghanistan & Pakistan",10.262943625547717,10.258298489693138,1.4361617885570395,0.54574613268,105.23268790364051
Qatar,2002,100.0,100.0,0.0,,0.07,10.28,0.0,0.0,0.0,199143.97,10.01,32500.0,0.0,7.18215168,30214.67042,248,11586.0,25.354826,51.183884,Qatar,Qatar,High income,"Middle East, North Africa, Afghanistan & Pakistan",10.389026137075234,10.316115956866563,0.7221281169806595,0.5027506176000001,106.42224843551692
Qatar,2003,100.0,100.0,0.0,,0.05,11.29,0.0,0.0,0.0,217673.23,9.99,34740.00168,0.0,3.719958677,34517.60321,248,11586.0,25.354826,51.183884,Qatar,Qatar,High income,"Middle East, North Africa, Afghanistan & Pakistan",10.455675873000601,10.449253681168972,0.5224626840584486,0.18599793385000002,109.18690249342332
Qatar,2004,100.0,100.0,0.0,,0.03,12.44,0.0,0.0,0.0,253062.6,9.88,37069.99969,0.0,19.21891534,42124.94084,248,11586.0,25.354826,51.183884,Qatar,Qatar,High income,"Middle East, North Africa, Afghanistan & Pakistan",10.520590263409968,10.648419001885964,0.3194525700565789,0.5765674601999999,113.38882723972607
Qatar,2005,100.0,100.0,0.0,,0.03,13.53,0.0,0.0,0.0,262585.7,9.19,38540.00092,0.0,7.492758483,51455.95094,248,11586.0,25.354826,51.183884,Qatar,Qatar,High income,"Middle East, North Africa, Afghanistan & Pakistan",10.559477912570403,10.84850083301153,0.3254550249903459,0.22478275449,117.68997032385185
Qatar,2006,100.0,100.0,0.0,,0.1,16.06,0.0,0.0,0.0,230796.0,8.56,43770.00046,0.0,26.17024567,59530.561,248,11586.0,25.354826,51.183884,Qatar,Qatar,High income,"Middle East, North Africa, Afghanistan & Pakistan",10.686726787131853,10.994261887876547,1.0994261887876549,2.617024567,120.87379445921478
Qatar,2007,100.0,100.0,0.0,,0.07,18.29,0.0,0.0,0.0,207280.52,8.2,49830.00183,0.0,17.98565682,65421.37692,248,11586.0,25.354826,51.183884,Qatar,Qatar,High income,"Middle East, North Africa, Afghanistan & Pakistan",10.816392596030202,11.088619633663766,0.7762033743564637,1.2589959774000001,122.95748538007356
Qatar,2008,100.0,100.0,0.0,,0.11,20.32,0.0,0.0,0.0,196001.0,7.16,53040.00092,0.0,17.66355636,80234.19083,248,11586.0,25.354826,51.183884,Qatar,Qatar,High income,"Middle East, North Africa, Afghanistan & Pakistan",10.878820495722412,11.292717486019116,1.2421989234621027,1.9429911996000002,127.52546821904191
Qatar,2009,100.0,100.0,0.0,,0.08,22.71,0.0,0.0,0.0,178237.72,6.82,54069.99969,0.0,11.95656113,59094.65918,248,11586.0,25.354826,51.183884,Qatar,Qatar,High income,"Middle East, North Africa, Afghanistan & Pakistan",10.898053271015936,10.986912751965734,0.8789530201572587,0.9565248904000001,120.71225181930727
Qatar,2010,100.0,100.0,0.0,,0.13,26.46,0.0,0.0,0.0,194843.92,6.38,60580.00183,0.0,19.59233153,67403.08768,248,11586.0,25.354826,51.183884,Qatar,Qatar,High income,"Middle East, North Africa, Afghanistan & Pakistan",11.011736621750531,11.118460943132595,1.4453999226072374,2.5470030989,123.62017374396495
Qatar,2011,100.0,100.0,18.99,,0.15,28.87,0.0,0.01,0.03462604,216384.27,5.3,68190.00244,0.09460041,13.37517641,82409.94165,248,11586.0,25.354826,51.183884,Qatar,Qatar,High income,"Middle East, North Africa, Afghanistan & Pakistan",11.130067906095896,11.31947349409671,1.6979210241145066,2.0062764614999997,128.130480183558
Qatar,2012,100.0,100.0,17.61,,0.04,32.7,0.0,0.01,0.030571692,232316.58,6.97,75080.00183,0.08342207,4.730011844,85075.98654,248,11586.0,25.354826,51.183884,Qatar,Qatar,High income,"Middle East, North Africa, Afghanistan & Pakistan",11.226322834111688,11.35131184955197,0.45405247398207876,0.18920047376,128.85228070577895
Qatar,2013,100.0,100.0,17.24,,0.04,32.65,0.0,0.01,0.030618494,236185.81,7.05,76169.99817,0.07836199,5.556040643,85050.68434,248,11586.0,25.354826,51.183884,Qatar,Qatar,High income,"Middle East, North Africa, Afghanistan & Pakistan",11.240736067784056,11.351014401743136,0.4540405760697254,0.22224162572,128.84552794858007
Qatar,2014,100.0,100.0,17.07,,0.05,36.46,0.0,0.02,0.05482456,234538.38,6.6,81660.00366,0.07397567,5.334323292,83858.34046,248,11586.0,25.354826,51.183884,Qatar,Qatar,High income,"Middle East, North Africa, Afghanistan & Pakistan",11.310331855515646,11.336896155919202,0.5668448077959601,0.26671616459999997,128.52521445009558
Qatar,2015,100.0,100.0,16.36,,0.05,39.11,0.0,0.03,0.07664793,245271.83,6.32,84779.99878,0.06486393,4.753345724,63039.11263,248,11586.0,25.354826,51.183884,Qatar,Qatar,High income,"Middle East, North Africa, Afghanistan & Pakistan",11.347826725681774,11.051526511173567,0.5525763255586783,0.2376672862,122.13623822717219
Qatar,2016,100.0,100.0,16.24,,0.06,39.88,0.0,0.03,0.07516913,223248.58,5.88,86919.99817,0.06714397,3.064191884,57162.96801,248,11586.0,25.354826,51.183884,Qatar,Qatar,High income,"Middle East, North Africa, Afghanistan & Pakistan",11.372754918082615,10.953679048983588,0.6572207429390152,0.18385151304,119.983084708142
Qatar,2017,100.0,100.0,15.82,,0.07,42.94,0.0,0.03,0.06981615,206889.17,6.8,87540.00092,0.06931601,-1.497604702,59124.86727,248,11586.0,25.354826,51.183884,Qatar,Qatar,High income,"Middle East, North Africa, Afghanistan & Pakistan",11.379862544538328,10.98742379410103,0.7691196655870721,-0.10483232914000001,120.72348163117748
Qatar,2018,100.0,100.0,15.49,,0.05,45.16,0.0,0.02,0.044267375,202570.3,6.46,86419.99817,0.06936814,1.234872202,65907.94844,248,11586.0,25.354826,51.183884,Qatar,Qatar,High income,"Middle East, North Africa, Afghanistan & Pakistan",11.366985959639077,11.096029499436105,0.5548014749718052,0.061743610100000006,123.12187065235625
Qatar,2019,100.0,100.0,15.22,,0.04,46.98,0.0,0.03,0.06381621,208021.3,6.79,91970.00122,0.06641917,0.68824096,62276.42869,248,11586.0,25.354826,51.183884,Qatar,Qatar,High income,"Middle East, North Africa, Afghanistan & Pakistan",11.42922860221348,11.0393543388079,0.44157417355231604,0.0275296384,121.86734421775681
Romania,2000,100.0,72.4,,,16.37,31.32,5.46,14.78,39.255234,19175.828,5.58,89020.0,10.396162,2.461263459,1659.90764,84,238391.0,45.943161,24.96676,Romania,Romania,High income,Europe & Central Asia,11.39662757593744,7.415119503010082,121.38550626427505,40.29088282383,54.98399724392049
Romania,2001,100.0,73.4,,,13.39,33.18,5.45,14.92,38.03922,19502.389,5.4,95230.0,10.312889,5.218136257,1825.179805,84,238391.0,45.943161,24.96676,Romania,Romania,High income,Europe & Central Asia,11.464060798025534,7.509981525639001,100.55865262830622,69.87084448123001,56.39982251543909
Romania,2002,100.0,74.2,,,14.4,32.86,5.51,16.05,39.61779,20380.363,5.28,93739.99786,10.615109,5.70299165,2119.882673,84,238391.0,45.943161,24.96676,Romania,Romania,High income,Europe & Central Asia,11.448290916395504,7.659587636202967,110.29806196132273,82.12307976000001,58.669282756673354
Romania,2003,100.0,75.6,,,15.67,36.67,4.91,13.26,33.13275,20540.846,5.38,98139.99939,8.716783,2.341147329,2679.41191,84,238391.0,45.943161,24.96676,Romania,Romania,High income,Europe & Central Asia,11.494160492901603,7.893725759455806,123.69468265067248,36.68577864543,62.31090636549614
Romania,2004,100.0,77.0,,,17.28,34.43,5.55,16.51,39.05116,21481.434,4.74,95349.99847,10.407817,10.42811302,3494.944517,84,238391.0,45.943161,24.96676,Romania,Romania,High income,Europe & Central Asia,11.465320082604572,8.159358866226148,140.99372120838785,180.19779298560002,66.57513710786324
Romania,2005,100.0,78.0,,,18.47,33.64,5.55,20.22,43.376537,21728.15,4.51,94709.99908,12.629432,4.668148051,4617.929016,84,238391.0,45.943161,24.96676,Romania,Romania,High income,Europe & Central Asia,11.458585418997789,8.437918142483985,155.8483480916792,86.22069450197,71.1984625792604
Romania,2006,100.0,79.1,,,17.39,38.71,5.63,18.36,38.261562,22364.223,4.32,99260.00214,11.172654,8.028811076,5757.496429,84,238391.0,45.943161,24.96676,Romania,Romania,High income,Europe & Central Asia,11.50550804520169,8.658431682982,150.57012696705698,139.62102461164,74.96843920886651
Romania,2007,100.0,80.2,,,18.16,37.96,7.71,16.01,38.45655,21750.25,4.01,96730.00336,10.032531,7.233807744,8360.166321,84,238391.0,45.943161,24.96676,Romania,Romania,High income,Europe & Central Asia,11.479689243913036,9.031353208429183,164.00937426507394,131.36594863104,81.5653407754041
Romania,2008,100.0,81.5,,,20.4,36.5,11.23,17.22,43.80293,21966.107,3.66,95419.99817,10.699506,9.307467171,10435.04398,84,238391.0,45.943161,24.96676,Romania,Romania,High income,Europe & Central Asia,11.466053939820247,9.253020860506076,188.76162555432396,189.8723302884,85.61839504496061
Romania,2009,100.0,82.1,,,22.14,30.43,11.75,15.55,47.289104,19314.918,3.4,80709.99908,10.989452,-5.517394408,8548.118672,84,238391.0,45.943161,24.96676,Romania,Romania,High income,Europe & Central Asia,11.298630140881377,9.053583477319524,200.44633818785428,-122.15511219312,81.96737378079308
Romania,2010,100.0,83.2,,,24.07,28.69,11.62,20.3,52.664577,19617.842,3.56,77620.00275,14.136739,-3.90123628,8214.076893,84,238391.0,45.943161,24.96676,Romania,Romania,High income,Europe & Central Asia,11.259593323545971,9.0137263905006,216.96039421934947,-93.9027572596,81.247263442807
Romania,2011,100.0,84.3,,,21.09,33.93,11.75,16.32,45.274193,20211.152,3.57,84059.99756,11.0333395,1.906067707,9099.217539,84,238391.0,45.943161,24.96676,Romania,Romania,High income,Europe & Central Asia,11.33929797572638,9.116053597603827,192.25757037346472,40.19896794063,83.10243319438567
Romania,2012,100.0,84.8,,,21.53,32.38,11.47,14.93,44.91324,19514.234,3.41,81849.99847,10.439118,2.040665131,8507.104775,84,238391.0,45.943161,24.96676,Romania,Romania,High income,Europe & Central Asia,11.31265578150313,9.048774491124414,194.82011479390863,43.93552027043,81.8803197912239
Romania,2013,100.0,85.3,,,23.07,26.78,11.62,20.15,54.261314,18270.229,3.0,72089.99634,14.889094,3.770962304,9547.852151,84,238391.0,45.943161,24.96676,Romania,Romania,High income,Europe & Central Asia,11.1856844380827,9.164176232638379,211.4175456869674,86.99610035328,83.98212602285416
Romania,2014,100.0,85.8,,,24.31,26.39,11.68,27.12,59.51833,19029.295,2.86,71540.00092,17.897146,3.608723653,10043.67745,84,238391.0,45.943161,24.96676,Romania,Romania,High income,Europe & Central Asia,11.17802600376909,9.214798166230743,224.01174342106935,87.72807200443,84.91250524436947
Romania,2015,100.0,86.2,,,23.67,28.09,11.64,26.19,57.38775,19213.441,2.8,73319.99969,18.517511,2.953674037,8969.148921,84,238391.0,45.943161,24.96676,Romania,Romania,High income,Europe & Central Asia,11.202602336476076,9.1016575570332,215.43623437497584,69.91346445579,82.84017028549955
Romania,2016,99.1,86.5,,,24.4,26.33,11.29,26.97,59.235176,19323.846,2.67,71589.99634,18.943087,4.702997747,9548.587403,84,238391.0,45.943161,24.96676,Romania,Romania,High income,Europe & Central Asia,11.178724595600272,9.164253228667116,223.60777877947763,114.7531450268,83.98353723913566
Romania,2017,100.0,87.1,,,23.35,28.15,11.51,24.29,55.981236,19747.191,2.61,74209.99908,16.684114,7.319448529,10807.00917,84,238391.0,45.943161,24.96676,Romania,Romania,High income,Europe & Central Asia,11.214667653749178,9.288042728085271,216.87579770079108,170.90912315215002,86.26773771873769
Romania,2018,100.0,87.1,,,23.03,26.87,11.38,26.19,58.302296,20218.59,2.52,75190.00244,17.542227,4.474523775,12398.98198,84,238391.0,45.943161,24.96676,Romania,Romania,High income,Europe & Central Asia,11.227786854375234,9.425450298366266,217.06812037137513,103.04828253824999,88.83911332697274
Romania,2019,100.0,87.7,,,23.54,23.27,11.28,24.63,60.679283,19839.047,2.38,73949.99695,16.837948,4.188260341,12899.34611,84,238391.0,45.943161,24.96676,Romania,Romania,High income,Europe & Central Asia,11.211157949454428,9.465009420222398,222.80632175203522,98.59164842714,89.58640332489873
Rwanda,2000,6.2,0.2,5.18,150000.0,86.78,0.0,0.0,0.11,100.0,357.7341,7.8,540.0,,8.37091824,260.6011858,525,26338.0,-1.940278,29.873888,Rwanda,Rwanda,Low income,Sub-Saharan Africa,6.293419278846481,5.566821152447388,483.08873960938433,726.4282848672,30.989497743335665
Rwanda,2001,4.572316,0.2,4.99,,86.89,0.0,0.0,0.09,99.99999,347.05887,7.19,560.0,,8.484564136,238.7812778,525,26338.0,-1.940278,29.873888,Rwanda,Rwanda,Low income,Sub-Saharan Africa,6.329720905522696,5.479727165316939,476.13349339438884,737.2237777770399,30.02740980631242
Rwanda,2002,5.932858,0.2,4.88,,87.13,0.0,0.0,0.1,100.0,348.555,6.35,560.0000024,,13.19207266,233.1512636,525,26338.0,-1.940278,29.873888,Rwanda,Rwanda,Low income,Sub-Saharan Africa,6.329720909800771,5.4559673321556685,475.37843365072337,1149.4252908657998,29.76757952954984
Rwanda,2003,7.2881646,0.2,4.8,,87.3,0.0,0.0,0.12,100.0,338.9526,6.2,550.0000119,,2.202365531,249.7433131,525,26338.0,-1.940278,29.873888,Rwanda,Rwanda,Low income,Sub-Saharan Africa,6.3117348307500105,5.52442975888925,482.2827179510315,192.2665108563,30.519324160901135
Rwanda,2004,8.640585,0.1,4.74,,87.55,0.01,0.0,0.08,88.888885,318.3206,5.77,560.0000024,,7.447679676,273.6336903,525,26338.0,-1.940278,29.873888,Rwanda,Rwanda,Low income,Sub-Saharan Africa,6.329720909800771,5.615438174446254,491.6316121727695,652.0443556338,31.53314589102828
Rwanda,2005,4.8,0.2,4.65,8140000.0,89.25,0.04,0.0,0.06,60.0,300.62256,6.95,550.0000119,,9.377899425,331.6901134,525,26338.0,-1.940278,29.873888,Rwanda,Rwanda,Low income,Sub-Saharan Africa,6.3117348307500105,5.8072114663219985,518.2936233692384,836.9775236812501,33.7237050145817
Rwanda,2006,11.346226,0.2,4.51,540000.0,90.59,0.12,0.0,0.04,25.0,283.97528,6.54,550.0000119,,9.227077874,366.8943924,525,26338.0,-1.940278,29.873888,Rwanda,Rwanda,Low income,Sub-Saharan Africa,6.3117348307500105,5.907795919809189,535.1872323755144,835.88098460566,34.9020526301141
Rwanda,2007,12.704503,0.2,4.44,20650000.0,90.31,0.11,0.0,0.04,26.666666,282.62943,6.31,579.9999833,,7.633281208,438.6641845,525,26338.0,-1.940278,29.873888,Rwanda,Rwanda,Low income,Sub-Saharan Africa,6.3647507281083655,6.086011218468447,549.6276731398855,689.36162589448,37.03953255132379
Rwanda,2008,6.0,0.2,4.32,26610000.0,90.63,0.11,0.0,0.07,38.888885,289.5234,5.88,560.0000024,,11.16124324,543.5453565,525,26338.0,-1.940278,29.873888,Rwanda,Rwanda,Low income,Sub-Saharan Africa,6.329720909800771,6.299951238261025,570.9645807235967,1011.5434748411999,39.68938560446662
Rwanda,2009,15.445461,0.2,4.23,23370000.0,90.54,0.14,0.0,0.1,41.666668,297.06317,5.73,589.9999738,,6.248259929,579.726615,525,26338.0,-1.940278,29.873888,Rwanda,Rwanda,Low income,Sub-Saharan Africa,6.381815973074456,6.36428010394353,576.2219206110473,565.71745397166,40.504061241451474
Rwanda,2010,9.7,0.2,5.05,2120000.0,90.66,0.16,0.0,0.11,40.740738,324.94382,5.55,600.0000238,,7.334656108,609.724917,525,26338.0,-1.940278,29.873888,Rwanda,Rwanda,Low income,Sub-Saharan Africa,6.3985949741358725,6.414646640117247,581.5518643930295,664.9599227512799,41.14769151756748
Rwanda,2011,10.8,0.3,5.48,6470000.0,89.64,0.18,0.0,0.13,41.935482,351.94574,5.37,680.0000072,,7.958406046,668.4946722,525,26338.0,-1.940278,29.873888,Rwanda,Rwanda,Low income,Sub-Saharan Africa,6.5235623167222,6.506523207220549,583.24474029525,713.39151796344,42.33484424609958
Rwanda,2012,17.5,0.3,5.48,720000.0,88.78,0.2,0.0,0.14,41.17647,376.87762,5.14,750.0,,8.641500169,725.1697703,525,26338.0,-1.940278,29.873888,Rwanda,Rwanda,Low income,Sub-Saharan Africa,6.621405651764134,6.5877838308761225,584.8634485051822,767.19238500382,43.39889580235288
Rwanda,2013,15.2,0.4,5.73,96720000.0,88.47,0.23,0.0,0.15,39.473686,390.73227,5.08,810.0000024,,4.719854196,722.8943285,525,26338.0,-1.940278,29.873888,Rwanda,Rwanda,Low income,Sub-Saharan Africa,6.698268057074722,6.584645426622735,582.5435808933134,417.56550072012,43.357555394343706
Rwanda,2014,19.8,0.5,6.96,48480000.0,87.95,0.26,0.0,0.21,44.68085,403.42975,4.87,860.0000143,,6.167166701,743.559038,525,26338.0,-1.940278,29.873888,Rwanda,Rwanda,Low income,Sub-Saharan Africa,6.758094521036325,6.61279214783837,581.5950694023846,542.40231135295,43.729019990512796
Rwanda,2015,22.8,0.6,9.6,,86.31,0.28,0.0,0.3,51.724144,436.2136,4.58,980.0000191,,8.856844355,751.0773926,525,26338.0,-1.940278,29.873888,Rwanda,Rwanda,Low income,Sub-Saharan Africa,6.888572479035291,6.622839234345872,571.6172543163923,764.43423628005,43.861999523991024
Rwanda,2016,29.37,0.9,10.14,41630000.0,86.23,0.36,0.0,0.31,46.268654,429.51797,4.35,1159.999967,,5.970744298,744.7607488,525,26338.0,-1.940278,29.873888,Rwanda,Rwanda,Low income,Sub-Saharan Africa,7.057036953274118,6.614404836700305,570.3601290686673,514.85728081654,43.750351343764386
Rwanda,2017,34.1,1.1,10.59,81040000.0,85.98,0.4,0.0,0.36,47.368423,458.82095,4.28,1190.000057,,3.976289694,772.3169891,525,26338.0,-1.940278,29.873888,Rwanda,Rwanda,Low income,Sub-Saharan Africa,7.082548617214241,6.65068904098442,571.8262437438405,341.88138789012004,44.23166471987027
Rwanda,2018,36.96815,1.4,10.61,15840000.0,84.5,0.49,0.0,0.37,43.023254,491.12625,4.01,1289.999962,,8.579424541,783.6371628,525,26338.0,-1.940278,29.873888,Rwanda,Rwanda,Low income,Sub-Saharan Africa,7.163172361412095,6.665221397935425,563.2112081255434,724.9613737145,44.425176283496256
Rwanda,2019,40.368607,1.9,11.2,1560000.0,77.86,0.55,0.0,0.47,46.078434,525.5729,3.94,1330.000043,,9.460682482,820.1492886,525,26338.0,-1.940278,29.873888,Rwanda,Rwanda,Low income,Sub-Saharan Africa,7.193685850701647,6.710704930437217,522.4954858838418,736.60873804852,45.03356066339437
Samoa,2000,87.85783,18.6,86.04,,59.69,0.05,0.0,0.05,50.0,5050.979,5.31,150.0,,6.918794454,1542.066736,70,2831.0,-13.759029,-172.104629,Samoa,Samoa,Upper middle income,East Asia & Pacific,5.017279836814924,7.341527102237982,438.2157527325851,412.98284095926,53.89802019289482
Samoa,2001,88.58465,19.4,85.58,,52.41,0.05,0.0,0.06,54.545456,5352.6963,4.67,160.0,,6.939761793,1556.999425,70,2831.0,-13.759029,-172.104629,Samoa,Samoa,Upper middle income,East Asia & Pacific,5.081404364984463,7.351157857367724,385.2741833046424,363.71291557112994,54.03952184393923
Samoa,2002,89.30388,19.9,85.09,,49.58,0.05,0.0,0.07,58.333336,5618.493,4.48,170.0000018,,4.343996108,1633.007661,70,2831.0,-13.759029,-172.104629,Samoa,Samoa,Upper middle income,East Asia & Pacific,5.141663567028975,7.3987909639034495,366.832055990333,215.37532703463998,54.742107727539334
Samoa,2003,90.01788,20.8,84.57,,52.41,0.05,0.0,0.06,54.545456,5643.448,4.48,170.0000018,,4.515482455,1909.154441,70,2831.0,-13.759029,-172.104629,Samoa,Samoa,Upper middle income,East Asia & Pacific,5.141663567028975,7.554939376934053,395.9543727451137,236.65643546654996,57.0771089891487
Samoa,2004,90.729,21.5,84.04,,48.82,0.05,0.0,0.06,54.545456,5624.824,4.19,189.9999976,,4.625000762,2353.455973,70,2831.0,-13.759029,-172.104629,Samoa,Samoa,Upper middle income,East Asia & Pacific,5.252273415481185,7.7640649704219244,379.04165185599834,225.79253720084,60.2807048649328
Samoa,2005,91.43957,22.3,83.6,,48.89,0.05,0.0,0.06,54.545456,5678.59,4.12,209.9999934,,4.156489543,2590.489858,70,2831.0,-13.759029,-172.104629,Samoa,Samoa,Upper middle income,East Asia & Pacific,5.351858102196445,7.85998822405853,384.27482427422154,203.21077375727,61.77941488233877
Samoa,2006,96.37173,23.2,69.24,,45.96,0.06,0.0,0.05,45.454544,5844.4766,3.8,200.000003,,1.968808341,2796.601169,70,2831.0,-13.759029,-172.104629,Samoa,Samoa,Upper middle income,East Asia & Pacific,5.303304922984449,7.936517603607243,364.7623490617889,90.48643135236,62.98831167236765
Samoa,2007,92.86899,24.0,68.8,,43.18,0.06,0.0,0.05,45.454544,6201.1836,3.6,200.000003,,6.322644804,3133.671327,70,2831.0,-13.759029,-172.104629,Samoa,Samoa,Upper middle income,East Asia & Pacific,5.303304922984449,8.05027960769853,347.6110734604225,273.01180263672,64.80700176212679
Samoa,2008,98.1,25.1,68.34,,44.87,0.06,0.0,0.05,45.454544,6318.109,3.31,170.0000018,,1.009087755,3378.953029,70,2831.0,-13.759029,-172.104629,Samoa,Samoa,Upper middle income,East Asia & Pacific,5.141663567028975,8.125617091634942,364.5964389016598,45.277767566849995,66.02565311986989
Samoa,2009,97.9,25.9,67.86,0.0,43.28,0.06,0.0,0.05,45.454544,6564.24,3.56,180.0000072,,-4.808273849,3168.228207,70,2831.0,-13.759029,-172.104629,Samoa,Samoa,Upper middle income,East Asia & Pacific,5.19849707104483,8.061243369404881,348.89061302784324,-208.10209218472,64.98364466077416
Samoa,2010,96.36105,26.8,67.35,200000.0,41.28,0.06,0.0,0.05,45.454544,6500.349,3.75,189.9999976,,0.467245822,3566.42836,70,2831.0,-13.759029,-172.104629,Samoa,Samoa,Upper middle income,East Asia & Pacific,5.252273415481185,8.179600267859941,337.6538990572584,19.28790753216,66.90586054197442
Samoa,2011,96.66857,27.8,66.81,,40.26,0.07,0.0,0.05,41.666668,6521.698,3.59,200.000003,,4.103640825,3932.105847,70,2831.0,-13.759029,-172.104629,Samoa,Samoa,Upper middle income,East Asia & Pacific,5.303304922984449,8.277184684604634,333.23945540218256,165.21257961450002,68.51178630305353
Samoa,2012,96.826935,28.6,46.98,,40.26,0.07,0.0,0.04,36.363636,6256.2554,3.86,200.000003,,-4.084494013,4020.959844,70,2831.0,-13.759029,-172.104629,Samoa,Samoa,Upper middle income,East Asia & Pacific,5.303304922984449,8.299524586195238,334.1388598402203,-164.44172896337997,68.88210835685923
Samoa,2013,97.416534,29.5,47.37,4700000.0,42.61,0.08,0.0,0.03,27.272728,6016.6445,3.94,200.000003,,-0.342327336,4037.813829,70,2831.0,-13.759029,-172.104629,Samoa,Samoa,Upper middle income,East Asia & Pacific,5.303304922984449,8.303706321161147,353.8209263446765,-14.58656778696,68.9515386680916
Samoa,2014,97.9,30.4,65.1,32460000.0,41.24,0.09,0.0,0.03,25.0,6062.045,4.11,209.9999934,,0.052170614,3937.186246,70,2831.0,-13.759029,-172.104629,Samoa,Samoa,Upper middle income,East Asia & Pacific,5.351858102196445,8.278475552646487,341.40433179114115,2.15151612136,68.53315747576556
Samoa,2015,99.067085,31.4,73.4,10000.0,37.47,0.09,0.0,0.04,30.769232,6971.546,4.31,239.9999946,,4.296880765,4071.926959,70,2831.0,-13.759029,-172.104629,Samoa,Samoa,Upper middle income,East Asia & Pacific,5.484796911084016,8.312117174514377,311.4550305290537,161.00412226455,69.09129192285687
Samoa,2016,99.62329,32.4,85.61,0.0,36.82,0.09,0.0,0.05,35.714287,7356.9272,4.11,300.0000119,,8.126249353,4109.663228,70,2831.0,-13.759029,-172.104629,Samoa,Samoa,Upper middle income,East Asia & Pacific,5.707110304283758,8.321339663814713,306.3917264216578,299.20850117746,69.24469380057597
Samoa,2017,96.8,33.6,135.77,2050000.0,35.79,0.09,0.0,0.05,35.714287,7347.693,4.17,310.0000024,,1.042433719,4258.978767,70,2831.0,-13.759029,-172.104629,Samoa,Samoa,Upper middle income,East Asia & Pacific,5.739792919896276,8.357019454978694,299.09772629368746,37.30870280300999,69.83977417089238
Samoa,2018,99.99448,34.6,136.05,,36.63,0.09,0.0,0.06,40.0,7217.7256,4.23,289.9999917,,-1.233162407,4187.504729,70,2831.0,-13.759029,-172.104629,Samoa,Samoa,Upper middle income,East Asia & Pacific,5.673323238649155,8.340099082637037,305.4978293969947,-45.17073896841001,69.55725270820315
Samoa,2019,99.2,35.3,142.74,,34.21,0.09,0.0,0.06,40.0,7697.959,4.44,300.0000119,,4.379825545,4322.868457,70,2831.0,-13.759029,-172.104629,Samoa,Samoa,Upper middle income,East Asia & Pacific,5.707110304283758,8.371905756695982,286.40289593656956,149.83383189445001,70.08880599899933
Sao Tome and Principe,2002,52.587242,0.4,15.73,1220000.0,55.34,0.02,0.0,0.01,33.333336,2061.275,4.48,59.99999866,,2.37687824,577.628404,242,836.0,0.3301924,6.733343,Sao Tome and Principe,,,,4.1108738422060975,6.360660482246207,351.9989510875051,131.5364418016,40.45800177040855
Sao Tome and Principe,2003,53.678078,0.5,15.43,0.0,51.81,0.02,0.0,0.01,33.333336,2237.827,4.53,70.0000003,,6.573476922,678.7379639,242,836.0,0.3301924,6.733343,Sao Tome and Principe,,,,4.262679881266667,6.521707376698957,337.889659186773,340.57183932882003,42.53266710728958
Sao Tome and Principe,2004,54.76602,0.5,15.09,70000.0,48.92,0.03,0.0,0.01,25.0,2468.292,4.64,70.0000003,,3.832223902,745.3202999,242,836.0,0.3301924,6.733343,Sao Tome and Principe,,,,4.262679881266667,6.615154864490979,323.6133759708987,187.47239328584,43.76027388119866
Sao Tome and Principe,2005,55.853436,0.6,14.73,190000.0,47.94,0.04,0.0,0.0,0.0,2544.832,4.5,79.99999821,,7.093773747,866.5049956,242,836.0,0.3301924,6.733343,Sao Tome and Principe,,,,4.394449132573673,6.765621270421148,324.34388370398983,340.07551343118,45.77363117477507
Sao Tome and Principe,2006,56.94272,0.7,14.35,,47.33,0.03,0.0,0.01,25.0,2640.5337,4.23,79.99999821,,9.115642105,883.0970413,242,836.0,0.3301924,6.733343,Sao Tome and Principe,,,,4.394449132573673,6.784566831839029,321.1135481509412,431.44334082964997,46.030347095690274
Sao Tome and Principe,2007,58.036522,0.8,13.95,,47.69,0.03,0.0,0.01,25.0,2680.9502,4.12,79.99999821,,3.253605149,896.8677913,242,836.0,0.3301924,6.733343,Sao Tome and Principe,,,,4.394449132573673,6.800022831739598,324.29308884566143,155.16442955581,46.240310512179825
Sao Tome and Principe,2008,59.137558,0.9,13.56,,46.04,0.04,0.0,0.01,20.0,2823.5872,3.98,90.00000358,,8.186174056,1098.755219,242,836.0,0.3301924,6.733343,Sao Tome and Principe,,,,4.5108595458575085,7.002842905841574,322.4108873849461,376.89145353824,49.039808763895664
Sao Tome and Principe,2009,56.9,1.1,13.19,,45.41,0.04,0.0,0.01,20.0,2932.4563,4.02,90.00000358,,2.426282361,1067.908053,242,836.0,0.3301924,6.733343,Sao Tome and Principe,,,,4.5108595458575085,6.97439289516489,316.7071813694376,110.17748201300999,48.64215625612649
Sao Tome and Principe,2010,61.372158,1.2,12.86,120000.0,43.76,0.05,0.0,0.0,0.0,3090.176,3.98,100.0000015,,6.671983657,1090.260763,242,836.0,0.3301924,6.733343,Sao Tome and Principe,,,,4.615120531692744,6.995088970106318,306.10509333185246,291.96600483032,48.931269699703066
Sao Tome and Principe,2011,62.511143,1.3,12.57,260000.0,43.12,0.05,0.0,0.01,16.666668,3131.0225,3.77,100.0000015,,4.398202015,1254.541598,242,836.0,0.3301924,6.733343,Sao Tome and Principe,,,,4.615120531692744,7.135322310665254,307.67509803588575,189.65047088679998,50.912824477077336
Sao Tome and Principe,2012,57.9,1.5,12.31,20000.0,38.89,0.05,0.0,0.01,16.666668,3240.6765,3.95,119.9999973,,3.14197646,1330.620114,242,836.0,0.3301924,6.733343,Sao Tome and Principe,,,,4.795790523282691,7.194151610723466,279.7805561410356,122.1914645294,51.755817398075045
Sao Tome and Principe,2013,64.84508,1.7,12.41,5060000.0,39.36,0.06,0.0,0.01,14.285714,3176.864,3.85,119.9999973,,4.814792654,1564.768548,242,836.0,0.3301924,6.733343,Sao Tome and Principe,,,,4.795790523282691,7.356132067415511,289.5373581734745,189.51023886143997,54.112678993258804
Sao Tome and Principe,2014,68.6,1.9,12.35,120000.0,39.63,0.07,0.0,0.01,12.5,3116.3354,3.6,119.9999973,,6.549934955,1770.467688,242,836.0,0.3301924,6.733343,Sao Tome and Principe,,,,4.795790523282691,7.479563684229497,296.415108806015,259.57392226665,55.943872906444724
Sao Tome and Principe,2015,67.2493,2.1,12.23,350000.0,40.23,0.07,0.0,0.01,12.5,3200.083,3.62,119.9999973,,3.911337989,1584.775657,242,836.0,0.3301924,6.733343,Sao Tome and Principe,,,,4.795790523282691,7.368828940108798,296.4479882605769,157.35312729747,54.29963994858495
Sao Tome and Principe,2016,69.32052,2.3,12.19,310000.0,39.2,0.08,0.0,0.01,11.111111,3249.4163,3.58,129.9999952,,4.164768974,1700.097997,242,836.0,0.3301924,6.733343,Sao Tome and Principe,,,,4.87519728655993,7.439029202141445,291.60994472394464,163.25894378080002,55.33915547031318
Sao Tome and Principe,2017,74.27,2.6,12.73,10000.0,38.42,0.08,0.0,0.01,11.111111,3250.4734,3.55,140.0000006,,3.848980918,1813.807434,242,836.0,0.3301924,6.733343,Sao Tome and Principe,,,,4.948759894633487,7.503734644100573,288.293485026344,147.87784686956002,56.30603360907514
Sao Tome and Principe,2018,71.0,2.7,12.58,,37.85,0.08,0.0,0.01,11.111111,3149.711,3.49,140.0000006,,2.945268909,1953.513257,242,836.0,0.3301924,6.733343,Sao Tome and Principe,,,,4.948759894633487,7.577896468018909,286.8233813145157,111.47842820565,57.424514880013454
Sao Tome and Principe,2019,74.9672,3.0,12.34,,37.09,0.08,0.0,0.01,11.111111,3418.4949,3.47,150.000006,,2.210855833,1987.579702,242,836.0,0.3301924,6.733343,Sao Tome and Principe,,,,5.017279876550023,7.595175945312948,281.70507581165725,82.00064284597,57.686697640260434
Saudi Arabia,2000,100.0,100.0,0.02,,0.01,138.68,,0.0,0.0,61950.85,4.73,249660.0,0.0,5.625416143,9171.331476,16,2149690.0,23.885942,45.079162,Saudi Arabia,Saudi Arabia,High income,"Middle East, North Africa, Afghanistan & Pakistan",12.427859276644428,9.12394678331604,0.09123946783316039,0.05625416143,83.2464049047831
Saudi Arabia,2001,100.0,100.0,0.02,,0.01,146.09,,0.0,0.0,64399.926,4.91,254090.0,0.0,-1.210743863,8684.645762,16,2149690.0,23.885942,45.079162,Saudi Arabia,Saudi Arabia,High income,"Middle East, North Africa, Afghanistan & Pakistan",12.445447749554654,9.069427029624404,0.09069427029624404,-0.01210743863,82.25450664568173
Saudi Arabia,2002,100.0,100.0,0.02,,0.01,154.91,,0.0,0.0,65480.074,5.74,272250.0,0.0,-2.819174404,8695.396483,16,2149690.0,23.885942,45.079162,Saudi Arabia,Saudi Arabia,High income,"Middle East, North Africa, Afghanistan & Pakistan",12.514479713883043,9.070664021482935,0.09070664021482935,-0.02819174404,82.27694579062498
Saudi Arabia,2003,100.0,100.0,0.02,,0.01,166.58,,0.0,0.0,67781.13,5.18,284829.9866,0.0,11.24206139,9609.968686,16,2149690.0,23.885942,45.079162,Saudi Arabia,Saudi Arabia,High income,"Middle East, North Africa, Afghanistan & Pakistan",12.559651253865574,9.170660296676264,0.09170660296676264,0.11242061390000001,84.10101027703438
Saudi Arabia,2004,100.0,100.0,0.01,,0.01,173.41,,0.0,0.0,71949.19,4.83,299890.0146,0.0,7.958441664,11185.13704,16,2149690.0,23.885942,45.079162,Saudi Arabia,Saudi Arabia,High income,"Middle East, North Africa, Afghanistan & Pakistan",12.61117440296781,9.32243052633456,0.0932243052633456,0.07958441664,86.90771091833447
Saudi Arabia,2005,100.0,100.0,0.01,,0.01,191.05,,0.0,0.0,74232.79,4.87,315290.0085,0.0,5.573850121,13791.45476,16,2149690.0,23.885942,45.079162,Saudi Arabia,Saudi Arabia,High income,"Middle East, North Africa, Afghanistan & Pakistan",12.661251327841402,9.531876965097705,0.09531876965097706,0.055738501210000006,90.85667847776024
Saudi Arabia,2006,100.0,100.0,0.01,,0.01,196.31,,0.0,0.0,74860.33,5.08,335440.0024,0.0,2.788402228,15384.73836,16,2149690.0,23.885942,45.079162,Saudi Arabia,Saudi Arabia,High income,"Middle East, North Africa, Afghanistan & Pakistan",12.723201370154035,9.641196278804749,0.09641196278804749,0.02788402228,92.95266568643854
Saudi Arabia,2007,100.0,100.0,0.01,,0.01,204.43,,0.0,0.0,73638.34,5.24,354619.9951,0.0,1.847130252,16516.63178,16,2149690.0,23.885942,45.079162,Saudi Arabia,Saudi Arabia,High income,"Middle East, North Africa, Afghanistan & Pakistan",12.77880487870935,9.71218368207715,0.0971218368207715,0.01847130252,94.32651187440567
Saudi Arabia,2008,100.0,100.0,0.01,,0.01,204.2,,0.0,0.0,77575.414,5.4,389720.0012,8.17e-05,6.249772755,20078.26007,16,2149690.0,23.885942,45.079162,Saudi Arabia,Saudi Arabia,High income,"Middle East, North Africa, Afghanistan & Pakistan",12.873186380559892,9.907442724023134,0.09907442724023134,0.06249772755000001,98.15742132979895
Saudi Arabia,2009,100.0,100.0,0.01,,0.01,217.31,,0.0,0.0,77417.27,5.79,406529.9988,7.74e-05,-2.05924919,16113.14371,16,2149690.0,23.885942,45.079162,Saudi Arabia,Saudi Arabia,High income,"Middle East, North Africa, Afghanistan & Pakistan",12.915415462873101,9.687452656629258,0.09687452656629258,-0.020592491900000003,93.84673897443326
Saudi Arabia,2010,100.0,100.0,0.09,,0.01,240.06,,0.0,0.0,83337.16,6.08,446130.0049,0.000468167,5.039484027,19262.5476,16,2149690.0,23.885942,45.079162,Saudi Arabia,Saudi Arabia,High income,"Middle East, North Africa, Afghanistan & Pakistan",13.008367920830763,9.86596986361352,0.0986596986361352,0.050394840270000005,97.33736134973017
Saudi Arabia,2011,100.0,100.0,0.1,,0.01,250.07,,0.01,0.003998721,84816.25,5.79,463769.989,0.000582545,9.996846554,23745.88058,16,2149690.0,23.885942,45.079162,Saudi Arabia,Saudi Arabia,High income,"Middle East, North Africa, Afghanistan & Pakistan",13.047146151178802,10.075206456836408,0.10075206456836408,0.09996846554,101.50978514787805
Saudi Arabia,2012,100.0,100.0,0.47,,0.01,271.68,,0.03,0.011041184,88062.086,5.64,492470.0012,0.002598472,5.411444902,25243.602,16,2149690.0,23.885942,45.079162,Saudi Arabia,Saudi Arabia,High income,"Middle East, North Africa, Afghanistan & Pakistan",13.107190857048554,10.136367629670621,0.10136367629670621,0.054114449020000004,102.74594872383442
Saudi Arabia,2013,100.0,100.0,0.75,,0.01,284.02,,0.04,0.014081532,86753.6,5.46,503209.9915,0.004260368,2.699254723,24845.12466,16,2149690.0,23.885942,45.079162,Saudi Arabia,Saudi Arabia,High income,"Middle East, North Africa, Afghanistan & Pakistan",13.128764827333306,10.120457070067644,0.10120457070067644,0.02699254723,102.42365130708217
Saudi Arabia,2014,100.0,100.0,0.79,,0.01,311.81,,0.05,0.016032835,91258.06,5.81,540520.0195,0.004248494,3.652481698,24464.21256,16,2149690.0,23.885942,45.079162,Saudi Arabia,Saudi Arabia,High income,"Middle East, North Africa, Afghanistan & Pakistan",13.200288804296918,10.105007492015748,0.10105007492015748,0.03652481698,102.1111764136944
Saudi Arabia,2015,100.0,100.0,0.76,,0.01,338.34,,0.05,0.01477585,93332.54,5.84,565190.0024,0.004093797,4.10640887,20627.92693,16,2149690.0,23.885942,45.079162,Saudi Arabia,Saudi Arabia,High income,"Middle East, North Africa, Afghanistan & Pakistan",13.244919010345201,9.934449589685808,0.09934449589685809,0.0410640887,98.69328865000853
Saudi Arabia,2016,99.9,100.0,0.75,,0.01,337.38,,0.05,0.014817889,95158.55,5.7,561229.9805,0.003963404,1.670624758,19878.76384,16,2149690.0,23.885942,45.079162,Saudi Arabia,Saudi Arabia,High income,"Middle East, North Africa, Afghanistan & Pakistan",13.237887829713841,9.897457600864351,0.09897457600864351,0.01670624758,97.95966696090753
Saudi Arabia,2017,99.93,100.0,1.12,,0.02,354.3,,0.07,0.019753365,93054.375,5.85,545070.0073,0.005624967,-0.741502653,20802.46631,16,2149690.0,23.885942,45.079162,Saudi Arabia,Saudi Arabia,High income,"Middle East, North Africa, Afghanistan & Pakistan",13.208671353782409,9.942874901324151,0.19885749802648303,-0.014830053059999999,98.86076130338175
Saudi Arabia,2018,100.0,100.0,2.59,,0.02,334.7,,0.16,0.047781166,88573.47,5.58,521260.0098,0.013882196,2.434110781,23337.01755,16,2149690.0,23.885942,45.079162,Saudi Arabia,Saudi Arabia,High income,"Middle East, North Africa, Afghanistan & Pakistan",13.164006173790549,10.057838964358229,0.20115677928716458,0.04868221562,101.16012463296262
Saudi Arabia,2019,100.0,100.0,12.04,,0.03,335.24,,0.21,0.062602475,82989.266,5.58,523780.0293,0.018180711,0.331435729,23139.79798,16,2149690.0,23.885942,45.079162,Saudi Arabia,Saudi Arabia,High income,"Middle East, North Africa, Afghanistan & Pakistan",13.168828992950473,10.049352485027754,0.3014805745508326,0.00994307187,100.98948536833349
Senegal,2000,37.74,34.8,1.05,160000.0,47.52,1.39,0.0,0.05,3.472222,2051.4053,3.95,4060.0,,3.887210958,613.7323845,87,196722.0,14.497401,-14.452362,Senegal,Senegal,Lower middle income,Sub-Saharan Africa,8.309184527686298,6.421187025948049,305.1348074730513,184.72026472416002,41.23164282220355
Senegal,2001,38.757618,35.9,1.04,11490000.0,45.83,1.63,0.0,0.05,2.9761906,2183.0105,4.09,4460.0,,4.310851466,648.4414733,87,196722.0,14.497401,-14.452362,Senegal,Senegal,Lower middle income,Sub-Saharan Africa,8.403128235128264,6.476112721657859,296.8002460335797,197.56632268677998,41.94003598361876
Senegal,2002,36.8,37.0,1.03,2030000.0,43.76,1.55,0.0,0.24,13.407822,2211.216,4.13,4579.999924,,0.068696575,681.3118508,87,196722.0,14.497401,-14.452362,Senegal,Senegal,Lower middle income,Sub-Saharan Africa,8.429672577296477,6.525486812569851,285.55530291805667,3.0061621219999997,42.581978141023036
Senegal,2003,41.964134,37.9,1.02,33840000.0,43.66,1.52,0.0,0.38,20.0,2175.09,3.78,4489.999771,,5.593950945,831.8310403,87,196722.0,14.497401,-14.452362,Senegal,Senegal,Lower middle income,Sub-Saharan Africa,8.409830622096866,6.724830788820385,293.606112239898,244.23189825869997,45.2233491382666
Senegal,2004,36.8,38.5,1.0,13420000.0,39.88,1.65,0.0,0.34,17.085426,2244.3047,3.87,5389.999866,,4.643293937,932.1680954,87,196722.0,14.497401,-14.452362,Senegal,Senegal,Lower middle income,Sub-Saharan Africa,8.592486150595427,6.838585351178784,272.7227838050099,185.17456220756003,46.766249605357054
Senegal,2005,47.1,38.8,0.99,6640000.0,40.32,1.94,0.0,0.32,14.159292,2270.2583,3.79,5670.000076,,4.310238526,992.6880581,87,196722.0,14.497401,-14.452362,Senegal,Senegal,Lower middle income,Sub-Saharan Africa,8.643120761415544,6.901423332554157,278.2653887685836,173.78881736832,47.62964401512293
Senegal,2006,49.9,38.4,0.98,33410000.0,43.35,1.99,0.0,0.29,12.719298,2172.189,3.72,5570.000172,,2.330770983,1027.731441,87,196722.0,14.497401,-14.452362,Senegal,Senegal,Lower middle income,Sub-Saharan Africa,8.625329880894984,6.936081711488332,300.6791421930192,101.03892211304999,48.10922950844291
Senegal,2007,48.36181,37.6,0.97,710000.0,40.01,2.22,0.0,0.24,9.756098,2281.3833,3.88,6199.999809,,2.827119201,1197.409561,87,196722.0,14.497401,-14.452362,Senegal,Senegal,Lower middle income,Sub-Saharan Africa,8.732465817548395,7.088750590868647,283.6209111406545,113.11303923201,50.25038493954059
Senegal,2008,49.972652,36.7,0.96,,39.81,2.31,0.0,0.28,10.810811,2277.5132,3.92,6440.000057,,3.703169064,1403.949385,87,196722.0,14.497401,-14.452362,Senegal,Senegal,Lower middle income,Sub-Saharan Africa,8.770439095396448,7.247756556207901,288.53318850263656,147.42316043784,52.529975098054614
Senegal,2009,53.5,35.4,0.96,38090000.0,51.31,2.36,0.0,0.29,10.943396,2122.7695,4.59,6670.000076,,2.752104485,1308.937808,87,196722.0,14.497401,-14.452362,Senegal,Senegal,Lower middle income,Sub-Saharan Africa,8.80552506410211,7.177734940259072,368.28957978469305,141.21048112535,51.51987887261591
Senegal,2010,56.5,33.85,2.23,1090000.0,49.55,2.42,0.0,0.4,14.184398,2142.2065,4.68,7030.00021,,3.390889253,1271.583281,87,196722.0,14.497401,-14.452362,Senegal,Senegal,Lower middle income,Sub-Saharan Africa,8.85808425206689,7.148804193041482,354.2232477652054,168.01856248615,51.10540139044747
Senegal,2011,56.5,32.4,2.29,1440000.0,47.97,2.47,0.0,0.39,13.636364,2183.9285,4.79,7570.000172,,1.33409108,1366.774501,87,196722.0,14.497401,-14.452362,Senegal,Senegal,Lower middle income,Sub-Saharan Africa,8.932080460821574,7.220940246144853,346.38850360756857,63.996349107600004,52.141978038394484
Senegal,2012,56.5,30.8,2.31,8590000.0,49.6,2.71,0.0,0.45,14.240506,2091.1333,4.51,7449.999809,,4.002995551,1317.779802,87,196722.0,14.497401,-14.452362,Senegal,Senegal,Lower middle income,Sub-Saharan Africa,8.916103504919585,7.184462195642016,356.34932490384404,198.5485793296,51.6164970406093
Senegal,2013,57.0,29.3,2.32,18400000.0,42.69,2.83,0.0,0.47,14.242424,2117.2896,4.07,8010.000229,,2.412385276,1372.665779,87,196722.0,14.497401,-14.452362,Senegal,Senegal,Lower middle income,Sub-Saharan Africa,8.988570904800811,7.225238196468121,308.44541860722404,102.98472743244,52.20406699570191
Senegal,2014,61.0,28.4,2.4,120000.0,42.53,3.15,0.0,0.49,13.461538,2286.8188,4.15,8569.999695,,6.224074438,1396.657339,87,196722.0,14.497401,-14.452362,Senegal,Senegal,Lower middle income,Sub-Saharan Africa,9.05613965531377,7.242552784738432,308.02576993492556,264.70988584814,52.45457083972242
Senegal,2015,60.5,27.3,2.33,32310000.0,39.11,3.36,0.0,0.53,13.624678,2580.8828,4.19,9289.999962,,6.367043651,1219.249415,87,196722.0,14.497401,-14.452362,Senegal,Senegal,Lower middle income,Sub-Saharan Africa,9.136801464551333,7.1068105553571845,277.94736082001947,249.01507719061001,50.50675626973629
Senegal,2016,64.5,26.5,4.47,319870000.0,36.72,3.68,0.0,0.49,11.750599,2429.8923,3.93,10130.00011,,6.356068572,1269.903294,87,196722.0,14.497401,-14.452362,Senegal,Senegal,Lower middle income,Sub-Saharan Africa,9.223355319911441,7.147483181748699,262.4555824338122,233.39483796384,51.0865158333805
Senegal,2017,61.7,25.9,8.56,8550000.0,37.93,3.9,0.0,0.58,12.946428,2509.5967,3.65,9800.000191,,7.407486186,1361.701972,87,196722.0,14.497401,-14.452362,Senegal,Senegal,Lower middle income,Sub-Saharan Africa,9.190239719756987,7.217224751881755,273.749334838875,280.96595103498,52.088333119174656
Senegal,2018,66.0,25.2,10.91,83950000.0,36.15,3.97,0.0,0.7,14.989293,2541.6353,3.48,10180.00031,,6.209241034,1458.069093,87,196722.0,14.497401,-14.452362,Senegal,Senegal,Lower middle income,Sub-Saharan Africa,9.228278547556071,7.285553903810006,263.3727736227317,224.46406337909997,53.07929568532121
Senegal,2019,70.4,24.7,15.1,68930000.0,37.2,4.45,0.0,0.72,13.926498,2753.3909,3.67,10619.99989,,4.402406836,1430.148259,87,196722.0,14.497401,-14.452362,Senegal,Senegal,Lower middle income,Sub-Saharan Africa,9.2705884419647,7.266232379361015,270.3038445122298,163.76953429920002,52.798132990874436
Serbia,2007,100.0,64.6,,,14.03,26.51,0.0,9.46,26.299694,26348.527,6.78,51459.99908,,6.439525554,5848.476405,100,77474.0,44.016521,21.005859,Serbia,Serbia,Upper middle income,Europe & Central Asia,10.848579500338294,8.67410743280143,121.69772728220406,90.34654352262,75.240139755781
Serbia,2008,100.0,65.3,,,15.5,27.26,0.0,9.56,25.964151,26371.516,6.53,49830.00183,,5.655576622,7101.040141,100,77474.0,44.016521,21.005859,Serbia,Serbia,Upper middle income,Europe & Central Asia,10.816392596030202,8.8681373655569,137.45612916613194,87.66143764099999,78.64386033438646
Serbia,2009,100.0,66.1,,,20.68,27.17,0.0,10.54,27.950146,25290.535,6.05,46869.99893,,-2.731751989,6169.114195,100,77474.0,44.016521,21.005859,Serbia,Serbia,Upper middle income,Europe & Central Asia,10.755154403469668,8.727472624831888,180.48413388152343,-56.49263113252,76.16877841719001
Serbia,2010,99.7184,67.4,,,20.47,25.53,0.0,11.89,31.774454,26212.14,6.19,47099.99847,,0.731044553,5735.422857,100,77474.0,44.016521,21.005859,Serbia,Serbia,Upper middle income,Europe & Central Asia,10.760049478718244,8.654591099401891,177.1594798047567,14.96448199991,74.90194709784643
Serbia,2011,100.0,67.9,,,17.44,29.35,0.0,8.67,22.803787,26607.537,6.29,51229.99954,,2.036276689,6809.159804,100,77474.0,44.016521,21.005859,Serbia,Serbia,Upper middle income,Europe & Central Asia,10.84410008757641,8.82617086494753,153.92841988468493,35.51266545616001,77.90129213724863
Serbia,2012,100.0,69.2,,,19.47,26.89,0.0,9.3,25.697708,25157.438,5.69,45790.00092,,-0.681542369,6015.945228,100,77474.0,44.016521,21.005859,Serbia,Serbia,Upper middle income,Europe & Central Asia,10.7318428643334,8.702334972303733,169.43446191075367,-13.26962992443,75.73063397018062
Serbia,2013,99.92,70.45,,,20.03,29.01,0.0,10.22,26.05149,25155.992,5.66,46470.00122,,2.892636734,6755.073675,100,77474.0,44.016521,21.005859,Serbia,Serbia,Upper middle income,Europe & Central Asia,10.746583767360157,8.818197182989604,176.62848957528178,57.93951378202,77.76060155808578
Serbia,2014,99.6608,71.6,,,23.25,22.41,0.0,11.03,32.98445,22474.787,5.12,38959.99908,,-1.58951032,6600.056809,100,77474.0,44.016521,21.005859,Serbia,Serbia,Upper middle income,Europe & Central Asia,10.570316401164844,8.794985037772022,204.48340212819951,-36.95611494,77.35176181463375
Serbia,2015,99.9,73.0,,,21.24,27.48,0.0,10.11,26.895449,24964.81,5.59,45389.99939,,1.806059265,5588.980728,100,77474.0,44.016521,21.005859,Serbia,Serbia,Upper middle income,Europe & Central Asia,10.723069113053462,8.628731118558228,183.27424895817674,38.3606987886,74.45500071637514
Serbia,2016,100.0,74.4,,,20.91,27.75,0.0,10.86,28.127428,25665.121,5.6,46619.99893,,3.338586765,5765.200762,100,77474.0,44.016521,21.005859,Serbia,Serbia,Upper middle income,Europe & Central Asia,10.749806339430119,8.65976869583709,181.07576342995358,69.80984925615,74.99159386540003
Serbia,2017,100.0,75.7,,,20.0,27.15,0.0,9.29,25.493963,26359.041,5.61,47340.00015,,2.101163847,6292.543629,100,77474.0,44.016521,21.005859,Serbia,Serbia,Upper middle income,Europe & Central Asia,10.765132009798753,8.747279566098092,174.94559132196184,42.02327694,76.51489980747722
Serbia,2018,100.0,77.3,,,21.05,25.77,0.0,10.9,29.724571,26481.451,5.28,46130.00107,,4.495121293,7252.401858,100,77474.0,44.016521,21.005859,Serbia,Serbia,Upper middle income,Europe & Central Asia,10.739240477378617,8.889225859591702,187.11820434440534,94.62230321765001,79.01833638283384
Serbia,2019,99.8,78.6,,,21.53,26.35,0.0,10.51,28.513292,26602.787,5.04,45950.00076,,4.331734906,7417.203649,100,77474.0,44.016521,21.005859,Serbia,Serbia,Upper middle income,Europe & Central Asia,10.73533090687202,8.911692211029399,191.86873330346296,93.26225252618,79.41825806412206
Seychelles,2000,94.08934,100.0,0.0,,1.52,0.18,0.0,0.0,0.0,46969.09,2.91,290.0,,1.514338815,7578.851053,214,455.0,-4.679574,55.491977,Seychelles,Seychelles,High income,Sub-Saharan Africa,5.673323267171493,8.933248828443354,13.578538219233899,2.3017949987999997,79.80293463088455
Seychelles,2001,94.401764,100.0,0.0,,1.26,0.18,0.0,0.0,0.0,49775.703,3.19,320.0,,-2.271162762,7663.13708,214,455.0,-4.679574,55.491977,Seychelles,Seychelles,High income,Sub-Saharan Africa,5.771441123130016,8.944307205712034,11.269827079197164,-2.86166508012,80.00063139015222
Seychelles,2002,96.1,100.0,0.0,,1.1,0.2,0.0,0.0,0.0,42728.844,3.24,349.999994,,1.212831267,8331.261997,214,455.0,-4.679574,55.491977,Seychelles,Seychelles,High income,Sub-Saharan Africa,5.8607862063718486,9.027890246557636,9.9306792712134,1.3341143937000002,81.50280230389049
Seychelles,2003,95.006195,100.0,0.0,,1.12,0.21,0.0,0.0,0.0,42029.832,3.34,340.0000036,,-5.887127528,8524.961236,214,455.0,-4.679574,55.491977,Seychelles,Seychelles,High income,Sub-Saharan Africa,5.831882487840701,9.050871050751367,10.136975576841532,-6.59358283136,81.91826677732915
Seychelles,2004,95.30291,100.0,0.0,,0.96,0.21,0.0,0.0,0.0,57886.984,3.83,379.9999952,,-2.850453659,10176.65871,214,455.0,-4.679574,55.491977,Seychelles,Seychelles,High income,Sub-Saharan Africa,5.942799362528276,9.227950274458443,8.858832263480105,-2.7364355126399995,85.15506626787766
Seychelles,2005,95.59909,100.0,0.0,,0.94,0.22,0.0,0.0,0.0,52008.223,3.51,379.9999952,,9.005761428,11092.51074,214,455.0,-4.679574,55.491977,Seychelles,Seychelles,High income,Sub-Saharan Africa,5.942799362528276,9.314115598326662,8.755268662427062,8.46541574232,86.75274937899204
Seychelles,2006,99.0,100.0,0.0,,0.95,0.24,0.0,0.0,0.0,54491.8,3.23,389.9999857,,9.40612788,12014.39987,214,455.0,-4.679574,55.491977,Seychelles,Seychelles,High income,Sub-Saharan Africa,5.968707523412475,9.393944428515649,8.924247207089866,8.935821486,88.2461919260402
Seychelles,2007,96.199715,100.0,0.0,,1.01,0.25,0.0,0.0,0.0,44175.785,3.07,400.000006,,10.42143611,12154.82994,214,455.0,-4.679574,55.491977,Seychelles,Seychelles,High income,Sub-Saharan Africa,5.993961442269162,9.40556416413955,9.499619805780945,10.5256504711,88.46463724574612
Seychelles,2008,96.50952,100.0,0.0,,0.91,0.25,0.0,0.0,0.0,47446.145,3.24,419.9999869,,-2.146892655,11122.86207,214,455.0,-4.679574,55.491977,Seychelles,Seychelles,High income,Sub-Saharan Africa,6.042632802565992,9.316847815960191,8.478331512523773,-1.9536723160499998,86.80365322576218
Seychelles,2009,96.82926,100.0,0.0,,0.83,0.26,0.0,0.0,0.0,50930.008,3.5,449.9999881,,-1.105245793,9706.95606,214,455.0,-4.679574,55.491977,Seychelles,Seychelles,High income,Sub-Saharan Africa,6.111467313116869,9.180701040672261,7.619981863757976,-0.9173540081899999,84.28527159820074
Seychelles,2010,97.0,100.0,0.0,,0.71,0.28,0.0,0.0,0.0,45371.336,3.26,439.9999976,,5.954962469,10804.68447,214,455.0,-4.679574,55.491977,Seychelles,Seychelles,High income,Sub-Saharan Africa,6.089044870004669,9.28782761445891,6.5943576062658265,4.228023352989999,86.2637417959055
Seychelles,2011,98.147964,100.0,0.0,10000.0,0.85,0.38,0.0,0.0,0.0,38368.945,2.75,409.9999964,,7.887279597,12189.09516,214,455.0,-4.679574,55.491977,Seychelles,Seychelles,High income,Sub-Saharan Africa,6.01859320573711,9.408379028843536,7.997122174517005,6.7041876574499994,88.51759595038283
Seychelles,2012,98.391365,100.0,0.0,,0.78,0.39,0.0,0.0,0.0,43465.02,2.83,430.0000072,,1.260828834,12006.68296,214,455.0,-4.679574,55.491977,Seychelles,Seychelles,High income,Sub-Saharan Africa,6.066108106809084,9.393301970566347,7.32677553704175,0.98344649052,88.2341219102456
Seychelles,2013,98.0,100.0,67.22,,1.48,0.4,0.0,0.01,2.4390244,38688.062,2.64,419.9999869,,6.018076825,14765.67398,214,455.0,-4.679574,55.491977,Seychelles,Seychelles,High income,Sub-Saharan Africa,6.042632802565992,9.60012816262459,14.208189680684391,8.906753701,92.16246073881777
Seychelles,2014,100.0,100.0,73.86,80000.0,1.37,0.41,0.0,0.01,2.3809524,44650.082,2.8,469.9999988,,4.504785244,14700.33434,214,455.0,-4.679574,55.491977,Seychelles,Seychelles,High income,Sub-Saharan Africa,6.154858091468647,9.595693540075922,13.146100149904015,6.171555784280001,92.07733451505479
Seychelles,2015,100.0,100.0,78.06,40000.0,1.36,0.43,0.0,0.01,2.2727273,45695.203,2.91,509.9999905,,4.937385619,14745.34146,214,455.0,-4.679574,55.491977,Seychelles,Seychelles,High income,Sub-Saharan Africa,6.236369571612706,9.598750294391628,13.054300400372615,6.71484444184,92.13600721408338
Seychelles,2016,100.0,100.0,83.02,670000.0,1.22,0.46,0.0,0.01,2.1276596,50241.48,3.08,579.9999833,,4.562623278,15068.62035,214,455.0,-4.679574,55.491977,Seychelles,Seychelles,High income,Sub-Saharan Africa,6.3647507281083655,9.620436098867904,11.736932040618843,5.56640039916,92.5527907324007
Seychelles,2017,100.0,100.0,89.65,950000.0,1.25,0.47,0.0,0.01,2.0833335,51720.438,3.06,579.9999833,,4.738360886,15945.26493,214,455.0,-4.679574,55.491977,Seychelles,Seychelles,High income,Sub-Saharan Africa,6.3647507281083655,9.676979907122345,12.09622488390293,5.922951107499999,93.64394012284959
Seychelles,2018,100.0,100.0,99.88,,1.24,0.48,0.0,0.01,2.0408163,45307.637,3.16,579.9999833,,1.771183467,15994.81986,214,455.0,-4.679574,55.491977,Seychelles,Seychelles,High income,Sub-Saharan Africa,6.3647507281083655,9.680082708337906,12.003302558339003,2.1962674990799997,93.70400124026253
Seychelles,2019,100.0,100.0,99.22,,1.47,0.49,0.0,0.04,7.54717,45777.125,3.08,610.0000143,,1.191005738,16213.48076,214,455.0,-4.679574,55.491977,Seychelles,Seychelles,High income,Sub-Saharan Africa,6.41509698257585,9.693659996027032,14.249680194159737,1.7507784348600002,93.96704411857479
Sierra Leone,2000,7.7881427,0.1,0.87,,91.31,0.07,0.0,0.01,12.5,409.26733,11.05,330.0,,6.652727885,138.6987225,111,71740.0,8.460555,-11.779889,Sierra Leone,Sierra Leone,Low income,Sub-Saharan Africa,5.802118375377063,4.939488121625542,451.0246603856283,607.46058317935,24.39854290367983
Sierra Leone,2001,8.550771,0.2,0.84,,89.38,0.12,0.0,0.01,7.692308,484.6953,12.14,440.0,,-6.345455153,229.3756595,111,71740.0,8.460555,-11.779889,Sierra Leone,Sierra Leone,Low income,Sub-Saharan Africa,6.089044875446846,5.4397112787097095,486.20139409107384,-567.1567815751399,29.590458795721624
Sierra Leone,2002,9.305815,0.2,0.81,,87.99,0.13,0.0,0.02,13.333333,460.83,9.77,500.0,,26.4173166,252.396007,111,71740.0,8.460555,-11.779889,Sierra Leone,Sierra Leone,Low income,Sub-Saharan Africa,6.2166061010848646,5.534953510067542,487.020559350843,2324.4596876339997,30.635710358609
Sierra Leone,2003,10.055623,0.2,0.77,,86.53,0.12,0.0,0.02,14.285714,454.77032,9.06,550.0000119,,9.313120969,266.4469054,111,71740.0,8.460555,-11.779889,Sierra Leone,Sierra Leone,Low income,Sub-Saharan Africa,6.3117348307500105,5.588921062149428,483.60933950779,805.86435744757,31.23603863893749
Sierra Leone,2004,16.8,0.3,0.74,24790000.0,86.58,0.1,0.0,0.02,16.666668,438.83154,8.49,529.9999714,,6.59794486,266.5693713,111,71740.0,8.460555,-11.779889,Sierra Leone,Sierra Leone,Low income,Sub-Saharan Africa,6.2747619673812975,5.589378864677957,483.92842210381747,571.2500659788,31.241156092908646
Sierra Leone,2005,11.332485,0.3,0.71,56410000.0,88.13,0.06,0.0,0.02,25.0,386.95203,7.97,449.9999881,,4.505095672,292.3490663,111,71740.0,8.460555,-11.779889,Sierra Leone,Sierra Leone,Low income,Sub-Saharan Africa,6.111467313116869,5.681363252479468,500.6985434410155,397.03408157336,32.27788840662408
Sierra Leone,2006,12.297188,0.3,0.69,10000.0,84.37,0.04,0.0,0.0,0.0,457.99765,7.97,589.9999738,,4.223914279,323.3890184,111,71740.0,8.460555,-11.779889,Sierra Leone,Sierra Leone,Low income,Sub-Saharan Africa,6.381815973074456,5.78194346963374,487.82257053299867,356.37164771923,33.43087028604025
Sierra Leone,2007,13.049968,0.3,0.67,15540000.0,86.35,0.04,0.0,0.02,33.333336,423.13287,7.29,500.0,,8.058145152,360.3716605,111,71740.0,8.460555,-11.779889,Sierra Leone,Sierra Leone,Low income,Sub-Saharan Africa,6.2166061010848646,5.889906959200764,508.5934659269859,695.8208338751999,34.691003988041594
Sierra Leone,2008,12.1,0.4,4.74,15600000.0,86.03,0.04,0.0,0.02,33.333336,405.9387,6.95,519.9999809,,5.39828521,408.4810085,111,71740.0,8.460555,-11.779889,Sierra Leone,Sierra Leone,Low income,Sub-Saharan Africa,6.255750005093097,6.014890524928287,517.4610318595805,464.4144766163,36.17890802687208
Sierra Leone,2009,14.579927,0.4,4.63,50000.0,86.14,0.04,0.0,0.02,33.333336,396.5688,6.77,519.9999809,,3.188051216,391.200943,111,71740.0,8.460555,-11.779889,Sierra Leone,Sierra Leone,Low income,Sub-Saharan Africa,6.255750005093097,5.971774318144873,514.4086397649994,274.61873174624,35.662088506854666
Sierra Leone,2010,11.462173,0.4,8.43,9310000.0,84.89,0.04,0.0,0.12,75.0,458.27347,6.55,560.0000024,,5.346466052,401.8348761,111,71740.0,8.460555,-11.779889,Sierra Leone,Sierra Leone,Low income,Sub-Saharan Africa,6.329720909800771,5.998526741257089,509.21493506531425,453.86150315428,35.98232306557639
Sierra Leone,2011,14.2,0.4,8.25,,81.0,0.02,0.0,0.15,88.2353,564.6626,6.46,740.0000095,,6.315045036,448.3376621,111,71740.0,8.460555,-11.779889,Sierra Leone,Sierra Leone,Low income,Sub-Saharan Africa,6.6080006381166,6.107774636511447,494.72974555742724,511.51864791599996,37.30491101041254
Sierra Leone,2012,16.976511,0.4,8.12,,79.06,0.06,0.0,0.12,66.666664,610.7244,5.78,860.0000143,,15.18176908,566.3782351,111,71740.0,8.460555,-11.779889,Sierra Leone,Sierra Leone,Low income,Sub-Saharan Africa,6.758094521036325,6.3410261626330335,501.32152841776764,1200.2706634648,40.208612795196615
Sierra Leone,2013,13.5,0.5,7.96,,75.67,0.05,0.0,0.1,66.666664,692.69556,5.0,1039.999962,,20.71576829,716.8358269,111,71740.0,8.460555,-11.779889,Sierra Leone,Sierra Leone,Low income,Sub-Saharan Africa,6.947937032111606,6.576240889560445,497.62414811303887,1567.5621865043,43.246944237526755
Sierra Leone,2014,18.66603,0.5,12.89,8400000.0,73.88,0.04,0.0,0.15,78.94737,743.0,4.92,1149.999976,,4.556772366,714.6997957,111,71740.0,8.460555,-11.779889,Sierra Leone,Sierra Leone,Low income,Sub-Saharan Africa,7.048386387870449,6.573260799289711,485.6325078515238,336.65434240007994,43.20775753547881
Sierra Leone,2015,19.534536,0.5,12.61,,75.0,0.05,0.0,0.14,73.68421,592.6282,6.18,910.0000262,,-20.59877072,588.2288628,111,71740.0,8.460555,-11.779889,Sierra Leone,Sierra Leone,Low income,Sub-Saharan Africa,6.814542926019563,6.378814669810947,478.41110023582104,-1544.9078040000002,40.68927659179535
Sierra Leone,2016,20.3,0.5,12.35,29280000.0,73.6,0.06,0.0,0.16,72.72727,591.51733,6.0,930.0000072,,6.055474029,501.4151655,111,71740.0,8.460555,-11.779889,Sierra Leone,Sierra Leone,Low income,Sub-Saharan Africa,6.836259285010687,6.219426800805086,457.74981253925426,445.6828885344,38.68126973057258
Sierra Leone,2017,23.4,0.6,13.16,380000.0,74.61,0.06,0.0,0.17,73.91304,573.70355,5.68,939.9999976,,4.192610074,496.6822949,111,71740.0,8.460555,-11.779889,Sierra Leone,Sierra Leone,Low income,Sub-Saharan Africa,6.846943137034901,6.209961911392082,463.3252582089632,312.81063762114,38.563626940940395
Sierra Leone,2018,26.1,0.65,12.95,240000.0,75.95,0.06,0.0,0.2,76.92308,568.16583,5.51,860.0000143,,3.46460214,533.9915333,111,71740.0,8.460555,-11.779889,Sierra Leone,Sierra Leone,Low income,Sub-Saharan Africa,6.758094521036325,6.282250921163303,477.1369574623529,263.13653253300004,39.46667663645717
Sierra Leone,2019,22.7,0.7,12.68,170000.0,75.44,0.02,0.0,0.19,90.4762,513.0044,5.4,899.9999762,,5.254241203,521.7548367,111,71740.0,8.460555,-11.779889,Sierra Leone,Sierra Leone,Low income,Sub-Saharan Africa,6.803505231193244,6.2591125906810525,472.1874538409786,396.37995635432003,39.17649042282208
Singapore,2000,100.0,100.0,37.95,,0.33,29.0,0.0,0.0,0.0,109289.08,3.46,42120.0,0.17653827,9.039146751,23852.32703,"8,358",716.0,1.352083,103.819836,Singapore,Singapore,High income,East Asia & Pacific,10.64830170765649,10.079678984700738,3.326294064951244,2.9829184278300005,101.59992843461771
Singapore,2001,100.0,100.0,37.5,,0.6,32.05,0.0,0.0,0.0,121494.555,3.99,42030.0,0.30012923,-1.069015885,21700.02005,"8,358",716.0,1.352083,103.819836,Singapore,Singapore,High income,East Asia & Pacific,10.64616272024527,9.985114545336202,5.991068727201721,-0.641409531,99.7025124834846
Singapore,2002,100.0,100.0,37.25,,0.58,33.53,0.0,0.0,0.0,115456.87,3.81,41290.00092,0.30550742,3.914609745,22159.68886,"8,358",716.0,1.352083,103.819836,Singapore,Singapore,High income,East Asia & Pacific,10.628399859806956,10.00607522611814,5.803523631148521,2.2704736520999997,100.12154143073519
Singapore,2003,100.0,100.0,37.03,,0.58,34.21,0.0,0.0,0.0,107484.375,4.41,38159.99985,0.3383669,4.535779654,23730.15245,"8,358",716.0,1.352083,103.819836,Singapore,Singapore,High income,East Asia & Pacific,10.549569326738885,10.074543913358022,5.843235469747652,2.63075219932,101.49643506217917
Singapore,2004,100.0,100.0,36.6,,0.53,35.56,0.0,0.0,0.0,119262.51,4.82,39619.99893,0.2925276,9.819591677,27608.53737,"8,358",716.0,1.352083,103.819836,Singapore,Singapore,High income,East Asia & Pacific,10.587114532706034,10.22591654889827,5.419735770916084,5.20438358881,104.56936926503151
Singapore,2005,100.0,100.0,35.84,,0.54,36.84,0.0,0.0,0.0,123551.64,3.07,36900.00153,0.27761883,7.359033677,29961.26328,"8,358",716.0,1.352083,103.819836,Singapore,Singapore,High income,East Asia & Pacific,10.515993971394705,10.307693978169086,5.566154748211306,3.9738781855800003,106.24855514758323
Singapore,2006,100.0,100.0,34.73,,0.52,38.03,0.0,0.0,0.0,131721.67,3.03,37169.99817,0.25025177,9.00514373,33769.15416,"8,358",716.0,1.352083,103.819836,Singapore,Singapore,High income,East Asia & Pacific,10.523284117114212,10.427332678367714,5.422212992751211,4.6826747396,108.72926678535521
Singapore,2007,100.0,100.0,33.39,,0.5,39.64,0.0,0.0,0.0,136257.9,2.56,38290.00092,0.2428374,9.022133014,39432.93835,"8,358",716.0,1.352083,103.819836,Singapore,Singapore,High income,East Asia & Pacific,10.552970184636342,10.58238210395328,5.29119105197664,4.511066507,111.98681099407067
Singapore,2008,100.0,100.0,32.07,,0.53,40.27,0.0,0.0,0.0,140055.12,2.9,38419.99817,0.24099082,1.868245534,40007.46926,"8,358",716.0,1.352083,103.819836,Singapore,Singapore,High income,East Asia & Pacific,10.556359416463978,10.596846442184123,5.6163286143575855,0.99017013302,112.29315451923031
Singapore,2009,100.0,100.0,26.16,,0.48,40.47,0.0,0.0,0.0,145354.05,3.05,38830.00183,0.22723757,0.120982742,38927.20688,"8,358",716.0,1.352083,103.819836,Singapore,Singapore,High income,East Asia & Pacific,10.56697422280494,10.569474379435816,5.073347702129191,0.05807171616,111.71378865755013
Singapore,2010,100.0,100.0,25.61,,0.47,43.05,0.0,0.0,0.0,149763.22,2.48,42409.99985,0.23598696,14.52563899,47236.96023,"8,358",716.0,1.352083,103.819836,Singapore,Singapore,High income,East Asia & Pacific,10.655163037998324,10.762953090505228,5.058587952537457,6.827050325299999,115.84115922841603
Singapore,2011,100.0,100.0,25.27,,0.48,43.66,0.0,0.01,0.022899017,151959.9,2.05,44770.00046,0.23450488,6.337870814,53890.42873,"8,358",716.0,1.352083,103.819836,Singapore,Singapore,High income,East Asia & Pacific,10.70931589764604,10.894726722544931,5.2294688268215666,3.04217799072,118.69507035893461
Singapore,2012,100.0,100.0,25.37,,0.51,44.51,0.0,0.01,0.022461815,149476.58,2.31,43689.99863,0.24628179,4.461608951,55546.48854,"8,358",716.0,1.352083,103.819836,Singapore,Singapore,High income,East Asia & Pacific,10.684897378859816,10.924993583244657,5.571746727454775,2.2754205650099997,119.35548479393692
Singapore,2013,100.0,100.0,31.58,,0.56,45.5,0.0,0.16,0.35041612,148317.19,2.39,43909.99985,0.26858902,4.837298646,56967.42579,"8,358",716.0,1.352083,103.819836,Singapore,Singapore,High income,East Asia & Pacific,10.689920133736056,10.950252459830068,6.132141377504839,2.7088872417600003,119.90802893401445
Singapore,2014,100.0,100.0,37.77,,0.59,46.68,0.0,0.28,0.59625214,148692.52,2.52,44400.00153,0.2785132,3.938002729,57562.53079,"8,358",716.0,1.352083,103.819836,Singapore,Singapore,High income,East Asia & Pacific,10.701017305147893,10.96064450015546,6.466780255091721,2.32342161011,120.13572785878814
Singapore,2015,100.0,100.0,44.91,,0.65,47.45,0.0,0.41,0.85666525,155468.98,2.68,45430.00031,0.29237184,2.988520676,55646.61875,"8,358",716.0,1.352083,103.819836,Singapore,Singapore,High income,East Asia & Pacific,10.723949977221144,10.92679456603077,7.10241646792,1.9425384394,119.39483948823955
Singapore,2016,100.0,100.0,54.31,,0.68,48.58,0.0,0.53,1.0792098,162248.22,2.66,46099.99847,0.289138,3.329034458,56848.17539,"8,358",716.0,1.352083,103.819836,Singapore,Singapore,High income,East Asia & Pacific,10.738589887535442,10.948156994060291,7.444746755960998,2.2637434314400005,119.86214156659126
Singapore,2017,100.0,100.0,57.36,,0.67,49.16,0.0,0.55,1.1064173,164801.44,2.8,49139.99939,0.28081223,4.520379476,61176.45636,"8,358",716.0,1.352083,103.819836,Singapore,Singapore,High income,East Asia & Pacific,10.802448983475202,11.02153404050844,7.384427807140655,3.0286542489199997,121.4742126060863
Singapore,2018,100.0,100.0,65.66,,0.73,49.87,0.0,0.67,1.3256826,163526.77,2.51,47400.00153,0.2784224,3.497469601,66679.04649,"8,358",716.0,1.352083,103.819836,Singapore,Singapore,High income,East Asia & Pacific,10.76639863678484,11.107661034075045,8.108592554874782,2.55315280873,123.3801336479091
Singapore,2019,100.0,100.0,84.47,,0.84,50.96,0.0,0.78,1.5075376,158657.89,2.57,47380.00107,0.2995429,1.345217486,65640.70795,"8,358",716.0,1.352083,103.819836,Singapore,Singapore,High income,East Asia & Pacific,10.76597660602482,11.091966564822856,9.317251914451198,1.12998268824,123.03172227514816
Slovenia,2000,100.0,100.0,,,17.96,4.95,4.76,3.9,63.629684,39623.406,5.23,14540.0,14.703167,3.67237155,10201.30354,103,20273.0,46.151241,14.995463,Slovenia,Slovenia,High income,Europe & Central Asia,9.584727524513486,9.230368811029871,165.7774238460965,65.955793038,85.199708387633
Slovenia,2001,100.0,100.0,,,18.67,5.35,5.26,3.87,63.052486,41459.707,5.39,15380.0,13.847439,3.216560335,10479.75963,103,20273.0,46.151241,14.995463,Slovenia,Slovenia,High income,Europe & Central Asia,9.64088826045181,9.257296439026836,172.83372451663107,60.053181454450005,85.69753736001894
Slovenia,2002,100.0,100.0,,,16.31,5.66,5.53,3.41,61.232872,41222.29,5.21,15520.00046,12.223348,3.505598057,11777.15566,103,20273.0,46.151241,14.995463,Slovenia,Slovenia,High income,Europe & Central Asia,9.64994925428845,9.374001879582917,152.88997065599736,57.176304309669995,87.87191123842405
Slovenia,2003,100.0,100.0,,,16.9,5.54,5.21,3.08,59.942154,40319.9,5.14,15409.99985,11.176646,2.960260286,14849.03724,103,20273.0,46.151241,14.995463,Slovenia,Slovenia,High income,Europe & Central Asia,9.64283680940207,9.605757651971809,162.33730431832356,50.0283988334,92.27058006841496
Slovenia,2004,100.0,100.0,,,17.77,5.6,5.46,4.21,63.326782,42659.85,5.07,15699.99981,14.306864,4.359192778,17233.13856,103,20273.0,46.151241,14.995463,Slovenia,Slovenia,High income,Europe & Central Asia,9.661479671474382,9.754647495688479,173.34008599838427,77.46285566505999,95.15314776514151
Slovenia,2005,100.0,100.0,,,18.58,5.66,5.88,3.57,62.541367,42491.914,5.06,15920.00008,12.045763,3.797972642,18098.90854,103,20273.0,46.151241,14.995463,Slovenia,Slovenia,High income,Europe & Central Asia,9.675394276520814,9.803662164202477,182.152043010882,70.56633168836,96.11179182981519
Slovenia,2006,100.0,100.0,,,17.36,5.86,5.55,3.7,61.21774,42687.348,4.77,16290.00092,12.255213,5.746396901,19672.96556,103,20273.0,46.151241,14.995463,Slovenia,Slovenia,High income,Europe & Central Asia,9.698368143539067,9.887051495537472,171.6392139625305,99.75745020135999,97.75378727540976
Slovenia,2007,100.0,100.0,,,18.35,5.96,5.7,3.38,60.37234,42242.93,4.51,16280.00069,11.193771,6.980160755,23787.64656,103,20273.0,46.151241,14.995463,Slovenia,Slovenia,High income,Europe & Central Asia,9.697754105112203,10.076963710547915,184.91228408855426,128.08594985425,101.5451976236996
Slovenia,2008,100.0,100.0,,,17.63,5.83,6.27,4.31,64.472885,46037.57,4.59,17360.00061,13.052405,3.509841517,27483.33717,103,20273.0,46.151241,14.995463,Slovenia,Slovenia,High income,Europe & Central Asia,9.761981625378173,10.221371563940657,180.20278067227378,61.87850594470999,104.47643664813468
Slovenia,2009,100.0,100.0,,,19.57,5.75,5.74,4.9,64.91763,42289.82,4.45,15510.00023,15.9465475,-7.548437791,24694.23049,103,20273.0,46.151241,14.995463,Slovenia,Slovenia,High income,Europe & Central Asia,9.649304743452937,10.114365406399482,197.93813100323788,-147.72292756987,102.30038757417057
Slovenia,2010,100.0,100.0,,,20.07,5.85,5.66,4.75,64.02214,42123.36,4.51,15779.99973,15.326107,1.343748472,23509.54314,103,20273.0,46.151241,14.995463,Slovenia,Slovenia,High income,Europe & Central Asia,9.66656194663895,10.065204243776828,202.00864917260094,26.96903183304,101.30833646894307
Slovenia,2011,100.0,100.0,,,19.14,5.82,6.22,3.88,63.442215,40734.336,4.47,15699.99981,12.851766,0.861327733,25095.13229,103,20273.0,46.151241,14.995463,Slovenia,Slovenia,High income,Europe & Central Asia,9.661479671474382,10.130469021214607,193.8971770660476,16.48581280962,102.62640258978882
Slovenia,2012,100.0,100.0,,,20.22,5.69,5.53,4.33,63.408356,39508.945,4.4,15119.99989,14.665227,-2.639438757,22643.10025,103,20273.0,46.151241,14.995463,Slovenia,Slovenia,High income,Europe & Central Asia,9.623839777838018,10.02765462236809,202.75917646428275,-53.36945166654,100.55385722550011
Slovenia,2013,100.0,100.0,,,22.48,5.39,5.3,5.11,65.88608,39029.04,4.33,14550.00019,17.365847,-1.029282772,23496.6025,103,20273.0,46.151241,14.995463,Slovenia,Slovenia,High income,Europe & Central Asia,9.585415011817801,10.06465367365113,226.2534145836774,-23.13827671456,101.29725357053917
Slovenia,2014,100.0,100.0,,,22.91,4.18,6.37,6.6,75.62682,39987.75,4.09,13109.99966,21.739605,2.768158831,24214.92207,103,20273.0,46.151241,14.995463,Slovenia,Slovenia,High income,Europe & Central Asia,9.481206825566979,10.094765632576125,231.27108064231905,63.41851881821,101.90429317664007
Slovenia,2015,100.0,100.0,,,21.38,4.8,5.65,4.35,67.567566,35959.715,3.95,13140.00034,15.851431,2.210081607,20881.76693,103,20273.0,46.151241,14.995463,Slovenia,Slovenia,High income,Europe & Central Asia,9.483492418516859,9.946679549021729,212.66000875808456,47.25154475765999,98.9364340509271
Slovenia,2016,100.0,100.0,,,20.96,5.45,5.72,5.06,66.42021,38266.707,3.95,13899.99962,17.115887,3.191852518,21663.64341,103,20273.0,46.151241,14.995463,Slovenia,Slovenia,High income,Europe & Central Asia,9.53971603164093,9.983436874772456,209.2528368952307,66.90122877728001,99.66901183256643
Slovenia,2017,100.0,100.0,,,19.71,5.32,6.29,4.44,66.853584,38524.098,3.88,14119.99989,14.848828,4.815380632,23455.94473,103,20273.0,46.151241,14.995463,Slovenia,Slovenia,High income,Europe & Central Asia,9.555418322279435,10.062921880563561,198.3401902659078,94.91115225672,101.26239677432487
Slovenia,2018,100.0,100.0,,,20.61,5.12,5.78,5.22,68.23821,39165.715,3.67,14069.99969,16.982708,4.422521568,26104.10279,103,20273.0,46.151241,14.995463,Slovenia,Slovenia,High income,Europe & Central Asia,9.551871198757128,10.169886083396754,209.6013521788071,91.14816951648,103.42658294926697
Slovenia,2019,100.0,100.0,,,20.86,5.03,5.82,5.04,68.34487,37905.92,3.5,13600.00038,16.78137,3.250531336,25942.95477,103,20273.0,46.151241,14.995463,Slovenia,Slovenia,High income,Europe & Central Asia,9.517898626371876,10.163693904615299,212.01465485027512,67.80608366896,103.30067378671417
Solomon Islands,2000,4.5170293,8.7,0.75,,55.26,0.06,0.0,0.0,0.0,2456.5134,6.99,240.0,,-14.27513698,1017.613757,25,28896.0,-9.64571,160.156194,Solomon Islands,Solomon Islands,Lower middle income,East Asia & Pacific,5.484796933490655,6.926197920151566,382.7416970675755,-788.8440695147999,47.972217629111874
Solomon Islands,2001,7.4752364,8.7,0.73,,54.14,0.06,0.0,0.0,0.0,2508.6143,7.75,250.0,,-7.963378822,965.7656751,25,28896.0,-9.64571,160.156194,Solomon Islands,Solomon Islands,Lower middle income,East Asia & Pacific,5.5254529391317835,6.8739561445788695,372.1559856675,-431.13732942308,47.251273077593595
Solomon Islands,2002,10.4258585,8.6,0.78,,52.82,0.06,0.0,0.0,0.0,2532.751,8.15,259.9999905,,-2.796546547,795.6015338,25,28896.0,-9.64571,160.156194,Solomon Islands,Solomon Islands,Lower middle income,East Asia & Pacific,5.5645203709242255,6.6803545961787805,352.8563297701632,-147.71358861254,44.62713753068696
Solomon Islands,2003,13.371246,8.6,0.76,,51.46,0.06,0.0,0.0,0.0,2587.0967,7.82,270.0000107,,6.526356439,788.6131193,25,28896.0,-9.64571,160.156194,Solomon Islands,Solomon Islands,Lower middle income,East Asia & Pacific,5.602118860363095,6.671543103102823,343.3176080856713,335.84630235094,44.509487376558845
Solomon Islands,2004,16.313747,8.5,0.81,,49.91,0.06,0.0,0.0,0.0,2689.9602,7.59,310.0000024,,6.652166032,867.1071722,25,28896.0,-9.64571,160.156194,Solomon Islands,Solomon Islands,Lower middle income,East Asia & Pacific,5.739792919896276,6.766315177315021,337.70679049979265,332.00960665712,45.7830210787636
Solomon Islands,2005,19.25571,8.4,0.79,,49.7,0.07,0.0,0.0,0.0,2695.842,7.32,340.0000036,,5.540448674,1014.85528,25,28896.0,-9.64571,160.156194,Solomon Islands,Solomon Islands,Lower middle income,East Asia & Pacific,5.831882487840701,6.92348617704787,344.09726299927917,275.3602990978,47.93466084377293
Solomon Islands,2006,14.4,8.3,1.81,,48.93,0.07,0.0,0.0,0.0,2734.6384,7.11,340.0000036,,4.863123994,1119.693297,25,28896.0,-9.64571,160.156194,Solomon Islands,Solomon Islands,Lower middle income,East Asia & Pacific,5.831882487840701,7.021702787956844,343.5719174147284,237.95265702642,49.304310042400914
Solomon Islands,2007,12.9,8.2,1.77,,47.42,0.08,0.0,0.0,0.0,2850.4817,6.89,340.0000036,,4.453316953,1260.289404,25,28896.0,-9.64571,160.156194,Solomon Islands,Solomon Islands,Lower middle income,East Asia & Pacific,5.831882487840701,7.1398898132016,338.5735749420199,211.17628991126,50.97802654465998
Solomon Islands,2008,28.103497,8.2,1.73,90000.0,46.69,0.08,0.0,0.0,0.0,2828.8801,6.61,319.9999928,,5.807115554,1388.963877,25,28896.0,-9.64571,160.156194,Solomon Islands,Solomon Islands,Lower middle income,East Asia & Pacific,5.771441100700109,7.237033038017265,337.8970725450261,271.13422521626,52.374647193353404
Solomon Islands,2009,21.2,8.2,1.69,80000.0,45.79,0.08,0.0,0.0,0.0,2862.0273,6.59,330.0000131,,2.556620814,1428.505673,25,28896.0,-9.64571,160.156194,Solomon Islands,Solomon Islands,Lower middle income,East Asia & Pacific,5.802118414954101,7.265083980274953,332.6681954567901,117.06766707306,52.78144524044776
Solomon Islands,2010,34.774807,8.1,1.31,,45.07,0.08,0.0,0.0,0.0,2880.25,6.19,340.0000036,,8.616718602,1604.20583,25,28896.0,-9.64571,160.156194,Solomon Islands,Solomon Islands,Lower middle income,East Asia & Pacific,5.831882487840701,7.381007270332341,332.6619976738786,388.35550739214005,54.47926832469887
Solomon Islands,2011,38.679993,8.2,2.76,10000.0,43.61,0.08,0.0,0.0,0.0,2918.4324,5.93,349.999994,,7.2720469,1938.891187,25,28896.0,-9.64571,160.156194,Solomon Islands,Solomon Islands,Lower middle income,East Asia & Pacific,5.8607862063718486,7.57038716130906,330.1445841046881,317.133965309,57.31076177211304
Solomon Islands,2012,42.57421,8.2,2.68,1090000.0,43.82,0.08,0.0,0.0,0.0,2854.3516,5.82,349.999994,,1.860465116,2141.821522,25,28896.0,-9.64571,160.156194,Solomon Islands,Solomon Islands,Lower middle income,East Asia & Pacific,5.8607862063718486,7.669878707824203,336.09408497685655,81.52558138312,58.82703939273506
Solomon Islands,2013,44.7,8.2,2.61,10000.0,41.83,0.09,0.0,0.0,0.0,2771.7654,5.85,389.9999857,,5.331050228,2248.614935,25,28896.0,-9.64571,160.156194,Solomon Islands,Solomon Islands,Lower middle income,East Asia & Pacific,5.968707523412475,7.718514340552345,322.86545486530457,222.99783103723996,59.5754636253122
Solomon Islands,2014,50.30676,8.4,3.53,13060000.0,45.89,0.09,0.0,0.0,0.0,2543.9602,5.37,340.0000036,,1.051262599,2274.887866,25,28896.0,-9.64571,160.156194,Solomon Islands,Solomon Islands,Lower middle income,East Asia & Pacific,5.831882487840701,7.730125526018453,354.73546038898684,48.24244066811,59.754840648002066
Solomon Islands,2015,55.1,8.4,3.44,6830000.0,48.64,0.09,0.0,0.0,0.0,2266.2014,4.99,310.0000024,,1.415701416,2167.119928,25,28896.0,-9.64571,160.156194,Solomon Islands,Solomon Islands,Lower middle income,East Asia & Pacific,5.739792919896276,7.681615678372762,373.63378659605115,68.85971687424001,59.007219430222236
Solomon Islands,2016,58.327194,8.6,5.26,7100000.0,48.7,0.1,0.0,0.0,0.0,2124.6658,4.66,360.0000143,,5.879864636,2225.486842,25,28896.0,-9.64571,160.156194,Solomon Islands,Solomon Islands,Lower middle income,East Asia & Pacific,5.888877997945069,7.708180215020513,375.388376471499,286.3494077732,59.41604222723368
Solomon Islands,2017,62.9,8.6,5.71,163010000.0,48.98,0.1,0.0,0.0,0.0,2061.452,4.4,349.999994,,5.343587695,2332.844216,25,28896.0,-9.64571,160.156194,Solomon Islands,Solomon Islands,Lower middle income,East Asia & Pacific,5.8607862063718486,7.7552720651176354,379.8532257494618,261.7289253011,60.144244803993956
Solomon Islands,2018,66.17976,8.9,5.56,20550000.0,48.64,0.1,0.0,0.0,0.0,2107.609,4.28,360.0000143,,3.94424955,2411.862926,25,28896.0,-9.64571,160.156194,Solomon Islands,Solomon Islands,Lower middle income,East Asia & Pacific,5.888877997945069,7.788569257546502,378.83600868706185,191.848298112,60.66181107959847
Solomon Islands,2019,69.80942,9.2,5.42,46400000.0,48.39,0.1,0.0,0.0,0.0,2027.3756,4.27,360.0000143,,1.204049986,2344.048976,25,28896.0,-9.64571,160.156194,Solomon Islands,Solomon Islands,Lower middle income,East Asia & Pacific,5.888877997945069,7.7600615659501315,375.5093791763269,58.263978822540004,60.218555507336404
Somalia,2014,51.293636,1.8,0.17,,94.64,0.33,0.0,0.0,0.0,256.69754,11.74,649.9999762,,7.507100039,374.1147807,25,637657.0,5.152149,46.199616,Somalia,,,,6.478509605649429,5.927232061003579,560.9532422533787,710.47194769096,35.132079904988736
Somalia,2015,51.13486,2.0,0.22,310000.0,94.5,0.33,0.0,0.0,0.0,257.54523,11.35,649.9999762,,14.89530142,386.437817,25,637657.0,5.152149,46.199616,Somalia,,,,6.478509605649429,5.9595553636582865,563.177981865708,1407.6059841899998,35.51630013250825
Somalia,2016,51.113235,2.3,0.53,800000.0,94.78,0.33,0.0,0.01,2.9411764,253.76219,11.61,660.0000262,,8.399345781,389.8220615,25,637657.0,5.152149,46.199616,Somalia,,,,6.493753879488599,5.968252370724702,565.6709596972872,796.08999312318,35.620036360661025
Somalia,2017,52.1,2.4,0.72,20000.0,94.9,0.33,0.0,0.02,5.714286,244.04947,11.73,660.0000262,,2.592560223,384.4634014,25,637657.0,5.152149,46.199616,Somalia,,,,6.493753879488599,5.954446250493893,565.0769491718705,246.0339651627,35.45543015002078
Somalia,2018,50.764977,2.7,0.71,3210000.0,94.93,0.33,0.0,0.02,5.714286,236.28375,11.69,660.0000262,,7.678879802,389.8313955,25,637657.0,5.152149,46.199616,Somalia,,,,6.493753879488599,5.968276253431077,566.5684647382122,728.95605960386,35.6203214372693
Somalia,2019,49.2,2.9,0.69,21490000.0,95.03,0.33,0.0,0.02,5.714286,227.57283,11.64,689.9999976,,8.081440022,419.3948077,25,637657.0,5.152149,46.199616,Somalia,,,,6.538139820294442,6.041194288070196,574.0946931953107,767.9792452906601,36.496028426211964
South Africa,2000,72.28246,55.9,27.76,7020000.0,16.25,181.67,13.01,1.79,7.5329566,25321.518,10.07,284660.0,0.40555847,4.200000001,3374.718423,49,1219090.0,-30.559482,22.937506,South Africa,South Africa,Upper middle income,Sub-Saharan Africa,12.559054277581279,8.124363446727935,132.02090600932894,68.25000001625,66.00528141452902
South Africa,2001,70.2,57.8,28.16,1240000.0,15.62,183.36,10.72,2.46,6.706014,25228.531,9.48,320540.0,0.5403345,2.7,2971.819769,49,1219090.0,-30.559482,22.937506,South Africa,South Africa,Upper middle income,Sub-Saharan Africa,12.677765472278146,7.997266198557043,124.917298021461,42.174,63.95626665058301
South Africa,2002,76.7,60.0,27.88,25560000.0,13.88,188.79,11.99,2.81,7.269512,24361.893,8.67,331320.0073,0.65354025,3.700374404,2797.087291,49,1219090.0,-30.559482,22.937506,South Africa,South Africa,Upper middle income,Sub-Saharan Africa,12.710842994970768,7.936691352379962,110.16127597103389,51.36119672752,62.991069622942874
South Africa,2003,78.8,62.1,33.96,,13.05,204.39,12.66,1.19,6.3462243,26150.76,9.48,353089.9963,0.2989763,2.949075468,4217.11478,49,1219090.0,-30.559482,22.937506,South Africa,South Africa,Upper middle income,Sub-Saharan Africa,12.774481082582593,8.347143572617272,108.9302236226554,38.4854348574,69.67480582188583
South Africa,2004,80.9,64.4,20.04,40000.0,12.29,212.63,14.28,1.33,6.8392916,28271.896,9.88,379989.9902,0.29398483,4.554559907,5409.133489,49,1219090.0,-30.559482,22.937506,South Africa,South Africa,Upper middle income,Sub-Saharan Africa,12.847902821421481,8.596029046027798,105.64519697568163,55.975541257029995,73.89171536015358
South Africa,2005,80.8,66.8,19.79,13110000.0,10.98,215.23,12.24,1.75,6.103307,26508.63,9.03,377649.9939,0.40433392,5.277051973,6033.101491,49,1219090.0,-30.559482,22.937506,South Africa,South Africa,Upper middle income,Sub-Saharan Africa,12.841725751540064,8.705182239431714,95.58290098896022,57.94203066354,75.78019782171735
South Africa,2006,80.7,69.0,19.54,7770000.0,10.74,223.25,10.07,3.28,5.642434,26793.564,8.72,379790.0085,0.72594017,5.603806459,6266.533987,49,1219090.0,-30.559482,22.937506,South Africa,South Africa,Upper middle income,Sub-Saharan Africa,12.847376402777817,8.743138252754084,93.90130483457887,60.184881369660005,76.44246650677174
South Africa,2007,82.0,71.4,19.38,1150000.0,10.36,232.91,12.6,1.3,5.6318626,27245.98,9.01,397059.9976,0.7023894,5.360474054,6780.884555,49,1219090.0,-30.559482,22.937506,South Africa,South Africa,Upper middle income,Sub-Saharan Africa,12.891845194214543,8.822010300275885,91.39602671085817,55.53451119944,77.82786573817381
South Africa,2008,81.9,73.5,19.23,1170000.0,11.55,226.32,12.75,1.66,5.9859595,28867.244,9.47,426739.9902,0.35045084,3.191043886,6350.65271,49,1219090.0,-30.559482,22.937506,South Africa,South Africa,Upper middle income,Sub-Saharan Africa,12.963932527838617,8.756470327313899,101.13723228047554,36.8565568833,76.67577259312878
South Africa,2009,82.6,75.4,19.32,100000.0,10.97,218.17,11.57,1.86,5.798791,28399.283,9.74,404200.0122,0.38785627,-1.538089135,6532.736968,49,1219090.0,-30.559482,22.937506,South Africa,South Africa,Upper middle income,Sub-Saharan Africa,12.909667588154361,8.78473433545847,96.36853565997943,-16.872837810950003,77.17155734458296
South Africa,2010,82.9,77.1,19.38,261160000.0,11.77,227.57,12.9,2.51,6.342086,28247.576,8.83,425309.9976,0.31502998,3.039732881,8148.961202,49,1219090.0,-30.559482,22.937506,South Africa,South Africa,Upper middle income,Sub-Saharan Africa,12.960575939360258,9.00576844573278,105.99789460627483,35.77765600937,81.10386529815622
South Africa,2011,83.6,78.8,19.17,265140000.0,11.36,229.06,12.94,2.49,6.311096,27552.764,8.7,409260.0098,0.6983461,3.168556279,8810.930651,49,1219090.0,-30.559482,22.937506,South Africa,South Africa,Upper middle income,Sub-Saharan Africa,12.922108397253925,9.08386183805468,103.19267048030116,35.99479932944,82.51654589286616
South Africa,2012,85.3,80.2,18.98,484730000.0,10.6,226.84,12.4,1.66,5.836447,26770.203,8.14,426779.9988,0.3148212,2.396232385,8222.197279,49,1219090.0,-30.559482,22.937506,South Africa,South Africa,Upper middle income,Sub-Saharan Africa,12.964026277268731,9.014714375805575,95.55597238353909,25.400063280999998,81.26507527735569
South Africa,2013,85.2,81.5,27.93,409200000.0,9.77,223.28,13.61,1.62,6.3854766,26525.145,7.88,436920.0134,0.370654,2.485468008,7467.079185,49,1219090.0,-30.559482,22.937506,South Africa,South Africa,Upper middle income,Sub-Saharan Africa,12.987507710372531,8.918393107845892,87.13270066365436,24.283022438159996,79.53773562607311
South Africa,2014,85.9,82.65,49.69,202270000.0,9.85,218.42,14.76,3.38,7.668245,26411.893,8.2,447929.9927,0.81809825,1.413826452,6988.808739,49,1219090.0,-30.559482,22.937506,South Africa,South Africa,Upper middle income,Sub-Saharan Africa,13.012394465380858,8.85220847276481,87.19425345673338,13.926190552199998,78.36159484528908
South Africa,2015,85.3,83.4,61.91,725580000.0,10.28,214.88,10.97,6.09,7.3553505,25352.562,7.58,424809.9976,1.2246652,1.321862237,6259.839681,49,1219090.0,-30.559482,22.937506,South Africa,South Africa,Upper middle income,Sub-Saharan Africa,12.959399637463644,8.742069589443986,89.86847537948417,13.58874379636,76.42378070668134
South Africa,2016,83.9,84.4,82.73,201750000.0,10.53,213.09,15.21,7.69,9.703801,26236.475,7.91,425140.0146,1.6210166,0.664552308,5756.965741,49,1219090.0,-30.559482,22.937506,South Africa,South Africa,Upper middle income,Sub-Saharan Africa,12.960176191932243,8.658339521345459,91.17231515976768,6.997735803239999,74.96684326689271
South Africa,2017,84.4,85.2,114.85,26330000.0,10.45,212.77,15.09,10.04,10.563262,26033.504,7.86,435649.9939,2.406186,1.157946952,6690.939847,49,1219090.0,-30.559482,22.937506,South Africa,South Africa,Upper middle income,Sub-Saharan Africa,12.9845967290754,8.808659073273727,92.05048731571044,12.1005456484,77.59247466916756
South Africa,2018,84.7,85.7,136.82,378180000.0,10.19,214.25,10.56,12.22,9.610598,24742.117,7.73,434350.0061,2.6591578,1.487617373,7005.095413,49,1219090.0,-30.559482,22.937506,South Africa,South Africa,Upper middle income,Sub-Saharan Africa,12.981608256020136,8.85453582242005,90.2277200304603,15.15882103087,78.40280463051992
South Africa,2019,85.0,86.3,136.8,164100000.0,10.5,208.39,13.6,12.57,11.15706,25511.209,8.03,439640.0146,2.6449363,0.113053697,6624.761865,49,1219090.0,-30.559482,22.937506,South Africa,South Africa,Upper middle income,Sub-Saharan Africa,12.993713796977463,8.79872064273317,92.38656674869827,1.1870638185,77.4174849488588
South Sudan,2013,3.6078682,0.0,0.01,28370000.0,30.13,0.44,0.0,0.0,0.0,568.44324,1.2774795,1450.000048,,13.12973114,1779.470365,18,644329.0,6.8769919,31.3069788,South Sudan,South Sudan,Low income,Sub-Saharan Africa,7.280008285964821,7.484632858378249,225.51198802293663,395.5987992482,56.01972902471535
South Sudan,2014,4.0971837,0.0,0.01,,29.85,0.46,0.0,0.0,0.0,582.4618,1.2983489,1529.999971,,3.373648477,1322.820364,18,644329.0,6.8769919,31.3069788,South Sudan,South Sudan,Low income,Sub-Saharan Africa,7.3336763767158155,7.1882770505548725,214.57006995906295,100.70340703845001,51.67132695553386
South Sudan,2015,4.60134,0.0,0.01,70000.0,26.7,0.54,0.0,0.0,0.0,714.99146,1.0860982,1970.000029,,-10.79336463,1119.651437,18,644329.0,6.8769919,31.3069788,South Sudan,South Sudan,Low income,Sub-Saharan Africa,7.5862963218660635,7.021665435380625,187.4784671246627,-288.182835621,49.30378548641899
Spain,2000,100.0,100.0,,,7.88,124.22,62.21,34.49,43.7715,37495.703,3.6,293310.0,7.0082307,5.24599468,14713.06571,94,505370.0,40.463667,-3.74922,Spain,Spain,High income,Europe & Central Asia,12.588988758524122,9.596559166297109,75.62088623042122,41.338438078399996,92.09394783224106
Spain,2001,100.0,100.0,,,8.93,120.06,63.71,49.3,48.487576,39003.945,3.56,294790.0,9.167547,3.932948843,15355.70317,94,505370.0,40.463667,-3.74922,Spain,Spain,High income,Europe & Central Asia,12.594021909658974,9.639307346293975,86.0790146024052,35.12123316799,92.916246116317
Spain,2002,100.0,100.0,,,7.42,143.72,63.02,33.17,40.0942,38938.438,3.57,312750.0,6.4462705,2.731022232,17025.53198,94,505370.0,40.463667,-3.74922,Spain,Spain,High income,Europe & Central Asia,12.653162625766091,9.742528111110353,72.28955858443882,20.264184961439998,94.91685399577547
Spain,2003,100.0,100.0,,,8.92,139.67,61.88,55.75,45.717064,40418.156,3.58,318660.0037,9.7589035,2.981894836,21463.44266,94,505370.0,40.463667,-3.74922,Spain,Spain,High income,Europe & Central Asia,12.671883132391626,9.974153015262164,88.9694448961385,26.598501937119998,99.48372837186332
Spain,2004,100.0,100.0,,,8.05,159.91,63.61,50.13,41.56404,41185.832,3.63,335559.9976,8.440905,3.122795242,24861.2828,94,505370.0,40.463667,-3.74922,Spain,Spain,High income,Europe & Central Asia,12.723559029896567,10.121107187075802,81.47491285596021,25.1385016981,102.43681069227746
Spain,2005,100.0,100.0,,,7.3,184.65,57.54,42.27,35.087536,40779.03,3.57,350500.0,6.9234943,3.652032674,26419.29686,94,505370.0,40.463667,-3.74922,Spain,Spain,High income,Europe & Central Asia,12.767118838519758,10.1818878141979,74.32778104364466,26.659838520199997,103.6708394609117
Spain,2006,100.0,100.0,,,8.49,182.98,60.13,52.15,38.0275,40681.79,3.43,341779.9988,8.360923,4.102727115,28365.31349,94,505370.0,40.463667,-3.74922,Spain,Spain,High income,Europe & Central Asia,12.741925456544339,10.252957575404569,87.04760981518479,34.83215320635001,105.12313904304594
Spain,2007,100.0,100.0,,,9.02,188.13,55.1,58.3,37.6082,40817.645,3.36,354679.9927,9.064817,3.604687971,32549.97098,94,505370.0,40.463667,-3.74922,Spain,Spain,High income,Europe & Central Asia,12.778974052350971,10.390562477606544,93.72287354801102,32.51428549842,107.96378860104504
Spain,2008,100.0,100.0,,,9.76,189.55,58.97,62.15,38.986706,39067.87,3.22,324269.989,9.948371,0.887145182,35366.2596,94,505370.0,40.463667,-3.74922,Spain,Spain,High income,Europe & Central Asia,12.689334831001236,10.473541801109167,102.22176797882547,8.65853697632,109.69507785958106
Spain,2009,100.0,100.0,,,12.25,164.69,52.76,74.08,43.50839,35904.375,3.07,287489.9902,12.662101,-3.763231927,32042.47408,94,505370.0,40.463667,-3.74922,Spain,Spain,High income,Europe & Central Asia,12.5689468002937,10.374848824767417,127.09189810340087,-46.09959110575,107.63748813677786
Spain,2010,100.0,100.0,,,14.44,138.39,61.99,97.77,53.583763,36714.2,3.07,273250.0,16.742804,0.163010231,30502.71971,94,505370.0,40.463667,-3.74922,Spain,Spain,High income,Europe & Central Asia,12.518146065684421,10.325603912864185,149.10172050175882,2.35386773564,106.61809616535618
Spain,2011,100.0,100.0,,,14.79,146.12,57.72,87.53,49.850708,35901.07,3.04,274399.9939,15.473434,-0.814373455,31636.44631,94,505370.0,40.463667,-3.74922,Spain,Spain,High income,Europe & Central Asia,12.522345796911855,10.362096707815196,153.25541030858673,-12.04458339945,107.37304818211452
Spain,2012,100.0,100.0,,,15.83,145.33,61.47,86.97,50.529327,35681.477,3.13,269269.989,15.889772,-2.959441302,28324.42934,94,505370.0,40.463667,-3.74922,Spain,Spain,High income,Europe & Central Asia,12.503473545555158,10.25151524341593,162.2814863032742,-46.847955810660004,105.09356478598919
Spain,2013,100.0,100.0,,,16.99,113.32,56.73,111.42,59.739937,34008.008,2.96,242809.9976,19.901302,-1.435394259,29059.54795,94,505370.0,40.463667,-3.74922,Spain,Spain,High income,Europe & Central Asia,12.400038632034613,10.27713679276206,174.60855410902738,-24.387348460409996,105.61954065714362
Spain,2014,100.0,100.0,,,17.41,107.37,57.31,110.26,60.94784,33478.24,2.86,240960.0067,20.088554,1.383907943,29461.55033,94,505370.0,40.463667,-3.74922,Spain,Spain,High income,Europe & Central Asia,12.392390401456785,10.290875255516156,179.16413819853628,24.093837287630002,105.9021135245947
Spain,2015,100.0,100.0,,,16.33,123.19,57.2,97.09,55.604,33920.24,2.85,256279.9988,17.507902,3.83517266,25732.01836,94,505370.0,40.463667,-3.74922,Spain,Spain,High income,Europe & Central Asia,12.454029773045193,10.155530207373477,165.83980828640887,62.62836953779999,103.13479379287519
Spain,2016,100.0,100.0,,,17.21,107.93,58.63,104.63,60.201332,34212.625,2.79,247029.9988,18.609848,3.03130133,26505.34322,94,505370.0,40.463667,-3.74922,Spain,Spain,High income,Europe & Central Asia,12.417269108950071,10.185139350123107,175.28624821561868,52.1686958893,103.73706358142614
Spain,2017,100.0,100.0,,,15.71,126.93,58.04,87.93,53.488457,34520.543,2.86,263450.0122,15.68235,2.973641191,28100.58624,94,505370.0,40.463667,-3.74922,Spain,Spain,High income,Europe & Central Asia,12.481622717725326,10.24358130355067,160.92666227878104,46.71590311061,104.93095792245283
Spain,2018,100.0,100.0,,,17.42,112.23,55.77,103.88,58.720753,34986.293,2.77,257040.0085,18.230534,2.288785676,30349.7521,94,505370.0,40.463667,-3.74922,Spain,Spain,High income,Europe & Central Asia,12.456990917295894,10.320576577070224,179.7844439725633,39.87064647592,106.51430088317053
Spain,2019,100.0,100.0,,,17.27,111.55,58.35,100.99,58.82092,33764.863,2.64,239979.9957,17.37585,2.085191421,29555.3157,94,505370.0,40.463667,-3.74922,Spain,Spain,High income,Europe & Central Asia,12.38831501460553,10.294052729269817,177.77829063448974,36.01125584067,105.96752159298737
Sri Lanka,2000,70.2628,16.9,61.59,1470000.0,64.16,3.28,0.0,3.17,49.14729,2851.8083,3.12,10930.0,17.715664,6.00003316,869.696285,341,65610.0,7.873054,80.771797,Sri Lanka,Sri Lanka,Upper middle income,South Asia,9.299358068293836,6.769293219143488,434.31785294024615,384.96212754559997,45.823330686742004
Sri Lanka,2001,63.6,17.5,61.78,3810000.0,62.93,3.44,0.0,3.09,47.32006,2750.116,3.06,10850.0,17.628239,-1.545408134,832.8035723,341,65610.0,7.873054,80.771797,Sri Lanka,Sri Lanka,Upper middle income,South Asia,9.292012520620208,6.725997849798277,423.26704468780554,-97.25253387262,45.239047075491044
Sri Lanka,2002,80.7,17.9,61.89,388260000.0,62.1,4.12,0.0,2.68,39.411762,2799.956,3.0,11390.00034,14.758176,3.964675686,867.4914868,341,65610.0,7.873054,80.771797,Sri Lanka,Sri Lanka,Upper middle income,South Asia,9.340578878748037,6.7667577834454375,420.2156583519617,246.20636010060002,45.78901089981941
Sri Lanka,2003,74.99882,18.5,65.33,40000.0,61.31,4.14,0.0,3.27,44.129555,2852.4663,3.0,12409.99985,17.510588,5.940269078,982.195697,341,65610.0,7.873054,80.771797,Sri Lanka,Sri Lanka,Upper middle income,South Asia,9.426338443043468,6.890808181716618,422.4754496210458,364.19789717218003,47.483237397212676
Sri Lanka,2004,76.56858,18.7,66.56,130000.0,61.61,4.94,0.0,2.94,37.309643,2745.2893,2.88,12869.99989,16.025322,5.445061278,1065.784437,341,65610.0,7.873054,80.771797,Sri Lanka,Sri Lanka,Upper middle income,South Asia,9.462731989103034,6.972404203712507,429.5698229907276,335.47022533757996,48.614420379947845
Sri Lanka,2005,78.13781,19.5,66.64,24750000.0,60.08,5.5,0.0,3.43,38.409855,3140.5315,2.78,13979.99954,16.077099,6.241748045,1248.698185,341,65610.0,7.873054,80.771797,Sri Lanka,Sri Lanka,Upper middle income,South Asia,9.545454511086028,7.13065734914212,428.4098935364585,375.00422254359995,50.84627423087453
Sri Lanka,2006,82.05,19.8,67.32,90000.0,62.18,4.55,0.0,3.86,45.897743,3338.2832,2.6,12399.99962,19.959389,7.6682919,1435.816813,341,65610.0,7.873054,80.771797,Sri Lanka,Sri Lanka,Upper middle income,South Asia,9.425532362860082,7.270185399177689,452.0601281208687,476.81439034199997,52.85559573841645
Sri Lanka,2007,80.0,20.3,67.2,38210000.0,60.2,5.57,0.0,3.94,41.430073,3358.7993,2.48,13590.00015,16.628553,6.796826119,1630.388906,341,65610.0,7.873054,80.771797,Sri Lanka,Sri Lanka,Upper middle income,South Asia,9.517163098992063,7.397187020549132,445.31065863705777,409.1689323638,54.71837581698054
Sri Lanka,2008,82.86739,20.9,68.42,120000.0,61.58,5.46,0.0,4.16,43.243244,3134.0298,2.28,12810.00042,18.3665,5.950088145,2037.322103,341,65610.0,7.873054,80.771797,Sri Lanka,Sri Lanka,Upper middle income,South Asia,9.458059488640759,7.619882249871346,469.23234894707747,366.4064279691,58.06260550190441
Sri Lanka,2009,87.09,21.3,69.79,11750000.0,63.51,5.67,0.0,3.94,40.998962,3147.0713,2.24,12289.99996,17.016684,3.538912053,2090.401826,341,65610.0,7.873054,80.771797,Sri Lanka,Sri Lanka,Upper middle income,South Asia,9.416622562960567,7.645589850263466,485.5714113902327,224.75630448603,58.45504415845173
Sri Lanka,2010,85.3,21.7,71.14,44570000.0,61.85,4.76,0.0,5.69,54.44976,3368.2034,2.21,13069.99969,22.894518,8.015967371,2799.648738,341,65610.0,7.873054,80.771797,Sri Lanka,Sri Lanka,Upper middle income,South Asia,9.478151291068928,7.937606361469673,490.94095345689925,495.78758189635005,63.00559474964381
Sri Lanka,2011,87.76,22.3,72.11,7090000.0,59.25,6.47,0.0,4.72,42.180515,3623.197,2.21,15420.00008,17.231127,8.404733021,3200.861132,341,65610.0,7.873054,80.771797,Sri Lanka,Sri Lanka,Upper middle income,South Asia,9.643485501045387,8.071487523471907,478.23563576571047,497.98043149425,65.14891084156265
Sri Lanka,2012,87.0,23.0,82.19,225580000.0,60.7,7.89,0.0,3.48,30.606861,3708.9927,2.18,16850.00038,12.257574,9.144572246,3350.521876,341,65610.0,7.873054,80.771797,Sri Lanka,Sri Lanka,Upper middle income,South Asia,9.732165303751133,8.117169813003326,492.7122076493019,555.0755353321999,65.88844577313245
Sri Lanka,2013,90.2,24.0,83.7,2340000.0,59.88,4.52,0.0,7.14,61.234993,3748.5815,1.87,14479.99954,24.80347,3.39573265,3610.289363,341,65610.0,7.873054,80.771797,Sri Lanka,Sri Lanka,Upper middle income,South Asia,9.58059269256284,8.191820151824881,490.52619069127394,203.336471082,67.10591739984423
Sri Lanka,2014,92.660515,24.8,88.37,119750000.0,57.31,7.1,0.0,4.87,40.685043,4007.7144,1.93,17600.00038,15.6329,4.960700592,3819.25353,341,65610.0,7.873054,80.771797,Sri Lanka,Sri Lanka,Upper middle income,South Asia,9.775711019183651,8.248072068508236,472.697010246207,284.29775092752004,68.03069284730573
Sri Lanka,2015,94.35187,25.75,89.82,450000.0,52.89,6.38,0.0,6.34,49.842766,4476.9307,1.94,20360.00061,18.154892,5.007683305,3843.780672,341,65610.0,7.873054,80.771797,Sri Lanka,Sri Lanka,Upper middle income,South Asia,9.921376615331104,8.254471837920047,436.5790155075913,264.85637000145,68.13630532301515
Sri Lanka,2016,97.5,26.9,92.86,61260000.0,50.92,9.01,0.0,4.68,34.185535,4878.142,1.91,21930.00031,12.23384,4.486634531,3886.291502,341,65610.0,7.873054,80.771797,Sri Lanka,Sri Lanka,Upper middle income,South Asia,9.995656454142747,8.265467922123149,420.87762659451073,228.45943031852002,68.31795997164676
Sri Lanka,2017,97.5,28.2,96.99,211630000.0,49.33,10.1,0.0,4.59,31.245747,4726.284,1.81,23360.00061,12.293098,3.578169679,4077.043841,341,65610.0,7.873054,80.771797,Sri Lanka,Sri Lanka,Upper middle income,South Asia,10.05882327035699,8.313372701689659,410.0986753743508,176.51111026507,69.11216567719882
Sri Lanka,2018,99.56487,29.4,101.89,200450000.0,51.4,7.92,0.0,7.04,47.058823,4876.866,1.76,21690.00053,18.060566,3.272000479,4059.20823,341,65610.0,7.873054,80.771797,Sri Lanka,Sri Lanka,Upper middle income,South Asia,9.984652731387733,8.308989539457924,427.0820623281373,168.1808246206,69.0393071668212
Sri Lanka,2019,99.75857,30.6,103.77,170000.0,49.91,10.18,0.0,5.71,35.934547,4973.5986,1.78,23780.00069,14.141156,2.255176529,3852.265603,341,65610.0,7.873054,80.771797,Sri Lanka,Sri Lanka,Upper middle income,South Asia,10.076642250520026,8.256676276327655,412.09071295151324,112.55586056238998,68.1727031320719
Sudan,2000,23.0,7.6,14.95,,80.42,1.23,0.0,1.35,52.325584,1182.5435,7.88,5690.0,,6.345867769,366.172742,25,1861484.0,12.862807,30.217636,Sudan,Sudan,Low income,Sub-Saharan Africa,8.646641258603124,5.905832423964858,474.9470435352539,510.33468598298,34.87885661995463
Sudan,2001,29.255226,9.5,14.58,,79.38,1.38,0.0,1.45,51.23675,1239.9237,7.84,6250.0,,6.500360421,456.6242379,25,1861484.0,12.862807,30.217636,Sudan,Sudan,Low income,Sub-Saharan Africa,8.740496729931813,6.126048406101674,486.2857224763508,515.9986102189799,37.52846907390086
Sudan,2002,29.525602,11.2,14.21,,76.76,1.59,0.0,1.5,48.54369,1434.762,7.91,7710.000038,,6.006471536,512.4412582,25,1861484.0,12.862807,30.217636,Sudan,Sudan,Low income,Sub-Saharan Africa,8.950403164760985,6.241135627888304,479.0695707967062,461.05675510336005,38.951773925696735
Sudan,2003,29.790567,13.4,13.84,1317960000.0,77.0,2.0,0.0,1.33,39.93994,1455.1571,7.13,7929.999828,,6.288808161,586.7532114,25,1861484.0,12.862807,30.217636,Sudan,Sudan,Low income,Sub-Saharan Africa,8.978534388396268,6.376307151292959,490.97565064955785,484.23822839700006,40.65729288762973
Sudan,2004,30.052393,15.5,13.5,,75.4,2.2,0.0,1.26,36.416183,1560.1315,6.86,8829.999924,,5.140888518,711.9219842,25,1861484.0,12.862807,30.217636,Sudan,Sudan,Low income,Sub-Saharan Africa,9.086023528862755,6.569371995353259,495.33064844963576,387.6229942572,43.15664841333166
Sudan,2005,30.313347,17.9,14.16,,72.28,2.38,0.0,1.42,37.36842,1767.6344,6.6,10500.0,,5.643515513,914.1665223,25,1861484.0,12.862807,30.217636,Sudan,Sudan,Low income,Sub-Saharan Africa,9.259225769705994,6.819106040301762,492.8849845930113,407.91330127964,46.50020718887997
Sudan,2006,30.575792,21.3,13.85,,69.25,2.9,0.0,1.56,34.977577,2052.4446,6.42,12899.99962,,6.531411747,1143.932251,25,1861484.0,12.862807,30.217636,Sudan,Sudan,Low income,Sub-Saharan Africa,9.465060077270055,7.043100744805446,487.7347265777771,452.30026347975,49.60526810147903
Sudan,2007,30.842442,24.15,13.55,,65.64,3.28,0.0,1.66,33.603237,2118.6284,5.54,13960.00004,,5.735274237,1461.315914,25,1861484.0,12.862807,30.217636,Sudan,Sudan,Low income,Sub-Saharan Africa,9.544023009853772,7.2877767004143905,478.3696626152006,376.46340091668,53.11168923510286
Sudan,2008,19.97,26.6,13.27,,63.51,3.76,0.0,1.64,30.370369,2246.169,5.23,14949.99981,,3.846744731,1551.085771,25,1861484.0,12.862807,30.217636,Sudan,Sudan,Low income,Sub-Saharan Africa,9.612533453505748,7.347354964035707,466.6305137659078,244.30675786580997,53.98362496754015
Sudan,2009,29.0,29.7,50.0,,63.12,3.07,0.0,3.35,52.180683,2354.9653,5.3,15479.99954,,-2.767704366,1202.557881,25,1861484.0,12.862807,30.217636,Sudan,Sudan,Low income,Sub-Saharan Africa,9.647368714826623,7.093037349959465,447.7125175294414,-174.69749958191997,50.31117884791999
Sudan,2010,38.039776,32.5,48.94,85500000.0,61.32,1.3,0.0,6.2,82.666664,2604.3655,4.84,16420.00008,,3.858241952,1338.443724,25,1861484.0,12.862807,30.217636,Sudan,Sudan,Low income,Sub-Saharan Africa,9.706316287363649,7.2000096754108025,441.5045932961904,236.58739649664003,51.84013932600917
Sudan,2011,39.820805,35.6,47.86,27700000.0,63.68,1.9,0.0,6.48,77.326965,2462.639,5.2,15920.00008,,-3.213532093,1366.410905,25,1861484.0,12.862807,30.217636,Sudan,Sudan,Low income,Sub-Saharan Africa,9.675394276520814,7.220674380436924,459.8125445462233,-204.63772368224,52.13813850829815
Sudan,2012,41.591995,38.95,49.74,130000.0,63.76,2.53,0.0,6.8,72.88317,2326.128,4.41,15800.00019,,-17.0046884,1039.762051,25,1861484.0,12.862807,30.217636,Sudan,Sudan,Low income,Sub-Saharan Africa,9.667828520176055,6.947708465157699,442.9858917384548,-1084.2189323839998,48.27065291682394
Sudan,2013,43.343517,40.95,48.56,3340000.0,65.7,1.82,0.0,8.41,82.20919,2385.0166,5.05,15220.00027,,1.955144633,1160.535552,25,1861484.0,12.862807,30.217636,Sudan,Sudan,Low income,Sub-Saharan Africa,9.630431350018318,7.05749816043768,463.6776291407556,128.4530023881,49.80828028458124
Sudan,2014,44.9,43.3,47.4,400000.0,64.91,2.23,0.0,9.04,80.21295,2378.8403,4.87,16120.00084,,4.661379542,1303.838955,25,1861484.0,12.862807,30.217636,Sudan,Sudan,Low income,Sub-Saharan Africa,9.687878100981946,7.173834906011362,465.6536237491975,302.57014607121994,51.46390725870705
Sudan,2015,46.903107,45.4,46.35,30000.0,63.02,4.09,0.0,8.73,68.09672,2384.2434,4.71,18709.99908,,1.910176891,1329.635962,25,1861484.0,12.862807,30.217636,Sudan,Sudan,Low income,Sub-Saharan Africa,9.836866816025292,7.193412273847723,453.3288414978835,120.37934767082001,51.74518014154307
Sudan,2016,48.849403,47.9,45.29,40000.0,59.52,5.6,0.0,8.5,60.283688,2684.0552,4.7,21129.99916,,3.467642184,1069.839957,25,1861484.0,12.862807,30.217636,Sudan,Sudan,Low income,Sub-Saharan Africa,9.958496395814903,6.976198626041527,415.22334222199174,206.39406279168,48.66734726998369
Sudan,2017,50.75472,49.8,48.14,10000.0,60.47,5.45,0.0,9.77,64.19186,2654.5432,4.5,20959.99908,,0.709256285,1011.521216,25,1861484.0,12.862807,30.217636,Sudan,Sudan,Low income,Sub-Saharan Africa,9.950418803329523,6.920198752835235,418.46441858394667,42.888727553950005,47.88915077874234
Sudan,2018,52.447002,51.3,50.68,2470000.0,61.27,5.82,0.0,10.08,63.39623,2554.7512,4.47,20860.00061,,-2.68093055,740.746767,25,1861484.0,12.862807,30.217636,Sudan,Sudan,Low income,Sub-Saharan Africa,9.945636695285453,6.609007900550041,404.93391406670105,-164.2606147985,43.67898542953286
Sudan,2019,53.96254,53.6,49.61,207170000.0,62.23,5.98,0.0,10.33,63.33538,2459.3628,4.62,20620.00084,,-2.178251045,610.9278615,25,1861484.0,12.862807,30.217636,Sudan,Sudan,Low income,Sub-Saharan Africa,9.934065293735438,6.416614402198702,399.3059142488252,-135.55256253035,41.172940386503804
Suriname,2000,95.49438,77.9,382.21,,23.63,0.69,0.0,0.71,50.714287,17458.83,4.15,1480.0,,2.099998868,2012.281651,4,163820.0,3.919305,-56.027783,Suriname,Suriname,Upper middle income,Latin America & Caribbean,7.300472814267799,7.607521331898157,179.76572907275346,49.62297325084,57.87438081528551
Suriname,2001,95.397385,78.85,377.7,,24.14,0.69,0.0,0.73,51.40845,16939.615,4.29,1520.0,,4.200000421,1750.576737,4,163820.0,3.919305,-56.027783,Suriname,Suriname,Upper middle income,Latin America & Caribbean,7.327123292259293,7.468271653838822,180.28407772366916,101.38801016294,55.775081495532454
Suriname,2002,95.292816,79.8,373.27,,27.79,0.69,0.0,0.74,51.748253,18476.682,2.89,1120.000005,,2.800000689,2267.753984,4,163820.0,3.919305,-56.027783,Suriname,Suriname,Upper middle income,Latin America & Caribbean,7.021976427532463,7.726986054044677,214.73294244190157,77.81201914731,59.70631347940093
Suriname,2003,95.18301,80.9,368.9,,24.64,0.69,0.0,0.75,52.083332,16105.433,2.91,1230.000019,,6.299999433,2611.377493,4,163820.0,3.919305,-56.027783,Suriname,Suriname,Upper middle income,Latin America & Caribbean,7.115582141619059,7.868016002541994,193.86791430263474,155.23198602912,61.9056758162569
Suriname,2004,95.07031,82.0,364.61,,22.63,0.69,0.0,0.76,52.41379,18010.424,2.96,1389.999986,,8.500000185,3006.183233,4,163820.0,3.919305,-56.027783,Suriname,Suriname,Upper middle income,Latin America & Caribbean,7.237778181858741,8.00875911661591,181.238218809018,192.35500418654996,64.14022258797844
Suriname,2005,94.95708,82.8,360.39,,18.88,0.7,0.0,0.82,53.94737,18127.873,3.26,1690.000057,,4.500000211,3590.648183,4,163820.0,3.919305,-56.027783,Suriname,Suriname,Upper middle income,Latin America & Caribbean,7.433075382606445,8.186366480026095,154.55859914289266,84.96000398368,67.01659614529484
Suriname,2006,91.01984,83.5,356.23,,22.09,0.7,0.0,0.86,55.12821,19537.414,2.92,1529.999971,,5.793543585,5197.747907,4,163820.0,3.919305,-56.027783,Suriname,Suriname,Upper middle income,Latin America & Caribbean,7.3336763767158155,8.556173088460262,189.0058635240872,127.97937779265,73.20809791969162
Suriname,2007,94.738884,84.6,352.13,,24.59,0.7,0.0,0.86,55.12821,18059.73,2.64,1409.999967,,5.111487778,5744.759727,4,163820.0,3.919305,-56.027783,Suriname,Suriname,Upper middle income,Latin America & Caribbean,7.252053928465146,8.656217422967057,212.85638643075993,125.69148446102,74.93010007367843
Suriname,2008,94.639275,85.3,348.08,,26.19,0.7,0.0,0.86,55.12821,21127.252,2.68,1460.000038,,4.143406812,6831.983622,4,163820.0,3.919305,-56.027783,Suriname,Suriname,Upper middle income,Latin America & Caribbean,7.286876437760282,8.829516697880496,231.2450423174902,108.51582440628002,77.9603651181505
Suriname,2009,94.549614,86.3,344.09,400000.0,26.47,0.7,0.0,0.86,55.12821,21246.133,2.62,1450.000048,,3.013698983,7408.360786,4,163820.0,3.919305,-56.027783,Suriname,Suriname,Upper middle income,Latin America & Caribbean,7.280008285964821,8.9104994508715,235.86092046456858,79.77261208000999,79.3970004639813
Suriname,2010,91.19752,87.1,340.48,,22.1,0.48,0.0,1.2,71.42858,25234.633,2.96,1740.00001,,5.168825152,8255.874872,4,163820.0,3.919305,-56.027783,Suriname,Suriname,Upper middle income,Latin America & Caribbean,7.462214945512015,9.018801450130386,199.31551204788155,114.2310358592,81.33877959687396
Suriname,2011,94.410934,88.0,336.86,4060000.0,21.16,0.86,0.0,1.03,54.497356,20305.736,3.7,1950.000048,,5.849367672,8263.203803,4,163820.0,3.919305,-56.027783,Suriname,Suriname,Upper middle income,Latin America & Caribbean,7.576097365225879,9.01968867203943,190.85661230035436,123.77261993952,81.35478374051642
Suriname,2012,94.36734,89.0,333.79,,15.77,1.07,0.0,0.82,43.386242,21876.135,3.07,2440.000057,,2.690349747,9200.974786,4,163820.0,3.919305,-56.027783,Suriname,Suriname,Upper middle income,Latin America & Caribbean,7.800163093744046,9.12717339065515,143.93552437063173,42.426815510189996,83.30529410308343
Suriname,2013,94.34358,89.8,330.61,20000.0,17.63,1.09,0.0,0.83,43.229168,20840.512,3.66,2289.999962,,2.933441652,9402.164419,4,163820.0,3.919305,-56.027783,Suriname,Suriname,Upper middle income,Latin America & Caribbean,7.736743665866852,9.148801551926606,161.29337136046607,51.71657632476,83.70056983653468
Suriname,2014,94.33763,90.6,336.53,0.0,12.85,1.37,0.0,0.55,28.645834,20081.727,3.85,2619.999886,,0.255503032,9471.922001,4,163820.0,3.919305,-56.027783,Suriname,Suriname,Upper middle income,Latin America & Caribbean,7.871311159828556,9.156192692019193,117.65707609244663,3.2832139612,83.83586461338568
Suriname,2015,94.89523,91.2,336.05,,11.59,1.46,0.0,0.49,25.128204,18293.592,3.56,2720.000029,,-3.411096013,9168.237157,4,163820.0,3.919305,-56.027783,Suriname,Suriname,Upper middle income,Latin America & Caribbean,7.908754749441092,9.123609372804292,105.74263263080175,-39.53460279067,83.24024798752234
Suriname,2016,95.816315,92.0,333.45,,11.29,1.12,0.0,0.8,41.666668,18815.174,4.14,2950.000048,,-4.915786469,5872.789429,4,163820.0,3.919305,-56.027783,Suriname,Suriname,Upper middle income,Latin America & Caribbean,7.989899391208612,8.678255263141889,97.97750192087192,-55.49922923501,75.3121144122499
Suriname,2017,96.696335,92.7,331.92,10000.0,14.96,0.95,0.0,0.93,49.468086,21698.678,3.91,2500.0,,1.567191065,6295.560562,4,163820.0,3.919305,-56.027783,Suriname,Suriname,Upper middle income,Latin America & Caribbean,7.824445930877619,8.747758820759051,130.86647195855542,23.4451783324,76.52328438616779
Suriname,2018,97.4,93.3,330.66,290000.0,17.55,0.89,0.0,1.0,52.910053,21688.73,3.57,2210.000038,,4.948270766,6938.086981,4,163820.0,3.919305,-56.027783,Suriname,Suriname,Upper middle income,Latin America & Caribbean,7.70120019804424,8.844925485912498,155.22844227776434,86.84215194330001,78.23270685134443
Suriname,2019,97.82542,93.9,327.6,22500000.0,14.4,0.99,0.0,0.96,49.230766,21629.324,3.97,2650.000095,,1.098467778,6853.693411,4,163820.0,3.919305,-56.027783,Suriname,Suriname,Upper middle income,Latin America & Caribbean,7.882692242124558,8.832688866123872,127.19071967218376,15.817936003200002,78.01639260574862
Sweden,2000,100.0,100.0,,,39.82,4.77,57.32,83.14,96.71556,72085.086,5.54,53280.0,38.59571,4.766348871,29624.91267,25,450295.0,60.128161,18.643501,Sweden,Sweden,High income,Europe & Central Asia,10.883335073806908,10.296404685389053,410.0028345721921,189.79601204322,106.01594944530164
Sweden,2001,100.0,100.0,,,37.38,6.17,72.11,83.32,96.18192,77094.32,5.81,52500.0,35.828453,1.449498618,27247.85773,25,450295.0,60.128161,18.643501,Sweden,Sweden,High income,Europe & Central Asia,10.868587496017359,10.212766881047662,381.75322601356163,54.18225834084001,104.30060736662398
Sweden,2002,100.0,100.0,,,35.85,7.44,68.11,71.15,94.92842,71925.88,5.83,54020.00046,32.522167,2.196921062,29899.19525,25,450295.0,60.128161,18.643501,Sweden,Sweden,High income,Europe & Central Asia,10.897128147352822,10.30562028945779,369.4564873770618,78.7596200727,106.20580955048408
Sweden,2003,100.0,100.0,,,34.56,9.24,67.42,58.73,93.17527,68647.01,5.57,55200.00076,27.901482,2.30981059,37321.7979,25,450295.0,60.128161,18.643501,Sweden,Sweden,High income,Europe & Central Asia,10.918736361810991,10.527359622676318,363.8255485596936,79.8270539904,110.82530062515568
Sweden,2004,100.0,100.0,,,35.49,6.02,77.49,68.18,96.03138,73592.02,5.54,53590.00015,30.187603,4.336856154,42821.67314,25,450295.0,60.128161,18.643501,Sweden,Sweden,High income,Europe & Central Asia,10.889136425311571,10.664822987565554,378.4945678287015,153.91502490546003,113.73844935610667
Sweden,2005,100.0,100.0,,,39.3,4.76,72.38,81.23,96.994385,75121.83,5.26,50209.99908,34.73209,2.85880324,43437.06312,25,450295.0,60.128161,18.643501,Sweden,Sweden,High income,Europe & Central Asia,10.823989386859068,10.679091366136786,419.6882906891757,112.35096733199998,114.04299240629726
Sweden,2006,100.0,100.0,,,40.08,5.24,66.98,71.06,96.34282,70265.69,4.9,48900.00153,32.33128,4.662773552,46593.60216,25,450295.0,60.128161,18.643501,Sweden,Sweden,High income,Europe & Central Asia,10.79755315643932,10.749239979928127,430.8295383955193,186.88396396416,115.54616014608524
Sweden,2007,100.0,100.0,,,41.75,4.42,66.97,77.43,97.02996,70870.68,4.71,47139.99939,34.59903,3.439221776,53700.00534,25,450295.0,60.128161,18.643501,Sweden,Sweden,High income,Europe & Central Asia,10.76089837673209,10.891187001736983,454.707057322519,143.587509148,118.6179543068046
Sweden,2008,100.0,100.0,,,43.2,4.6,63.89,81.41,96.93129,69369.7,4.7,46150.00153,36.92847,-0.450559257,56152.55234,25,450295.0,60.128161,18.643501,Sweden,Sweden,High income,Europe & Central Asia,10.739673941320657,10.935845223347979,472.4285136486327,-19.464159902400002,119.5927107490228
Sweden,2009,100.0,100.0,,,45.71,4.62,52.17,79.81,96.61786,63081.84,4.5,42880.00107,39.14199,-4.339790575,46946.96027,25,450295.0,60.128161,18.643501,Sweden,Sweden,High income,Europe & Central Asia,10.666184141321054,10.756795038964224,491.6931012310547,-198.37182718325002,115.70863951028535
Sweden,2010,100.0,100.0,,,44.7,8.53,57.83,82.09,94.25396,66485.91,4.77,48130.00107,38.351444,5.952107008,52869.04429,25,450295.0,60.128161,18.643501,Sweden,Sweden,High income,Europe & Central Asia,10.781681761374433,10.875592186944296,486.13897075641006,266.0591832576,118.2785054167238
Sweden,2011,100.0,100.0,,,45.43,5.72,60.47,84.09,96.19377,64929.965,4.52,44580.00183,39.861126,3.195333235,60755.75955,25,450295.0,60.128161,18.643501,Sweden,Sweden,High income,Europe & Central Asia,10.705063079320823,11.014633623325693,500.3948055076862,145.16398886605,121.32215385609689
Sweden,2012,100.0,100.0,,,48.29,4.09,64.04,98.3,97.54251,68276.21,4.59,42139.99939,43.305737,-0.588304569,58037.82132,25,450295.0,60.128161,18.643501,Sweden,Sweden,High income,Europe & Central Asia,10.648776403023804,10.968867398728507,529.6866066845996,-28.40922763701,120.3160520108891
Sweden,2013,100.0,100.0,,,47.27,3.88,66.46,82.69,97.46455,63351.668,4.48,40540.00092,38.95485,1.187775716,61126.9432,25,450295.0,60.128161,18.643501,Sweden,Sweden,High income,Europe & Central Asia,10.610069109390402,11.020724376129222,520.9496412596284,56.146158095320004,121.45636577460881
Sweden,2014,100.0,100.0,,,48.61,2.93,64.88,85.74,98.09183,62421.89,4.25,39080.00183,40.648502,2.657798275,60020.36046,25,450295.0,60.128161,18.643501,Sweden,Sweden,High income,Europe & Central Asia,10.573391741191497,11.002455785515211,534.8293757338944,129.19557414775002,121.05403331221714
Sweden,2015,100.0,100.0,,,51.91,3.15,56.35,102.5,98.055565,63877.484,3.76,39189.99863,46.599625,4.489281588,51545.48361,25,450295.0,60.128161,18.643501,Sweden,Sweden,High income,Europe & Central Asia,10.576202372624573,10.850239273927404,563.2359207095715,233.03860723307997,117.72769230147667
Sweden,2016,100.0,100.0,,,50.89,3.66,63.1,89.13,97.65219,62081.117,3.96,38779.99878,42.0827,2.070593151,51965.15715,25,450295.0,60.128161,18.643501,Sweden,Sweden,High income,Europe & Central Asia,10.565685683493353,10.858347961647203,552.5813277682262,105.37248545439002,117.90372045620796
Sweden,2017,100.0,100.0,,,51.81,3.47,65.7,95.06,97.88711,63417.605,3.97,38290.00092,43.339447,2.567924525,53791.50873,25,450295.0,60.128161,18.643501,Sweden,Sweden,High income,Europe & Central Asia,10.552970184636342,10.892889493517876,564.3606046591611,133.04416964025,118.65504151799212
Sweden,2018,100.0,100.0,,,51.54,3.66,68.55,91.15,97.75955,61487.004,3.97,36009.99832,42.218502,1.950022846,54589.06039,25,450295.0,60.128161,18.643501,Sweden,Sweden,High income,Europe & Central Asia,10.491579679668797,10.907607101021757,562.1780699866613,100.50417748283999,118.97589267026025
Sweden,2019,100.0,100.0,,,52.88,3.35,66.13,98.94,98.010925,63283.47,3.8,35000.0,43.813766,1.986195874,51939.42974,25,450295.0,60.128161,18.643501,Sweden,Sweden,High income,Europe & Central Asia,10.463131911491967,10.857852758959947,574.163253893802,105.03003781712,117.89296653525413
Switzerland,2000,100.0,100.0,,,18.19,2.63,25.12,34.0,95.74089,50728.715,2.44,43710.0,30.638752,3.976409234,38952.0342,219,41277.0,46.818188,8.227512,Switzerland,Switzerland,High income,Europe & Central Asia,10.685355065655601,10.570111948136487,192.27033633660272,72.33088396646001,111.72726659613772
Switzerland,2001,100.0,100.0,,,18.72,2.72,25.47,38.44,95.917755,53862.72,2.55,45150.0,31.928984,1.575817262,39727.84667,219,41277.0,46.818188,8.227512,Switzerland,Switzerland,High income,Europe & Central Asia,10.7177677069941,10.589832819190208,198.2416703752407,29.49929914464,112.14455913839804
Switzerland,2002,100.0,100.0,,,18.19,2.79,25.87,32.47,95.43595,49782.92,2.49,43569.99969,29.157331,-0.005506463,42578.76314,219,41277.0,46.818188,8.227512,Switzerland,Switzerland,High income,Europe & Central Asia,10.682147063305463,10.659134375726502,193.8896542944651,-0.10016256197,113.61714563979442
Switzerland,2003,100.0,100.0,,,18.03,2.86,26.11,32.11,95.31761,48884.53,2.5,44840.00015,28.983334,-0.046846373,49470.39713,219,41277.0,46.818188,8.227512,Switzerland,Switzerland,High income,Europe & Central Asia,10.710878181799076,10.809149945787784,194.88897352255375,-0.84464010519,116.83772255052405
Switzerland,2004,100.0,100.0,,,18.1,2.92,25.61,31.12,95.104774,47846.156,2.44,45279.99878,28.4365,2.821528115,54878.471,219,41277.0,46.818188,8.227512,Switzerland,Switzerland,High income,Europe & Central Asia,10.720642770495985,10.912894623140481,197.52339267884273,51.069658881500004,119.09126905576842
Switzerland,2005,100.0,100.0,,,18.73,2.97,22.11,28.85,94.49286,45606.344,2.36,45849.99847,27.377468,2.882638434,56546.78566,219,41277.0,46.818188,8.227512,Switzerland,Switzerland,High income,Europe & Central Asia,10.733152254328632,10.94284132357159,204.9594179904959,53.99181786882,119.74577623286604
Switzerland,2006,100.0,100.0,,,18.07,3.1,26.37,28.46,94.64871,47162.11,2.37,45479.99954,26.049185,4.015007608,59300.61722,219,41277.0,46.818188,8.227512,Switzerland,Switzerland,High income,Europe & Central Asia,10.725049925195528,10.990391856452058,198.5963808460887,72.55118747656,120.78871315836773
Switzerland,2007,100.0,100.0,,,19.31,3.01,26.49,32.56,95.14986,46220.9,2.16,43540.00092,29.711977,3.995722246,65359.51922,219,41277.0,46.818188,8.227512,Switzerland,Switzerland,High income,Europe & Central Asia,10.681458323040614,11.08767367350478,214.10297863537727,77.15739657025999,122.93650749013098
Switzerland,2008,100.0,100.0,,,19.55,3.04,26.27,33.41,95.15306,47155.75,2.19,44959.99908,29.249441,2.755511436,74572.23237,219,41277.0,46.818188,8.227512,Switzerland,Switzerland,High income,Europe & Central Asia,10.713550705850928,11.219536906386649,219.341946519859,53.8702485738,125.87800839377209
Switzerland,2009,100.0,100.0,,,19.97,3.0,26.27,33.03,95.18459,46436.273,2.25,43669.99817,28.93271,-2.07963322,72083.1677,219,41277.0,46.818188,8.227512,Switzerland,Switzerland,High income,Europe & Central Asia,10.684439503328532,11.185589711087928,223.37622653042592,-41.5302754034,125.11741718479612
Switzerland,2010,100.0,100.0,,,20.56,3.32,25.2,33.53,94.649475,44714.965,2.11,45209.99908,29.882568,3.268101656,77117.12601,219,41277.0,46.818188,8.227512,Switzerland,Switzerland,High income,Europe & Central Asia,10.71909567869522,11.253093629326322,231.3636050189492,67.19217004736,126.63211623038467
Switzerland,2011,100.0,100.0,,,20.57,3.34,25.56,30.3,94.35811,41971.254,2.0,41189.99863,28.442818,1.920445985,91254.03476,219,41277.0,46.818188,8.227512,Switzerland,Switzerland,High income,Europe & Central Asia,10.625975031613049,11.421413445374684,234.93847457135726,39.50357391145,130.44868509018562
Switzerland,2012,100.0,100.0,,,21.88,3.51,24.34,36.32,94.53016,43889.645,2.0,42520.00046,31.854078,1.217193657,86547.67089,219,41277.0,46.818188,8.227512,Switzerland,Switzerland,High income,Europe & Central Asia,10.657753361341825,11.368462203929539,248.7419530219783,26.632197215159998,129.24193288217447
Switzerland,2013,100.0,100.0,,,21.83,3.48,24.87,36.37,94.622986,44514.03,2.05,43529.99878,30.987797,1.821667791,88109.48675,219,41277.0,46.818188,8.227512,Switzerland,Switzerland,High income,Europe & Central Asia,10.681228578919002,11.386346837190086,248.56395145585955,39.76700787753,129.64889429678868
Switzerland,2014,100.0,100.0,,,22.2,3.37,26.37,36.2,94.88929,41980.58,1.87,39790.00092,32.27639,2.446845157,89684.70758,219,41277.0,46.818188,8.227512,Switzerland,Switzerland,High income,Europe & Central Asia,10.591396058168677,11.40406669956564,253.17028073035718,54.3199624854,130.05273728814194
Switzerland,2015,100.0,100.0,,,23.94,3.33,22.09,36.73,94.64199,40582.914,1.8,39090.00015,33.1626,1.657768711,84776.14217,219,41277.0,46.818188,8.227512,Switzerland,Switzerland,High income,Europe & Central Asia,10.573647544287267,11.34778123556282,271.66588277937393,39.68698294134,128.77213897019163
Switzerland,2016,100.0,100.0,,,24.1,3.69,20.24,33.57,93.58261,37755.19,1.72,39669.99817,32.287403,2.045186469,83073.28008,219,41277.0,46.818188,8.227512,Switzerland,Switzerland,High income,Europe & Central Asia,10.588375675026962,11.327490427280942,272.9925192974707,49.2889939029,128.31203938014139
Switzerland,2017,100.0,100.0,,,24.99,3.67,19.5,33.45,93.518196,37489.188,1.7,38700.00076,32.014774,1.584819616,83352.08865,219,41277.0,46.818188,8.227512,Switzerland,Switzerland,High income,Europe & Central Asia,10.563620738115048,11.33084094388109,283.15771518758845,39.60464220384,128.38795649553214
Switzerland,2018,100.0,100.0,,,24.2,3.54,24.41,34.32,94.31508,37794.062,1.66,37479.99954,31.950867,2.916905098,86388.40495,219,41277.0,46.818188,8.227512,Switzerland,Switzerland,High income,Europe & Central Asia,10.531589404620023,11.366620319379214,275.072211728977,70.5891033716,129.20005748492443
Switzerland,2019,100.0,100.0,,,24.76,3.58,25.28,37.64,94.61654,39156.45,1.68,37380.00107,33.137398,1.210992207,85334.51946,219,41277.0,46.818188,8.227512,Switzerland,Switzerland,High income,Europe & Central Asia,10.528917861549829,11.354346053137313,281.1336082756799,29.984167045320003,128.92117429439486
Tajikistan,2000,98.46774,36.5,653.28,,62.41,0.21,0.0,13.77,98.497856,9375.051,10.92,2200.0,,8.324324495,138.4291467,68,144100.0,38.861034,71.276093,Tajikistan,Tajikistan,Lower middle income,Europe & Central Asia,7.696667081526462,4.937556563271398,308.15290511376793,519.52109173295,24.379464815504463
Tajikistan,2001,98.6331,40.0,642.72,,64.07,0.17,0.0,14.06,98.80534,9605.366,9.84,2150.0,,9.580836178,171.0480646,68,144100.0,38.861034,71.276093,Tajikistan,Tajikistan,Lower middle income,Europe & Central Asia,7.67368812926773,5.147773883124711,329.8178726918002,613.8441739244599,26.499575951780866
Tajikistan,2002,99.0,44.1,631.88,20920000.0,64.15,0.13,0.0,15.01,99.14134,9681.626,8.91,2130.000114,,10.80000376,190.0026776,68,144100.0,38.861034,71.276093,Tajikistan,Tajikistan,Lower middle income,Europe & Central Asia,7.6643466855946265,5.252287446796534,336.9342397119977,692.820241204,27.586523423776452
Tajikistan,2003,100.0,48.0,620.8,20780000.0,64.58,0.16,0.0,16.17,99.02021,9982.501,8.18,2180.000067,,10.99999908,237.7573352,68,144100.0,38.861034,71.276093,Tajikistan,Tajikistan,Lower middle income,Europe & Central Asia,7.687538796921482,5.475447702239673,353.60441261063806,710.3799405864,29.98052753996171
Tajikistan,2004,98.62709,52.15,609.54,,61.41,0.14,0.0,16.18,99.14216,9975.018,8.02,2599.999905,,10.29999894,311.6272313,68,144100.0,38.861034,71.276093,Tajikistan,Tajikistan,Lower middle income,Europe & Central Asia,7.863651228924237,5.74501152647739,352.80115784097654,632.5229349054,33.00515743935808
Tajikistan,2005,99.3,56.0,606.28,580000.0,63.73,0.12,0.0,16.8,99.29077,10009.744,7.5,2470.000029,,6.699998517,340.5831832,68,144100.0,38.861034,71.276093,Tajikistan,Tajikistan,Lower middle income,Europe & Central Asia,7.812378217724749,5.833591231194406,371.77476916401946,426.99090548840996,34.03078665266827
Tajikistan,2006,98.61654,59.65,594.6,540000.0,61.57,0.23,0.0,16.53,98.62769,9612.615,7.23,2690.000057,,7.000003211,408.8384135,68,144100.0,38.861034,71.276093,Tajikistan,Tajikistan,Lower middle income,Europe & Central Asia,7.897668171908623,6.015762968600616,370.3905259767399,430.99019770127,36.1894040943865
Tajikistan,2007,98.61672,62.6,582.81,22870000.0,53.79,0.38,0.0,16.94,97.80601,8899.638,7.17,3269.999981,,7.800000119,526.6432883,68,144100.0,38.861034,71.276093,Tajikistan,Tajikistan,Lower middle income,Europe & Central Asia,8.092851021729762,6.268420465051361,337.1783368151127,419.56200640100997,39.29309512667472
Tajikistan,2008,98.62414,65.3,570.91,34870000.0,54.61,0.35,0.0,16.64,97.939964,8418.195,6.32,3039.999962,,7.899998272,715.8657063,68,144100.0,38.861034,71.276093,Tajikistan,Tajikistan,Lower middle income,Europe & Central Asia,8.019941675181474,6.57488852361477,359.05466227460255,431.41890563392,43.22915909796121
Tajikistan,2009,99.0,67.7,652.1,140000.0,60.58,0.22,0.0,15.74,98.62155,7411.4946,5.28,2410.000086,,3.900001148,676.1235111,68,144100.0,38.861034,71.276093,Tajikistan,Tajikistan,Lower middle income,Europe & Central Asia,7.787796913851017,6.51785369512019,394.85157685038115,236.26206954583998,42.48241679099192
Tajikistan,2010,98.6715,69.9,637.95,6540000.0,61.83,0.03,0.0,16.24,99.815605,7504.4023,5.06,2450.000048,,6.499999086,749.5524123,68,144100.0,38.861034,71.276093,Tajikistan,Tajikistan,Lower middle income,Europe & Central Asia,7.804251403111956,6.620809485144055,409.3646504664569,401.89494348738,43.835118238573486
Tajikistan,2011,98.71686,71.9,624.81,890000.0,59.98,0.04,0.0,16.04,99.75125,7255.999,4.73,2559.999943,,7.4000006,847.3824321,68,144100.0,38.861034,71.276093,Tajikistan,Tajikistan,Lower middle income,Europe & Central Asia,7.848153063942594,6.743331515380423,404.46502429251774,443.852035988,45.47251992632283
Tajikistan,2012,99.1,73.4,610.98,3700000.0,55.8,0.07,0.0,16.73,99.583336,7500.7905,4.76,3019.999981,,7.499999463,969.2961039,68,144100.0,38.861034,71.276093,Tajikistan,Tajikistan,Lower middle income,Europe & Central Asia,8.013343175097363,6.877601286667117,383.7701517960251,418.4999700354,47.30139945836518
Tajikistan,2013,98.86355,74.85,597.34,134390000.0,55.12,0.04,0.0,16.9,99.76387,7599.0825,4.45,3200.000048,,7.399999747,1048.225602,68,144100.0,38.861034,71.276093,Tajikistan,Tajikistan,Lower middle income,Europe & Central Asia,8.071218554965176,6.955807649143731,383.4041176208024,407.88798605463995,48.38326005188644
Tajikistan,2014,98.96462,76.5,610.05,420000.0,45.89,0.15,0.0,15.84,99.06191,7586.009,4.47,4579.999924,,6.70000069,1104.172358,68,144100.0,38.861034,71.276093,Tajikistan,Tajikistan,Lower middle income,Europe & Central Asia,8.429672577296477,7.007756581878722,321.58594954241454,307.4630316641,49.10865231086454
Tajikistan,2015,98.0,77.3,595.34,180000.0,48.11,0.15,0.0,16.83,99.11661,7419.728,4.57,4900.000095,,5.999999264,978.4049812,68,144100.0,38.861034,71.276093,Tajikistan,Tajikistan,Lower middle income,Europe & Central Asia,8.497194564293347,6.886945225226286,331.33093478563666,288.65996459104,47.43001453526715
Tajikistan,2016,99.20831,78.7,581.6,90000.0,41.16,0.56,0.0,16.47,96.71168,7461.84,4.8,6090.000153,,6.89999962,807.1025861,68,144100.0,38.861034,71.276093,Tajikistan,Tajikistan,Lower middle income,Europe & Central Asia,8.714567575955513,6.694689013457026,275.5533997938912,284.0039843592,44.81886098690221
Tajikistan,2017,99.3,79.7,567.41,334530000.0,41.69,0.92,0.0,16.96,94.85458,7440.846,4.7,7369.999886,,7.100001403,848.6723799,68,144100.0,38.861034,71.276093,Tajikistan,Tajikistan,Lower middle income,Europe & Central Asia,8.905308645723274,6.744850839773277,281.1928315101479,295.99905849107,45.49301285079028
Tajikistan,2018,99.3,80.9,566.26,,39.47,1.27,0.0,18.21,93.48049,7761.8164,4.73,8680.000305,,7.599999387,853.2188734,68,144100.0,38.861034,71.276093,Tajikistan,Tajikistan,Lower middle income,Europe & Central Asia,9.068892043526008,6.750187452988847,266.4298987694698,299.97197580489,45.565030650488055
Tajikistan,2019,99.63321,81.6,565.76,,38.56,1.42,0.0,19.17,93.10345,8041.5947,4.84,9420.000076,,7.399999638,890.5444024,68,144100.0,38.861034,71.276093,Tajikistan,Tajikistan,Lower middle income,Europe & Central Asia,9.150696527115752,6.792955242456617,261.93635414912717,285.34398604128,46.14424092601883
Thailand,2000,82.1,56.9,56.77,150000.0,21.82,83.15,0.0,6.38,7.126103,11764.549,4.93,164490.0,2.5746095,4.455247043,2007.735271,137,513120.0,15.870032,100.992541,Thailand,Thailand,Upper middle income,East Asia & Pacific,12.010611136444648,7.6052605846041805,165.94678595606322,97.21349047826,57.839988559733925
Thailand,2001,90.45138,58.6,56.24,6490000.0,19.89,88.97,0.0,6.76,7.061527,12293.458,4.9,173160.0,2.5714476,3.44424901,1893.264239,137,513120.0,15.870032,100.992541,Thailand,Thailand,Upper middle income,East Asia & Pacific,12.061977076545016,7.546585777742449,150.10159111929732,68.5061128089,56.95095690082461
Thailand,2002,91.08022,61.1,55.92,10660000.0,19.91,93.51,0.0,8.07,7.944477,13208.064,5.1,184240.0055,2.8180337,6.149036052,2096.187802,137,513120.0,15.870032,100.992541,Thailand,Thailand,Upper middle income,East Asia & Pacific,12.123999992035037,7.6483525843549325,152.27869995450672,122.42730779531999,58.497297254608775
Thailand,2003,91.70383,63.0,55.6,3650000.0,20.21,100.61,0.0,8.36,7.6718354,14080.671,5.15,191929.9927,2.7227082,7.189243303,2359.116831,137,513120.0,15.870032,100.992541,Thailand,Thailand,Upper middle income,East Asia & Pacific,12.164891173384746,7.766466401455357,156.96028597341277,145.29460715363,60.318000364934925
Thailand,2004,92.32455,64.6,57.08,1520000.0,19.89,109.46,0.0,7.63,6.516355,15161.756,5.24,210190.0024,2.3133497,6.289342143,2660.126835,137,513120.0,15.870032,100.992541,Thailand,Thailand,Upper middle income,East Asia & Pacific,12.255771931561162,7.886504934253653,156.86258314230517,125.09501522427,62.19696007800721
Thailand,2005,92.94473,66.4,57.07,,20.11,115.58,0.0,7.42,6.0325203,15521.235,5.18,217770.0043,2.2752101,4.187638429,2894.062656,137,513120.0,15.870032,100.992541,Thailand,Thailand,Upper middle income,East Asia & Pacific,12.2911993506827,7.9707620326053625,160.29202447569384,84.21340880718999,63.53304738042317
Thailand,2006,99.1462,68.2,61.55,100000.0,20.53,119.41,0.0,9.82,7.598855,15733.904,5.03,219880.0049,2.9778264,4.967810892,3369.543198,137,513120.0,15.870032,100.992541,Thailand,Thailand,Upper middle income,East Asia & Pacific,12.300841792184274,8.122829196707432,166.7616834084036,101.98915761276001,65.9803541588827
Thailand,2007,94.19337,69.6,66.31,440000.0,21.61,122.12,0.0,10.2,7.708585,16149.867,4.95,224589.9963,2.9363692,5.435151691,3973.017172,137,513120.0,15.870032,100.992541,Thailand,Thailand,Upper middle income,East Asia & Pacific,12.32203623277146,8.287532744189493,179.09358260193494,117.45362804250999,68.68319898601302
Thailand,2008,94.82717,71.1,69.67,4660000.0,22.63,127.43,0.0,8.95,6.562546,16027.417,4.99,227580.0018,2.9482808,1.725698849,4379.658787,137,513120.0,15.870032,100.992541,Thailand,Thailand,Upper middle income,East Asia & Pacific,12.33526150586985,8.384954400051212,189.75151807315893,39.05256495287,70.30746029093818
Thailand,2009,98.96,72.6,70.66,1720000.0,22.83,128.09,0.0,9.09,6.626331,16344.104,5.0,220259.9945,3.0501225,-0.690618232,4213.006654,137,513120.0,15.870032,100.992541,Thailand,Thailand,Upper middle income,East Asia & Pacific,12.302568460827239,8.346169173385194,190.54304222838397,-15.76681423656,69.6585398707653
Thailand,2010,99.7,73.6,71.57,4140000.0,22.83,141.72,0.0,8.58,5.708583,17299.504,5.1,234380.0049,2.8064702,7.513390533,5076.339872,137,513120.0,15.870032,100.992541,Thailand,Thailand,Upper middle income,East Asia & Pacific,12.364703296285269,8.532542756177333,194.79795112352852,171.53070586839,72.80428588599429
Thailand,2011,99.35184,74.7,74.96,288270000.0,22.96,135.31,0.0,11.83,8.039962,17644.098,5.05,233600.0061,3.4573398,0.840132083,5492.1215,137,513120.0,15.870032,100.992541,Thailand,Thailand,Upper middle income,East Asia & Pacific,12.361369836861865,8.61125195215862,197.71434482156192,19.28943262568,74.15366018355564
Thailand,2012,99.10863,75.9,84.0,119370000.0,23.56,143.73,0.0,13.42,8.539612,18817.51,5.05,250679.9927,3.7705746,7.242796202,5860.581471,137,513120.0,15.870032,100.992541,Thailand,Thailand,Upper middle income,East Asia & Pacific,12.431936464359493,8.676174721758459,204.41067644462927,170.64027851912,75.27600780248046
Thailand,2013,99.440575,77.1,98.33,54650000.0,23.21,148.29,0.0,12.33,7.6765037,18809.137,5.28,260700.0122,3.859155,2.687495563,6168.261356,137,513120.0,15.870032,100.992541,Thailand,Thailand,Upper middle income,East Asia & Pacific,12.47112948253776,8.727334394335891,202.56143129253604,62.37677201723,76.16636563055822
Thailand,2014,99.461945,77.9,108.21,4370000.0,24.41,149.26,0.0,13.68,8.395728,19310.582,5.2,256799.9878,4.2589955,0.984468864,5951.883487,137,513120.0,15.870032,100.992541,Thailand,Thailand,Upper middle income,East Asia & Pacific,12.456056697363755,8.691631000813356,212.162712729854,24.03088497024,75.54444945429978
Thailand,2015,99.6,78.9,115.96,55520000.0,22.65,153.4,0.0,13.33,7.994962,19661.768,5.07,264000.0,4.1909814,3.134047249,5840.053067,137,513120.0,15.870032,100.992541,Thailand,Thailand,Upper middle income,East Asia & Pacific,12.483708170000067,8.672666379258413,196.43589349020303,70.98617018985,75.21514212591923
Thailand,2016,99.84996,80.1,136.9,420000.0,22.43,161.79,0.0,15.97,8.984024,19981.582,5.02,261600.0061,4.5999756,3.435157717,5993.305516,137,513120.0,15.870032,100.992541,Thailand,Thailand,Upper middle income,East Asia & Pacific,12.474575744505797,8.698565216881304,195.10881781464767,77.05058759231,75.6650368323373
Thailand,2017,99.9,80.8,148.0,1990000.0,22.25,161.88,0.0,19.92,10.957095,20264.654,4.79,258820.0073,5.3063264,4.177681032,6593.818352,137,513120.0,15.870032,100.992541,Thailand,Thailand,Upper middle income,East Asia & Pacific,12.463892010262068,8.79403952148172,195.66737935296825,92.953402962,77.33513110538243
Thailand,2018,99.82,81.7,163.82,296130000.0,23.7,156.26,0.0,25.84,14.190005,20834.088,4.5,257049.9878,6.3802214,4.189585496,7296.879608,137,513120.0,15.870032,100.992541,Thailand,Thailand,Upper middle income,East Asia & Pacific,12.457029740308402,8.89533912028592,210.81953715077628,99.29317625520001,79.12705806488908
Thailand,2019,99.9,82.7,170.3,99160000.0,23.96,162.59,0.0,28.02,14.700173,20792.385,4.52,267089.9963,6.9562197,2.266433672,7817.009671,137,513120.0,15.870032,100.992541,Thailand,Thailand,Upper middle income,East Asia & Pacific,12.495344689432171,8.964185283369275,214.78187938952783,54.303750781119994,80.35661779457429
Togo,2000,16.956234,0.5,13.69,,77.11,0.07,0.0,0.1,58.82353,918.548,10.56,1270.0,,-0.783479606,302.958592,152,56785.0,8.619543,0.824782,Togo,Togo,Lower middle income,Sub-Saharan Africa,7.147559271189454,5.71689148160241,440.82950214636185,-60.41411241866,32.6828482124182
Togo,2001,19.600367,0.6,13.31,,82.05,0.07,0.0,0.05,41.666668,790.456,10.44,1180.0,,0.823438749,292.8231035,152,56785.0,8.619543,0.824782,Togo,Togo,Lower middle income,Sub-Saharan Africa,7.074116816197362,5.682977897475838,466.2883364878925,67.56314935545,32.2962377831989
Togo,2002,21.352861,0.7,12.97,,78.66,0.06,0.0,0.09,59.999996,844.63257,10.42,1340.000033,,3.82662258,328.3981073,152,56785.0,8.619543,0.824782,Togo,Togo,Lower middle income,Sub-Saharan Africa,7.201170907890179,5.7972670718253925,456.01302786978533,301.0021321428,33.60830550207096
Togo,2003,23.100119,0.8,12.49,,74.79,0.05,0.0,0.12,70.588234,1026.2677,10.31,1830.000043,,6.720171423,396.9205798,152,56785.0,8.619543,0.824782,Togo,Togo,Lower middle income,Sub-Saharan Africa,7.512617568158945,5.986252437130832,447.711819773015,502.60162072617004,35.83521824105483
Togo,2004,24.844492,1.0,12.18,,76.14,0.1,0.0,0.08,44.444443,983.6732,10.52,1779.999971,,-0.978665335,413.3298662,152,56785.0,8.619543,0.824782,Togo,Togo,Lower middle income,Sub-Saharan Africa,7.484930267006675,6.026662434826898,458.87007778772,-74.5155786069,36.320660103353674
Togo,2005,26.588327,1.3,11.87,,77.22,0.11,0.0,0.07,38.888885,934.8484,11.25,1750.0,,-4.666299382,406.562366,152,56785.0,8.619543,0.824782,Togo,Togo,Lower middle income,Sub-Saharan Africa,7.467942332285852,6.010193966369438,464.107178083048,-360.33163827804,36.122431513383596
Togo,2006,27.9,1.6,11.56,20000.0,79.65,0.12,0.0,0.09,42.857143,792.30255,10.94,1570.000052,,2.6501321,408.0571173,152,56785.0,8.619543,0.824782,Togo,Togo,Lower middle income,Sub-Saharan Africa,7.359467671355557,6.013854797392739,479.0035346123317,211.083021765,36.16644952412366
Togo,2007,30.084267,1.9,11.25,,79.9,0.09,0.0,0.09,49.999996,939.68665,11.5,1500.0,,-1.175120391,449.7382505,152,56785.0,8.619543,0.824782,Togo,Togo,Lower middle income,Sub-Saharan Africa,7.313886831633462,6.110886795187947,488.259854935517,-93.89211924090002,37.34293742360242
Togo,2008,31.841726,2.4,10.95,,76.51,0.03,0.0,0.09,75.0,1089.204,11.51,1570.000052,,4.062252827,546.3503702,152,56785.0,8.619543,0.824782,Togo,Togo,Lower middle income,Sub-Saharan Africa,7.359467671355557,6.305089127900023,482.4023691756308,310.80296379377,39.75414891076307
Togo,2009,33.609127,2.9,10.66,,63.38,0.03,0.0,0.11,78.57143,1878.3422,13.27,2819.999933,,5.537910973,540.6087126,152,56785.0,8.619543,0.824782,Togo,Togo,Lower middle income,Sub-Saharan Africa,7.944846687251553,6.294543808248585,398.94818656679536,350.99279746874,39.6212817539606
Togo,2010,30.791744,3.4,10.39,,65.81,0.08,0.0,0.09,52.941177,1746.39,12.5,2630.000114,,6.099259163,534.0447826,152,56785.0,8.619543,0.824782,Togo,Togo,Lower middle income,Sub-Saharan Africa,7.875119324369824,6.282350449187264,413.44148306101386,401.39224551703,39.46792716640342
Togo,2011,39.7,4.0,10.14,,69.1,0.02,0.0,0.1,83.333336,1573.317,11.82,2519.999981,,6.398199053,587.0974928,152,56785.0,8.619543,0.824782,Togo,Togo,Lower middle income,Sub-Saharan Africa,7.832410919651228,6.376892738236282,440.643288212127,442.11555456229996,40.66476099497062
Togo,2012,38.998062,4.5,9.88,20000.0,72.65,0.02,0.0,0.09,81.818184,1360.6296,11.06,2240.00001,,6.543507029,571.8067239,152,56785.0,8.619543,0.824782,Togo,Togo,Lower middle income,Sub-Saharan Africa,7.714677478263221,6.350548354229773,461.36733793479306,475.38578565685003,40.32946439941048
Togo,2013,40.831367,5.3,9.64,160000.0,76.19,0.06,0.0,0.04,40.0,1350.6348,10.12,1750.0,,6.112343077,621.3988536,152,56785.0,8.619543,0.824782,Togo,Togo,Lower middle income,Sub-Saharan Africa,7.467942332285852,6.433581130960172,490.1745463678555,465.69941903663,41.39096616864676
Togo,2014,45.7,6.0,9.45,9160000.0,81.44,0.08,0.0,0.12,60.0,1142.6974,9.96,1590.000033,,5.920588573,640.9342196,152,56785.0,8.619543,0.824782,Togo,Togo,Lower middle income,Sub-Saharan Africa,7.372118049079458,6.464485836758161,526.4677265455846,482.17273338511995,41.789577133646866
Togo,2015,44.64759,6.6,9.33,4780000.0,81.03,0.31,0.0,0.06,16.216215,868.2643,9.17,1830.000043,,5.742868453,570.9099672,152,56785.0,8.619543,0.824782,Togo,Togo,Lower middle income,Sub-Saharan Africa,7.512617568158945,6.3489815789911175,514.4579773456503,465.34463074659,40.309567090368546
Togo,2016,46.76501,7.3,9.15,50000.0,80.65,0.23,0.0,0.2,46.511627,1134.5723,9.36,2299.999952,,5.559079305,803.1518934,152,56785.0,8.619543,0.824782,Togo,Togo,Lower middle income,Sub-Saharan Africa,7.7410990691748705,6.68978817347473,539.531416190737,448.33974594825,44.753265805962364
Togo,2017,48.0,8.0,8.98,0.0,77.73,0.56,0.0,0.21,27.272728,1072.4285,8.26,2069.999933,,4.347748238,830.7452767,152,56785.0,8.619543,0.824782,Togo,Togo,Lower middle income,Sub-Saharan Africa,7.635786829044062,6.723526236132837,522.6196943346055,337.95047053974,45.2058050479666
Togo,2018,50.0,8.6,8.89,17710000.0,75.08,0.36,0.0,0.21,36.842106,1253.3207,8.48,2309.999943,,4.9762131,901.5230169,152,56785.0,8.619543,0.824782,Togo,Togo,Lower middle income,Sub-Saharan Africa,7.745435585609733,6.805194193372132,510.9339800383797,373.614079548,46.31066800950578
Togo,2019,52.36311,9.25,8.92,1150000.0,76.21,0.45,0.0,0.25,35.714287,1304.0579,8.02,2369.999886,,5.459921448,893.3524541,152,56785.0,8.619543,0.824782,Togo,Togo,Lower middle income,Sub-Saharan Africa,7.771067037984426,6.796099941439516,517.9307765371054,416.10061355208,46.18697441403419
Tonga,2000,85.57863,35.9,0.58,,2.48,0.03,0.0,0.0,0.0,4269.8066,2.97,100.0,,0.875990063,2091.113009,147,747.0,-21.178986,-175.198242,Tonga,Tonga,Upper middle income,East Asia & Pacific,4.61512051684126,7.645929843324278,18.96190601144421,2.17245535624,58.460243169036815
Tonga,2001,86.293625,38.05,0.58,,2.7,0.04,0.0,0.0,0.0,3823.2922,2.64,90.0,,3.748925693,1839.086867,147,747.0,-21.178986,-175.198242,Tonga,Tonga,Upper middle income,East Asia & Pacific,4.51085950651685,7.517568059814746,20.297433761499814,10.122099371100001,56.51382953394684
Tonga,2002,87.00104,40.5,0.85,,2.48,0.04,0.0,0.0,0.0,4121.7227,2.66,100.0000015,,4.848012814,1845.669127,147,747.0,-21.178986,-175.198242,Tonga,Tonga,Upper middle income,East Asia & Pacific,4.615120531692744,7.521138823382802,18.652424281989347,12.023071778719999,56.567529200596034
Tonga,2003,87.70322,42.8,0.84,,2.01,0.04,0.0,0.0,0.0,5048.9946,3.2,119.9999973,,2.308045494,2030.775469,147,747.0,-21.178986,-175.198242,Tonga,Tonga,Upper middle income,East Asia & Pacific,4.795790523282691,7.6166653050537,15.309497263157935,4.6391714429399995,58.01359036920877
Tonga,2004,88.40251,45.8,0.84,20000.0,2.15,0.04,0.0,0.0,0.0,4648.0396,3.11,129.9999952,,-2.410700609,2301.654115,147,747.0,-21.178986,-175.198242,Tonga,Tonga,Upper middle income,East Asia & Pacific,4.87519728655993,7.741817699657141,16.644908054262853,-5.18300630935,59.93574129472459
Tonga,2005,89.101265,47.9,0.83,760000.0,2.15,0.05,0.0,0.0,0.0,4922.036,3.1,129.9999952,,0.081033894,2594.418739,147,747.0,-21.178986,-175.198242,Tonga,Tonga,Upper middle income,East Asia & Pacific,4.87519728655993,7.861503146358748,16.902231764671306,0.17422287209999998,61.803231720208494
Tonga,2006,92.3,50.7,1.09,440000.0,1.86,0.05,0.0,0.0,0.0,5507.4424,3.56,150.000006,,-0.148635323,2873.076637,147,747.0,-21.178986,-175.198242,Tonga,Tonga,Upper middle income,East Asia & Pacific,5.017279876550023,7.963486731906274,14.81208532134567,-0.27646170078000004,63.41712092924727
Tonga,2007,90.50704,53.1,1.08,,2.17,0.05,0.0,0.0,0.0,4695.1675,3.17,129.9999952,,0.271095291,2910.145122,147,747.0,-21.178986,-175.198242,Tonga,Tonga,Upper middle income,East Asia & Pacific,4.87519728655993,7.976301795474493,17.30857489617965,0.5882767814700001,63.62139033248962
Tonga,2008,91.21943,55.2,1.07,,1.99,0.05,0.0,0.0,0.0,5056.352,3.21,129.9999952,,4.750169656,3331.546555,147,747.0,-21.178986,-175.198242,Tonga,Tonga,Upper middle income,East Asia & Pacific,4.87519728655993,8.111492021947782,16.141869123676088,9.45283761544,65.79630282212253
Tonga,2009,91.94175,57.6,1.15,0.0,1.82,0.05,0.0,0.0,0.0,5477.1777,3.67,140.0000006,,-5.199109037,3006.606344,147,747.0,-21.178986,-175.198242,Tonga,Tonga,Upper middle income,East Asia & Pacific,4.948759894633487,8.008899806824695,14.576197648420946,-9.46237844734,64.14247611575665
Tonga,2010,92.67672,59.8,1.15,5660000.0,1.01,0.05,0.0,0.0,0.0,4973.945,3.1,119.9999973,,0.803490183,3527.952342,147,747.0,-21.178986,-175.198242,Tonga,Tonga,Upper middle income,East Asia & Pacific,4.795790523282691,8.168756318908535,8.25044388209762,0.81152508483,66.72857979770812
Tonga,2011,92.17545,62.1,1.16,12100000.0,1.14,0.05,0.0,0.0,0.0,4697.0693,2.68,109.9999994,,6.818276144,4002.813771,147,747.0,-21.178986,-175.198242,Tonga,Tonga,Upper middle income,East Asia & Pacific,4.709530195906929,8.295002628614192,9.456302996620177,7.7728348041599995,68.80706860871635
Tonga,2012,92.8,64.6,11.01,7940000.0,1.15,0.05,0.0,0.0,0.0,4791.762,2.68,109.9999994,,0.823102718,4581.783245,147,747.0,-21.178986,-175.198242,Tonga,Tonga,Upper middle income,East Asia & Pacific,4.709530195906929,8.430061787950992,9.69457105614364,0.9465681256999999,71.06594174867148
Tonga,2013,94.983665,67.0,16.36,17550000.0,1.58,0.05,0.0,0.0,0.0,4721.155,2.79,119.9999973,,0.312307909,4428.146521,147,747.0,-21.178986,-175.198242,Tonga,Tonga,Upper middle income,East Asia & Pacific,4.795790523282691,8.39596218556159,13.265620253187313,0.49344649622000003,70.49218102138015
Tonga,2014,95.7897,69.5,16.48,2510000.0,1.7,0.05,0.0,0.0,0.0,5144.9155,2.68,109.9999994,,2.01870046,4354.24436,147,747.0,-21.178986,-175.198242,Tonga,Tonga,Upper middle income,East Asia & Pacific,4.709530195906929,8.379135997930623,14.24453119648206,3.4317907819999998,70.20992007181682
Tonga,2015,100.0,72.1,28.58,14140000.0,1.94,0.05,0.0,0.0,0.0,5404.378,2.73,119.9999973,,1.171888256,4336.239603,147,747.0,-21.178986,-175.198242,Tonga,Tonga,Upper middle income,East Asia & Pacific,4.795790523282691,8.374993388562519,16.247487173811287,2.2734632166399997,70.1405142584659
Tonga,2016,97.02,75.1,34.02,2910000.0,2.03,0.05,0.0,0.0,0.0,5738.4834,2.77,150.000006,,6.571000501,4157.877249,147,747.0,-21.178986,-175.198242,Tonga,Tonga,Upper middle income,East Asia & Pacific,5.017279876550023,8.333000424760582,16.915990862263982,13.339131017029999,69.43889607906004
Tonga,2017,98.36157,77.1,63.05,20470000.0,1.96,0.05,0.0,0.01,16.666668,6831.2397,2.84,180.0000072,,3.322432544,4513.432531,147,747.0,-21.178986,-175.198242,Tonga,Tonga,Upper middle income,East Asia & Pacific,5.19849707104483,8.415034772680713,16.493468154454195,6.5119677862400005,70.81281022542554
Tonga,2018,99.13257,79.75,62.51,37000000.0,1.78,0.06,0.0,0.01,14.285714,5979.639,2.87,159.9999964,,0.300009404,4740.700272,147,747.0,-21.178986,-175.198242,Tonga,Tonga,Upper middle income,East Asia & Pacific,5.081404342624214,8.46415105754208,15.066188882424903,0.5340167391199999,71.64185312489072
Tonga,2019,98.4,82.1,74.17,2450000.0,1.77,0.06,0.0,0.01,14.285714,6863.2144,3.42,159.9999964,,0.734030017,4903.012138,147,747.0,-21.178986,-175.198242,Tonga,Tonga,Upper middle income,East Asia & Pacific,5.081404342624214,8.497808952735333,15.04112184634154,1.29923313009,72.21275699718878
Trinidad and Tobago,2000,91.29,100.0,4.22,,0.76,5.11,0.0,0.03,0.5836576,89203.08,19.47,10200.0,0.054040425,6.901359591,6435.134212,273,5128.0,10.691803,-61.222503,Trinidad and Tobago,Trinidad and Tobago,High income,Latin America & Caribbean,9.23024103368252,8.769683361219894,6.664959354527119,5.24503328916,76.90734625605705
Trinidad and Tobago,2001,96.93202,100.0,4.46,,0.71,5.27,0.0,0.03,0.5660377,95790.32,20.76,11620.0,0.07365426,4.168523982,6939.828471,273,5128.0,10.691803,-61.222503,Trinidad and Tobago,Trinidad and Tobago,High income,Latin America & Caribbean,9.360569085222874,8.84517642260086,6.28007526004661,2.9596520272199998,78.23714594693413
Trinidad and Tobago,2002,97.123146,100.0,4.6,,0.69,5.27,0.0,0.03,0.5660377,103376.06,20.78,12680.00031,0.06166655,7.936709687,7053.087371,273,5128.0,10.691803,-61.222503,Trinidad and Tobago,Trinidad and Tobago,High income,Latin America & Caribbean,9.447860113680921,8.861362496741407,6.11434012275157,5.4763296840299995,78.5237452986551
Trinidad and Tobago,2003,97.30902,100.0,4.85,,0.6,6.02,0.0,0.03,0.49586776,115246.71,20.45,15449.99981,0.02733469,14.44098954,8807.866068,273,5128.0,10.691803,-61.222503,Trinidad and Tobago,Trinidad and Tobago,High income,Latin America & Caribbean,9.64542899285348,9.083514000998301,5.450108400598981,8.664593724,82.51022660633217
Trinidad and Tobago,2004,97.49202,100.0,5.16,,0.6,6.01,0.0,0.03,0.49668875,126030.695,19.36,16100.00038,0.046458136,7.950051511,10293.86925,273,5128.0,10.691803,-61.222503,Trinidad and Tobago,Trinidad and Tobago,High income,Latin America & Caribbean,9.686636684445956,9.23940091904127,5.543640551424762,4.7700309066,85.36652934278065
Trinidad and Tobago,2005,97.67448,100.0,5.22,,0.54,6.6,0.0,0.04,0.60240966,134353.78,21.26,17590.00015,0.041819725,6.20893788,12327.28071,273,5128.0,10.691803,-61.222503,Trinidad and Tobago,Trinidad and Tobago,High income,Latin America & Caribbean,9.775142695125993,9.419651146857523,5.086611619303063,3.3528264552,88.72982772849426
Trinidad and Tobago,2006,100.0,100.0,5.36,,0.55,6.71,0.0,0.04,0.5925926,156027.7,20.95,20059.99947,0.04218804,13.20805861,14102.59329,273,5128.0,10.691803,-61.222503,Trinidad and Tobago,Trinidad and Tobago,High income,Latin America & Caribbean,9.906532884302667,9.554184887161643,5.254801687938904,7.264432235500001,91.28244885806794
Trinidad and Tobago,2007,100.0,100.0,5.43,,0.45,7.19,0.0,0.03,0.41551247,159970.84,21.29,20500.0,0.031051729,4.754209701,16539.89075,273,5128.0,10.691803,-61.222503,Trinidad and Tobago,Trinidad and Tobago,High income,Latin America & Caribbean,9.928228944424575,9.713590821420215,4.371115869639097,2.13939436545,94.35384664597905
Trinidad and Tobago,2008,100.0,100.0,1.73,,0.46,7.26,0.0,0.0,0.0,156718.94,19.97,20020.00046,0.03328308,3.391737078,21204.00818,273,5128.0,10.691803,-61.222503,Trinidad and Tobago,Trinidad and Tobago,High income,Latin America & Caribbean,9.904537024647574,9.961992667666692,4.582516627126679,1.56019905588,99.24129791064493
Trinidad and Tobago,2009,99.0,100.0,1.91,,0.49,7.37,0.0,0.0,0.0,154489.58,20.97,19040.00092,0.032574173,-4.391729247,14514.24061,273,5128.0,10.691803,-61.222503,Trinidad and Tobago,Trinidad and Tobago,High income,Latin America & Caribbean,9.85434987629137,9.58295445296619,4.6956476819534325,-2.1519473310299997,91.83301604762453
Trinidad and Tobago,2010,100.0,100.0,2.13,,0.38,7.97,0.0,0.0,0.0,165831.28,21.6,21459.99908,0.004750972,3.32322471,16683.39306,273,5128.0,10.691803,-61.222503,Trinidad and Tobago,Trinidad and Tobago,High income,Latin America & Caribbean,9.973992570553023,9.722229014137863,3.694447025372388,1.2628253898,94.52173700334409
Trinidad and Tobago,2011,100.0,100.0,2.12,,0.38,8.24,0.0,0.0,0.0,161740.31,21.57,22260.00023,0.004813597,-0.294354409,19034.12071,273,5128.0,10.691803,-61.222503,Trinidad and Tobago,Trinidad and Tobago,High income,Latin America & Caribbean,10.0105915577823,9.854041010272718,3.744535583903633,-0.11185467542,97.10212423213657
Trinidad and Tobago,2012,100.0,100.0,2.11,,0.37,8.58,0.0,0.0,0.0,158071.06,20.9,21520.00046,0.004852809,1.269964365,19157.45977,273,5128.0,10.691803,-61.222503,Trinidad and Tobago,Trinidad and Tobago,High income,Latin America & Caribbean,9.976784502972055,9.860499660506523,3.6483848743874137,0.46988681505,97.22945355484926
Trinidad and Tobago,2013,100.0,100.0,2.09,,0.36,8.94,0.0,0.0,0.0,159847.2,20.32,22209.99908,0.004740282,2.229074805,20143.54541,273,5128.0,10.691803,-61.222503,Trinidad and Tobago,Trinidad and Tobago,High income,Latin America & Caribbean,10.00834289921759,9.910688831473589,3.567847979330492,0.8024669298,98.22175311429534
Trinidad and Tobago,2014,100.0,100.0,2.31,,0.35,8.85,0.0,0.0,0.0,157936.94,20.98,22040.00092,0.005310354,-0.912544969,20270.93377,273,5128.0,10.691803,-61.222503,Trinidad and Tobago,Trinidad and Tobago,High income,Latin America & Caribbean,10.000659676028778,9.916992635487707,3.4709474224206973,-0.31939073915,98.34674293231743
Trinidad and Tobago,2015,100.0,100.0,2.61,,0.37,9.0,0.0,0.01,0.11098779,152244.28,19.93,21329.99992,0.006235237,1.483781034,18214.46062,273,5128.0,10.691803,-61.222503,Trinidad and Tobago,Trinidad and Tobago,High income,Latin America & Caribbean,9.967916688941408,9.810025997072422,3.629709618916796,0.54899898258,96.23661006323678
Trinidad and Tobago,2016,100.0,100.0,2.6,,0.43,8.85,0.0,0.01,0.11286682,134233.72,18.48,18309.99947,0.006985533,-5.601818139,16250.62869,273,5128.0,10.691803,-61.222503,Trinidad and Tobago,Trinidad and Tobago,High income,Latin America & Caribbean,9.815257222197364,9.69594840981241,4.169257816219336,-2.40878179977,94.01141556574379
Trinidad and Tobago,2017,100.0,100.0,2.59,,0.42,8.76,0.0,0.01,0.11402508,141542.45,19.21,18250.0,0.006543419,-2.987340197,16173.74005,273,5128.0,10.691803,-61.222503,Trinidad and Tobago,Trinidad and Tobago,High income,Latin America & Caribbean,9.811975152030021,9.691206048142588,4.070306540219887,-1.2546828827399998,93.91947466755548
Trinidad and Tobago,2018,100.0,100.0,2.17,,0.45,8.67,0.0,0.01,0.11520737,131650.61,19.34,17780.00069,0.006240048,0.066049775,17037.86236,273,5128.0,10.691803,-61.222503,Trinidad and Tobago,Trinidad and Tobago,High income,Latin America & Caribbean,9.785885789261414,9.743252035243767,4.384463415859695,0.029722398750000004,94.93096022228181
Trinidad and Tobago,2019,100.0,100.0,2.16,,0.43,8.63,0.0,0.01,0.11574074,123712.94,19.9,17190.00053,0.006373613,-1.246427336,16637.16294,273,5128.0,10.691803,-61.222503,Trinidad and Tobago,Trinidad and Tobago,High income,Latin America & Caribbean,9.752141300871578,9.719454308040259,4.179365352457311,-0.53596375448,94.46779204608235
Tunisia,2000,94.8,94.2,7.57,4390000.0,14.24,9.88,0.0,0.08,0.8032128,9003.821,4.3,20700.0,,4.709972903,2211.835015,76,163610.0,33.886917,9.537499,Tunisia,Tunisia,Lower middle income,"Middle East, North Africa, Afghanistan & Pakistan",9.937937287265354,7.702029784628393,109.67690413310832,67.07001413872,59.321262803302886
Tunisia,2001,97.3,95.1,7.52,4400000.0,14.22,10.64,0.0,0.07,0.6535948,9892.748,4.37,21570.0,,3.796271547,2253.034852,76,163610.0,33.886917,9.537499,Tunisia,Tunisia,Lower middle income,"Middle East, North Africa, Afghanistan & Pakistan",9.979105098994717,7.720477156769445,109.78518516926151,53.98298139834,59.60576752819882
Tunisia,2002,97.8,96.1,7.47,5280000.0,14.55,11.04,0.0,0.09,0.80862534,9695.501,4.37,21709.99908,,1.322557147,2344.396907,76,163610.0,33.886917,9.537499,Tunisia,Tunisia,Lower middle income,"Middle East, North Africa, Afghanistan & Pakistan",9.985574281159403,7.760209923274496,112.91105438364391,19.24320648885,60.220858053287955
Tunisia,2003,98.4,96.8,8.3,420000.0,14.13,11.48,0.0,0.19,1.6281062,9464.025,4.29,21500.0,,4.702399649,2760.405122,76,163610.0,33.886917,9.537499,Tunisia,Tunisia,Lower middle income,"Middle East, North Africa, Afghanistan & Pakistan",9.975854724662028,7.923494931336564,111.95898337978566,66.44490704037001,62.78177192691622
Tunisia,2004,99.0,97.4,8.24,280000.0,13.92,12.1,0.0,0.19,1.5459723,9557.016,4.26,22479.99954,,6.235790615,3111.374381,76,163610.0,33.886917,9.537499,Tunisia,Tunisia,Lower middle income,"Middle East, North Africa, Afghanistan & Pakistan",10.020425766542285,8.043141180440424,111.9605252317307,86.8022053608,64.69212004849658
Tunisia,2005,99.3,97.9,8.17,17630000.0,14.18,12.79,0.0,0.18,1.387818,10276.655,4.04,22969.99931,,3.486545622,3193.204358,76,163610.0,33.886917,9.537499,Tunisia,Tunisia,Lower middle income,"Middle East, North Africa, Afghanistan & Pakistan",10.041987799743358,8.069093308569158,114.41974311551066,49.439216919959996,65.11026682239556
Tunisia,2006,99.4,98.4,8.1,24440000.0,14.32,13.15,0.0,0.13,0.9789157,9603.969,4.04,23899.99962,,5.244099762,3369.924443,76,163610.0,33.886917,9.537499,Tunisia,Tunisia,Lower middle income,"Middle East, North Africa, Afghanistan & Pakistan",10.08167556214956,8.122942301159076,116.32053375259798,75.09550859184,65.98219162795951
Tunisia,2007,99.4,98.7,8.01,1640000.0,14.32,12.83,0.0,0.09,0.6965944,8479.419,3.91,24750.0,,6.709521019,3776.332046,76,163610.0,33.886917,9.537499,Tunisia,Tunisia,Lower middle income,"Middle East, North Africa, Afghanistan & Pakistan",10.11662117122102,8.23677323147744,117.95059267475693,96.08034099208001,67.8444332667833
Tunisia,2008,99.4,99.0,7.94,235950000.0,14.61,13.44,0.0,0.07,0.5181347,9715.218,3.91,25250.0,,4.237781547,4307.580023,76,163610.0,33.886917,9.537499,Tunisia,Tunisia,Lower middle income,"Middle East, North Africa, Afghanistan & Pakistan",10.136621037879685,8.368363667792707,122.26179318645144,61.91398840167,70.029510476433
Tunisia,2009,99.5,99.2,11.12,123490000.0,16.07,14.17,0.0,0.18,1.2543553,8024.898,3.69,25290.00092,,3.043450093,4128.463959,76,163610.0,33.886917,9.537499,Tunisia,Tunisia,Lower middle income,"Middle East, North Africa, Afghanistan & Pakistan",10.13820391657953,8.325902885521682,133.79725937033342,48.908242994510005,69.32065885913826
Tunisia,2010,99.5,99.4,11.05,130720000.0,12.61,14.76,0.0,0.19,1.270903,8150.696,4.01,27520.00046,,3.511164066,4344.64192,76,163610.0,33.886917,9.537499,Tunisia,Tunisia,Lower middle income,"Middle East, North Africa, Afghanistan & Pakistan",10.22270464531091,8.376928764416823,105.63307171929613,44.27577887226,70.17293552411395
Tunisia,2011,99.5,99.5,11.04,820000.0,13.24,15.17,0.0,0.16,1.0437051,7678.843,3.9,26340.00015,,-1.664189085,4479.930327,76,163610.0,33.886917,9.537499,Tunisia,Tunisia,Lower middle income,"Middle East, North Africa, Afghanistan & Pakistan",10.178881945343296,8.407585966126991,111.31643819152136,-22.0338634854,70.68750177781553
Tunisia,2012,99.5,99.6,22.18,180150000.0,13.0,16.48,0.0,0.32,1.904762,8332.082,3.9,27790.00092,,3.913275869,4361.687736,76,163610.0,33.886917,9.537499,Tunisia,Tunisia,Lower middle income,"Middle East, North Africa, Afghanistan & Pakistan",10.232467539360343,8.380843599624859,108.95096679512316,50.872586297,70.23853944137296
Tunisia,2013,99.7,99.7,24.79,9350000.0,13.17,16.64,0.0,0.44,2.5761125,8726.086,3.87,27850.00038,,2.14306442,4444.816511,76,163610.0,33.886917,9.537499,Tunisia,Tunisia,Lower middle income,"Middle East, North Africa, Afghanistan & Pakistan",10.234624164997566,8.399718823092192,110.62429690012416,28.224158411399998,70.55527630700928
Tunisia,2014,99.8,99.7,28.21,,12.86,17.27,0.0,0.59,3.303471,9507.342,3.82,29950.00076,,2.706608566,4544.016632,76,163610.0,33.886917,9.537499,Tunisia,Tunisia,Lower middle income,"Middle East, North Africa, Afghanistan & Pakistan",10.30731801734261,8.421786666010824,108.30417652489919,34.80698615876,70.92649064779772
Tunisia,2015,99.9,99.7,29.83,8880000.0,12.5,17.77,0.0,0.58,3.1607628,9709.658,3.87,30479.99954,,1.000180784,4094.836287,76,163610.0,33.886917,9.537499,Tunisia,Tunisia,Lower middle income,"Middle East, North Africa, Afghanistan & Pakistan",10.324858802569981,8.317726196926422,103.97157746158028,12.502259800000001,69.18456908703608
Tunisia,2016,100.0,99.8,30.7,45640000.0,12.4,17.86,0.0,0.63,3.4072473,9585.773,3.88,29610.00061,,1.117425857,3924.363346,76,163610.0,33.886917,9.537499,Tunisia,Tunisia,Lower middle income,"Middle East, North Africa, Afghanistan & Pakistan",10.295901213500013,8.275214198161263,102.61265605719967,13.8560806268,68.47917002544976
Tunisia,2017,100.0,99.8,31.21,4870000.0,11.82,18.57,0.0,0.6,3.1298907,10039.691,3.92,29959.99908,,2.244200968,3687.777461,76,163610.0,33.886917,9.537499,Tunisia,Tunisia,Lower middle income,"Middle East, North Africa, Afghanistan & Pakistan",10.307651784204658,8.213050370756719,97.07825538234442,26.52645544176,67.45419639258708
Tunisia,2018,99.8,99.8,31.97,18600000.0,11.91,18.88,0.0,0.64,3.2786884,10208.622,3.85,29889.99939,,2.510907072,3680.892597,76,163610.0,33.886917,9.537499,Tunisia,Tunisia,Lower middle income,"Middle East, North Africa, Afghanistan & Pakistan",10.305312690316216,8.211182191622873,97.79517990222843,29.904903227520002,67.42351298402461
Tunisia,2019,100.0,99.8,33.01,80070000.0,12.2,19.73,0.0,0.82,3.9902678,10128.142,3.75,29909.99985,,1.401976676,3574.654024,76,163610.0,33.886917,9.537499,Tunisia,Tunisia,Lower middle income,"Middle East, North Africa, Afghanistan & Pakistan",10.305981579684461,8.181903382172159,99.81922126250034,17.1041154472,66.94354295520021
Turkmenistan,2000,99.6,99.4,0.27,,0.09,9.25,0.0,0.0,0.0,26223.863,29.85,38510.0,0.007789437,5.469064133,643.1909754,13,488100.0,38.969719,59.556278,Turkmenistan,Turkmenistan,Upper middle income,Europe & Central Asia,10.558699193753036,6.467995227795556,0.5821195705016,0.49221577197,41.834962266786086
Turkmenistan,2001,99.73518,99.5,0.26,,0.09,9.97,0.0,0.0,0.0,32628.65,24.27,39120.0,0.006134593,4.343845714,774.482152,13,488100.0,38.969719,59.556278,Turkmenistan,Turkmenistan,Upper middle income,Europe & Central Asia,10.57441468619423,6.653484967522606,0.5988136470770345,0.39094611426000003,44.26886221304929
Turkmenistan,2002,99.71919,99.6,0.26,,0.09,10.06,0.0,0.0,0.0,27147.498,20.25,41409.99985,0.007207636,0.257179925,967.8874353,13,488100.0,38.969719,59.556278,Turkmenistan,Turkmenistan,Upper middle income,Europe & Central Asia,10.631301821382149,6.876148439301919,0.6188533595371727,0.023146193249999995,47.28141735931422
Turkmenistan,2003,99.69797,99.6,0.26,,0.08,10.15,0.0,0.0,0.0,37007.59,27.14,46349.99847,0.005189047,3.26882856,1283.908782,13,488100.0,38.969719,59.556278,Turkmenistan,Turkmenistan,Upper middle income,Europe & Central Asia,10.743998112725299,7.158443008039212,0.572675440643137,0.26150628480000004,51.243306299345484
Turkmenistan,2004,99.67385,99.65,0.25,,0.07,11.2,0.0,0.0,0.0,36185.508,32.57,49369.99893,0.005208135,5.000407438,1453.917784,13,488100.0,38.969719,59.556278,Turkmenistan,Turkmenistan,Upper middle income,Europe & Central Asia,10.80711846459085,7.282704672167153,0.5097893270517008,0.35002852066,53.03778734200528
Turkmenistan,2005,99.6492,99.7,0.25,,0.07,12.05,0.0,0.0,0.0,36145.84,28.09,50590.00015,0.005111974,13.03403487,1704.41538,13,488100.0,38.969719,59.556278,Turkmenistan,Turkmenistan,Upper middle income,Europe & Central Asia,10.831528976807899,7.441563984679386,0.5209094789275571,0.9123824409000001,55.376874538077345
Turkmenistan,2006,99.84133,99.8,0.25,,0.08,12.83,0.0,0.0,0.0,36023.754,26.15,51919.99817,0.005027501,10.97330833,2136.472101,13,488100.0,38.969719,59.556278,Turkmenistan,Turkmenistan,Upper middle income,Europe & Central Asia,10.857478576347255,7.667379148561992,0.6133903318849594,0.8778646664,58.78870300780322
Turkmenistan,2007,99.60816,99.8,0.25,,0.07,13.98,0.0,0.0,0.0,34462.887,23.34,58479.99954,0.00514901,11.05929947,2600.368758,13,488100.0,38.969719,59.556278,Turkmenistan,Turkmenistan,Upper middle income,Europe & Central Asia,10.976457186274857,7.863793030870432,0.5504655121609303,0.7741509629,61.83924083236637
Turkmenistan,2008,99.59714,99.8,0.24,,0.07,14.13,0.0,0.0,0.0,27853.562,25.06,59279.99878,0.006237775,14.7,3904.465301,13,488100.0,38.969719,59.556278,Turkmenistan,Turkmenistan,Upper middle income,Europe & Central Asia,10.990044108343554,8.27013221036103,0.5789092547252722,1.0290000000000001,68.39508677685102
Turkmenistan,2009,99.596054,99.8,0.24,30000.0,0.08,15.02,0.0,0.0,0.0,44702.367,20.74,52389.99939,0.003802033,6.100000115,4036.456805,13,488100.0,38.969719,59.556278,Turkmenistan,Turkmenistan,Upper middle income,Europe & Central Asia,10.866490088189018,8.30337026902167,0.6642696215217336,0.48800000920000003,68.945957824473
Turkmenistan,2010,100.0,99.9,0.24,,0.07,15.66,0.0,0.0,0.0,47374.234,21.67,59180.00031,0.003683056,9.199999988,4439.202128,13,488100.0,38.969719,59.556278,Turkmenistan,Turkmenistan,Upper middle income,Europe & Central Asia,10.988355828650146,8.398455178714395,0.5878918625100077,0.6439999991600001,70.53404938887464
Turkmenistan,2011,99.87741,99.9,0.23,,0.06,16.19,0.0,0.0,0.0,51670.953,20.55,65449.99695,0.003594085,14.69999993,5649.962106,13,488100.0,38.969719,59.556278,Turkmenistan,Turkmenistan,Upper middle income,Europe & Central Asia,11.089057003460386,8.639581093891557,0.5183748656334934,0.8819999958,74.64236147792843
Turkmenistan,2012,99.895836,99.9,0.23,,0.05,16.68,0.0,0.0,0.0,55318.344,19.15,69010.00214,0.003752268,11.09999996,6675.178055,13,488100.0,38.969719,59.556278,Turkmenistan,Turkmenistan,Upper middle income,Europe & Central Asia,11.142021222172737,8.806300955336788,0.4403150477668394,0.554999998,77.55093651596562
Turkmenistan,2013,99.912094,99.9,0.22,5940000.0,0.06,17.74,0.0,0.0,0.0,48244.71,17.83,70220.00122,0.005074127,10.2000001,7304.285771,13,488100.0,38.969719,59.556278,Turkmenistan,Turkmenistan,Upper middle income,Europe & Central Asia,11.159402707951735,8.8963534433375,0.53378120660025,0.612000006,79.14510458878298
Turkmenistan,2014,99.935104,99.9,0.22,50000.0,0.05,19.18,0.0,0.0,0.0,49096.004,16.5,71400.00153,0.006114262,10.29999997,7962.244925,13,488100.0,38.969719,59.556278,Turkmenistan,Turkmenistan,Upper middle income,Europe & Central Asia,11.17606717526011,8.982591849664626,0.4491295924832313,0.5149999985,80.68695633766137
Turkmenistan,2015,100.0,99.9,0.22,120000.0,0.05,21.18,0.0,0.0,0.0,57717.438,16.0,73400.00153,0.006777034,6.49999991,6432.685325,13,488100.0,38.969719,59.556278,Turkmenistan,Turkmenistan,Upper middle income,Europe & Central Asia,11.203692859332405,8.769302798458696,0.43846513992293484,0.3249999955,76.90067157105553
Turkmenistan,2016,99.9899,99.9,0.21,80000.0,0.05,21.18,0.0,0.0,0.0,56153.7,15.04,73339.99634,0.00823534,6.199999966,6387.682575,13,488100.0,38.969719,59.556278,Turkmenistan,Turkmenistan,Upper middle income,Europe & Central Asia,11.202875026752563,8.76228335631911,0.43811416781595547,0.3099999983,76.77760961642687
Turkmenistan,2017,99.99625,99.9,0.21,60000.0,0.06,21.18,0.0,0.0,0.0,54625.52,14.13,73120.00275,0.008254031,6.500000047,6587.092604,13,488100.0,38.969719,59.556278,Turkmenistan,Turkmenistan,Upper middle income,Europe & Central Asia,11.199870919792204,8.793019147665042,0.5275811488599025,0.39000000282,77.31718573120406
Turkmenistan,2018,100.0,99.9,0.2,0.0,0.06,21.18,0.0,0.0,0.0,59849.832,13.33,73050.00305,0.007368346,6.199999941,6967.375043,13,488100.0,38.969719,59.556278,Turkmenistan,Turkmenistan,Upper middle income,Europe & Central Asia,11.198913148090737,8.849137340706173,0.5309482404423704,0.37199999646,78.30723167468032
Turkmenistan,2019,99.9,99.9,0.2,40000.0,0.06,21.18,0.0,0.0,0.0,57961.055,12.87,72870.00275,0.006747688,6.3,7612.03518,13,488100.0,38.969719,59.556278,Turkmenistan,Turkmenistan,Upper middle income,Europe & Central Asia,11.196446071376565,8.937617212338488,0.5362570327403092,0.378,79.8810014342892
Uganda,2000,7.3511305,0.9,11.0,26560000.0,95.01,0.04,0.0,1.55,97.484276,430.94543,13.37,1300.0,,3.141907338,261.8691416,229,241038.0,1.373333,32.290275,Uganda,Uganda,Low income,Sub-Saharan Africa,7.170888478512505,5.571656347897211,529.3630696137141,298.51261618338003,31.04335445906329
Uganda,2001,8.6,0.9,10.69,6620000.0,95.22,0.04,0.0,1.55,97.484276,426.19104,13.97,1300.0,,5.183661126,239.473127,229,241038.0,1.373333,32.290275,Uganda,Uganda,Low income,Sub-Saharan Africa,7.170888478512505,5.482608345256917,522.0539666353636,493.58821241771994,30.05899426748079
Uganda,2002,7.8,0.9,11.96,3710000.0,95.35,0.04,0.0,1.67,97.66082,423.49295,13.36,1490.00001,,8.732685764,245.5000403,229,241038.0,1.373333,32.290275,Uganda,Uganda,Low income,Sub-Saharan Africa,7.307202321471647,5.507362156971575,525.1269816672396,832.6615875973998,30.331037928042598
Uganda,2003,10.563554,0.9,11.61,630000.0,95.28,0.05,0.0,1.75,97.22222,432.8561,13.08,1570.000052,,6.473258672,254.3012043,229,241038.0,1.373333,32.290275,Uganda,Uganda,Low income,Sub-Saharan Africa,7.359467671355557,5.542444041431769,528.0840682676189,616.77208626816,30.71868595240252
Uganda,2004,11.625457,0.8,11.27,30000.0,95.02,0.05,0.0,1.89,97.422676,447.65942,12.77,1629.999995,,6.807233344,296.0142675,229,241038.0,1.373333,32.290275,Uganda,Uganda,Low income,Sub-Saharan Africa,7.39694859955541,5.693780176369416,541.0229923586219,646.82331234688,32.41913269681734
Uganda,2005,8.9,0.8,11.49,70000.0,94.11,0.11,0.0,1.84,94.35897,493.46793,12.6,2019.999981,,6.332565116,333.7315763,229,241038.0,1.373333,32.290275,Uganda,Uganda,Low income,Sub-Saharan Africa,7.611347708002334,5.813328945864746,547.0923870953312,595.9577030667599,33.79479343282892
Uganda,2006,9.0,0.8,11.21,60000.0,93.82,0.4,0.0,1.17,74.522285,465.70273,11.89,2400.000095,,10.78474439,349.2171001,229,241038.0,1.373333,32.290275,Uganda,Uganda,Low income,Sub-Saharan Africa,7.7836406357881,5.858553248185614,549.6494657447743,1011.8247186698,34.322646161826206
Uganda,2007,14.817822,0.8,10.94,571170000.0,93.74,0.56,0.0,1.41,71.5736,545.6078,11.52,2869.999886,,8.412425965,403.6637446,229,241038.0,1.373333,32.290275,Uganda,Uganda,Low income,Sub-Saharan Africa,7.962415640413644,6.003056462002693,562.7265127481324,788.5808099591001,36.03668688599229
Uganda,2008,15.892814,0.9,13.89,19610000.0,93.73,0.62,0.0,1.7,73.27586,557.28687,11.01,2970.000029,,8.708751901,474.5179496,229,241038.0,1.373333,32.290275,Uganda,Uganda,Low income,Sub-Saharan Africa,7.996653885223631,6.164404630168873,577.7896459857285,816.27131568073,37.99988444444744
Uganda,2009,10.0,0.8,13.95,74230000.0,93.87,0.89,0.0,1.51,62.916664,552.86536,10.76,3359.999895,,6.801517348,799.9658963,229,241038.0,1.373333,32.290275,Uganda,Uganda,Low income,Sub-Saharan Africa,8.119993796484403,6.685818369757464,627.5977703691332,638.4584334567601,44.700167273386356
Uganda,2010,12.1,0.8,14.29,29340000.0,93.18,1.1,0.0,1.59,59.107807,604.4495,10.69,3329.999924,,5.637611638,822.5393725,229,241038.0,1.373333,32.290275,Uganda,Uganda,Low income,Sub-Saharan Africa,8.111027815377708,6.713611359646605,625.5743064918707,525.31265242884,45.07257748837594
Uganda,2011,14.6,0.8,13.88,27100000.0,92.79,1.0,0.0,1.61,61.685825,614.26904,10.19,3740.00001,,9.391655493,832.5690782,229,241038.0,1.373333,32.290275,Uganda,Uganda,Low income,Sub-Saharan Africa,8.227108237021229,6.725716576021265,624.0792410890132,871.45171319547,45.235263460967204
Uganda,2012,20.319271,0.8,17.82,23250000.0,92.95,0.38,0.0,1.58,80.61224,577.6927,10.19,3779.999971,,3.837455606,790.1314506,229,241038.0,1.373333,32.290275,Uganda,Uganda,Low income,Sub-Saharan Africa,8.237743796221004,6.673464136767395,620.2984915125294,356.6914985777,44.53512358472059
Uganda,2013,13.9,0.8,20.9,1470000000.0,92.55,0.14,0.0,2.45,94.5946,651.41376,10.34,3690.000057,,3.586905826,810.090395,229,241038.0,1.373333,32.290275,Uganda,Uganda,Low income,Sub-Saharan Africa,8.213652718472968,6.698379509063142,619.9350235637937,331.9681341963,44.86828804743698
Uganda,2014,20.4,0.7,20.74,32260000.0,91.84,0.29,0.0,2.52,89.67972,728.95105,10.28,4110.000134,,5.106307324,883.5287445,229,241038.0,1.373333,32.290275,Uganda,Uganda,Low income,Sub-Saharan Africa,8.321421619493353,6.785055011093272,623.1394522188061,468.96326463616003,46.03697150356192
Uganda,2015,18.5,0.7,20.44,521370000.0,91.07,0.29,0.0,2.58,89.89548,707.7433,10.24,4719.99979,,5.187859863,847.2676289,229,241038.0,1.373333,32.290275,Uganda,Uganda,Low income,Sub-Saharan Africa,8.459775876064185,6.7431961861185865,614.1028766698196,472.45839772341,45.47069480448425
Uganda,2016,26.7,0.7,19.76,187710000.0,90.83,0.29,0.0,3.48,92.30769,765.0577,10.16,4949.999809,,4.781000291,736.5598474,229,241038.0,1.373333,32.290275,Uganda,Uganda,Low income,Sub-Saharan Africa,8.507344816783357,6.60334723393852,599.7820292586358,434.25825643152996,43.60419469196351
Uganda,2017,32.521152,0.6,20.08,91700000.0,90.76,0.26,0.0,3.65,93.35038,804.89435,10.3,5170.000076,,3.131405518,746.8307529,229,241038.0,1.373333,32.290275,Uganda,Uganda,Low income,Sub-Saharan Africa,8.550821387093572,6.617176686195953,600.5749560391447,284.20636481368,43.78702729633525
Uganda,2018,41.92,0.6,21.23,542660000.0,90.07,0.31,0.0,4.0,92.80743,841.20447,10.17,5860.000134,,6.303923781,770.6007843,229,241038.0,1.373333,32.290275,Uganda,Uganda,Low income,Sub-Saharan Africa,8.676075539339422,6.648467297490363,598.827449484957,567.79441495467,44.202117405798816
Uganda,2019,41.3,0.5,26.59,66480000.0,90.22,0.09,0.0,4.24,97.92147,811.62756,9.98,5860.000134,,6.438745034,798.5857341,229,241038.0,1.373333,32.290275,Uganda,Uganda,Low income,Sub-Saharan Africa,8.676075539339422,6.6840937611714395,603.0389391328872,580.90357696748,44.67710940813096
Ukraine,2000,100.0,91.65,,,1.25,82.65,77.34,11.28,51.742863,32435.855,15.78,297380.0,2.1038008,5.9,658.348608,75,603550.0,48.379433,31.16558,Ukraine,Ukraine,Upper middle income,Europe & Central Asia,12.602769423946482,6.491252390081388,8.114065487601735,7.375,42.13635759173733
Ukraine,2001,100.0,92.0,,,1.23,84.59,76.17,12.05,51.050285,32281.633,14.48,300550.0,2.264666,8.8,807.8019371,75,603550.0,48.379433,31.16558,Ukraine,Ukraine,Upper middle income,Europe & Central Asia,12.613372735695178,6.695554062733067,8.235531497161672,10.824,44.830444206981284
Ukraine,2002,100.0,92.3,,,1.03,85.93,77.99,9.65,50.492596,32374.943,13.91,303940.0024,1.8132339,5.339647212,911.9111514,75,603550.0,48.379433,31.16558,Ukraine,Ukraine,Upper middle income,Europe & Central Asia,12.624588890501503,6.81663856085408,7.021137717679703,5.49983662836,46.46656126932278
Ukraine,2003,100.0,92.7,,,0.99,89.52,81.41,9.27,50.321865,33439.895,13.19,330230.011,1.6885973,9.516609863,1087.785627,75,603550.0,48.379433,31.16558,Ukraine,Ukraine,Upper middle income,Europe & Central Asia,12.707547721866952,6.992818250478634,6.922890067973848,9.421443764369998,48.89950708422706
Ukraine,2004,100.0,92.9,,,1.21,83.22,87.02,11.78,54.279747,33554.93,11.86,307140.0146,2.1416073,11.79535253,1416.60381,75,603550.0,48.379433,31.16558,Ukraine,Ukraine,Upper middle income,Europe & Central Asia,12.635062252053794,7.256723267488288,8.780635153660828,14.2723765613,52.6600325809059
Ukraine,2005,99.88556,93.2,,,1.27,84.75,88.76,12.4,54.413425,34223.043,11.44,295410.0037,2.2117321,3.071230394,1894.470781,75,603550.0,48.379433,31.16558,Ukraine,Ukraine,Upper middle income,Europe & Central Asia,12.596122898554908,7.54722251990748,9.5849726002825,3.90046260038,56.960567764998615
Ukraine,2006,100.0,93.6,,,1.75,90.09,90.22,12.92,53.376804,34864.605,10.23,303989.9902,2.263283,7.571420762,2391.323934,75,603550.0,48.379433,31.16558,Ukraine,Ukraine,Upper middle income,Europe & Central Asia,12.624753342449159,7.780020529814576,13.615035927175507,13.249986333499999,60.52871944433627
Ukraine,2007,99.8,93.9,,,2.39,93.13,92.54,10.47,52.51861,34933.59,9.78,312140.0146,1.8360311,8.215844451,3197.934295,75,603550.0,48.379433,31.16558,Ukraine,Ukraine,Upper middle income,Europe & Central Asia,12.651210334555797,8.070573000507576,19.288669471213108,19.63586823789,65.13414855652185
Ukraine,2008,100.0,94.0,,,2.72,90.92,89.84,11.82,52.788452,33911.27,9.24,301200.0122,2.133,2.243491598,4066.547885,75,603550.0,48.379433,31.16558,Ukraine,Ukraine,Upper middle income,Europe & Central Asia,12.615533135459998,8.31079561161148,22.605364063583227,6.10229714656,69.06932369798064
Ukraine,2009,100.0,94.2,,,2.96,78.58,82.92,12.12,54.74024,29011.01,9.2,251619.9951,2.5476246,-15.13646791,2639.391654,75,603550.0,48.379433,31.16558,Ukraine,Ukraine,Upper middle income,Europe & Central Asia,12.435679246670372,7.878682538924906,23.32090031521772,-44.8039450136,62.0736385491602
Ukraine,2010,100.0,94.3,,,2.88,86.28,89.15,13.39,54.305687,31235.12,10.26,268920.0134,2.61006,4.092004367,3078.429982,75,603550.0,48.379433,31.16558,Ukraine,Ukraine,Upper middle income,Europe & Central Asia,12.502172984982833,8.03249978806069,23.133599389614787,11.784972576960001,64.52105284519503
Ukraine,2011,100.0,94.6,,,2.74,93.5,90.25,11.2,52.038986,32400.47,9.3,283339.9963,2.0985289,5.445280813,3704.824973,75,603550.0,48.379433,31.16558,Ukraine,Ukraine,Upper middle income,Europe & Central Asia,12.554406385197366,8.217661177721393,22.51639162695662,14.920069427620001,67.52995523182935
Ukraine,2012,99.86749,94.7,,,2.86,96.99,90.14,11.23,51.104053,31779.547,8.98,277109.9854,2.138865,0.152314965,4004.804396,75,603550.0,48.379433,31.16558,Ukraine,Ukraine,Upper middle income,Europe & Central Asia,12.53217337423704,8.295499687275287,23.72512910560732,0.43562079989999997,68.81531506158439
Ukraine,2013,100.0,94.8,,,3.49,95.39,83.21,15.11,50.756283,30228.559,8.52,270269.989,3.0111837,0.045439094,4187.739845,75,603550.0,48.379433,31.16558,Ukraine,Ukraine,Upper middle income,Europe & Central Asia,12.50718039761056,8.340155214697642,29.107141699294772,0.15858243806,69.55818900524827
Ukraine,2014,100.0,94.8,,,3.5,83.42,88.39,10.17,54.159798,26764.613,8.29,237729.9957,2.2846859,-10.07889498,3104.643206,75,603550.0,48.379433,31.16558,Ukraine,Ukraine,Upper middle income,Europe & Central Asia,12.3788950432485,8.040976124605452,28.143416436119082,-35.27613243,64.65729703647492
Ukraine,2015,100.0,94.9,,,4.15,66.91,87.63,7.1,58.605545,22306.594,8.07,191070.0073,1.9133266,-9.772987211,2124.662319,75,603550.0,48.379433,31.16558,Ukraine,Ukraine,Upper middle income,Europe & Central Asia,12.160400403909508,7.661838712325955,31.796630656152715,-40.557896925650006,58.70377245369665
Ukraine,2016,100.0,94.9,,,5.48,72.66,80.95,9.25,55.384995,23419.848,7.79,201660.0037,2.366657,2.440981945,2187.73051,75,603550.0,48.379433,31.16558,Ukraine,Ukraine,Upper middle income,Europe & Central Asia,12.21434336712415,7.691076978934487,42.14710184456099,13.376581058600001,59.15266509589603
Ukraine,2017,100.0,94.9,,,6.48,57.96,85.58,10.88,62.466003,21840.365,7.42,174940.0024,2.9754004,2.359972281,2638.326055,75,603550.0,48.379433,31.16558,Ukraine,Ukraine,Upper middle income,Europe & Central Asia,12.072204066921989,7.878278881353346,51.05124715116968,15.292620380880003,62.06727813237813
Ukraine,2018,100.0,95.0,,,6.92,60.81,84.4,13.02,61.568604,22768.459,7.51,185619.9951,3.4212277,3.488362342,3096.561697,75,603550.0,48.379433,31.16558,Ukraine,Ukraine,Upper middle income,Europe & Central Asia,12.131462213087497,8.038370531626157,55.625524078853005,24.139467406639998,64.61540080371579
Ukraine,2019,100.0,94.9,,,7.44,57.79,83.0,11.87,62.144634,21661.146,6.95,174729.9957,3.2903612,3.199503862,3661.456204,75,603550.0,48.379433,31.16558,Ukraine,Ukraine,Upper middle income,Europe & Central Asia,12.071002902823114,8.205889295301608,61.05181635704397,23.80430873328,67.33661912674552
United Arab Emirates,2000,100.0,100.0,0.0,,0.08,37.54,0.0,0.0,0.0,163580.66,4.08,84730.0,0.0,10.85270421,33291.36625,118,83600.0,23.424076,53.847818,United Arab Emirates,United Arab Emirates,High income,"Middle East, North Africa, Afghanistan & Pakistan",11.347236811318073,10.413083407946889,0.8330466726357512,0.8682163368000001,108.43230606085879
United Arab Emirates,2001,100.0,100.0,0.0,,0.06,40.58,0.0,0.0,0.0,156784.6,5.6,97200.0,0.0,1.39908503,31280.75586,118,83600.0,23.424076,53.847818,United Arab Emirates,United Arab Emirates,High income,"Middle East, North Africa, Afghanistan & Pakistan",11.484536278461452,10.350790326715527,0.6210474196029316,0.08394510179999999,107.13886038762773
United Arab Emirates,2002,100.0,100.0,0.0,,0.07,44.04,0.0,0.0,0.0,162836.45,5.4,99150.00153,0.0,2.43345681,31567.54631,118,83600.0,23.424076,53.847818,United Arab Emirates,United Arab Emirates,High income,"Middle East, North Africa, Afghanistan & Pakistan",11.504399235056784,10.359916533928669,0.7251941573750069,0.1703419767,107.3278705899686
United Arab Emirates,2003,100.0,100.0,0.0,,0.07,46.48,0.0,0.0,0.0,165507.6,4.88,103819.9997,0.0,8.800540815,33499.10278,118,83600.0,23.424076,53.847818,United Arab Emirates,United Arab Emirates,High income,"Middle East, North Africa, Afghanistan & Pakistan",11.550423538500723,10.419303785868152,0.7293512650107707,0.61603785705,108.56189138220641
United Arab Emirates,2004,100.0,100.0,0.0,,0.1,49.27,0.0,0.0,0.0,169047.55,4.4,110010.0021,0.0,9.566436637,36333.18733,118,83600.0,23.424076,53.847818,United Arab Emirates,United Arab Emirates,High income,"Middle East, North Africa, Afghanistan & Pakistan",11.608335658863886,10.500514376762357,1.0500514376762358,0.9566436637000001,110.26080217659296
United Arab Emirates,2005,100.0,100.0,0.0,,0.11,57.05,0.0,0.0,0.0,164587.45,4.47,116459.9991,0.0,4.855141196,39365.45964,118,83600.0,23.424076,53.847818,United Arab Emirates,United Arab Emirates,High income,"Middle East, North Africa, Afghanistan & Pakistan",11.665311724265527,10.580669454570408,1.163873640002745,0.53406553156,111.95056610687926
United Arab Emirates,2006,100.0,100.0,0.0,,0.12,62.76,0.0,0.0,0.0,151316.52,4.23,121559.9976,0.0,9.837319773,41907.42147,118,83600.0,23.424076,53.847818,United Arab Emirates,United Arab Emirates,High income,"Middle East, North Africa, Afghanistan & Pakistan",11.708171453643978,10.643242075451967,1.277189049054236,1.1804783727600001,113.2786018766711
United Arab Emirates,2007,100.0,100.0,0.0,,0.11,74.03,0.0,0.0,0.0,139351.47,4.45,131830.0018,0.0,3.184390174,41809.46216,118,83600.0,23.424076,53.847818,United Arab Emirates,United Arab Emirates,High income,"Middle East, North Africa, Afghanistan & Pakistan",11.789276091903906,10.640901878104394,1.1704992065914834,0.35028291914,113.22879277944563
United Arab Emirates,2008,100.0,100.0,0.0,,0.11,77.06,0.0,0.0,0.0,134274.22,5.1,156050.0031,0.0,3.191836276,44498.94051,118,83600.0,23.424076,53.847818,United Arab Emirates,United Arab Emirates,High income,"Middle East, North Africa, Afghanistan & Pakistan",11.957938175746193,10.703243131299505,1.1773567444429456,0.35110199036,114.55941352771003
United Arab Emirates,2009,100.0,100.0,1.27,,0.11,82.9,0.0,0.01,0.012061271,115803.19,5.76,157020.0043,0.001917726,-5.242921907,32024.19778,118,83600.0,23.424076,53.847818,United Arab Emirates,United Arab Emirates,High income,"Middle East, North Africa, Afghanistan & Pakistan",11.964134860732301,10.37427830254602,1.1411706132800623,-0.5767214097700001,107.62565029867714
United Arab Emirates,2010,100.0,100.0,1.27,,0.11,88.31,0.0,0.02,0.022642363,114656.625,5.48,162789.9933,0.005258371,1.602850048,33893.26387,118,83600.0,23.424076,53.847818,United Arab Emirates,United Arab Emirates,High income,"Middle East, North Africa, Afghanistan & Pakistan",12.00022240731009,10.431001071676727,1.14741011788444,0.17631350528,108.80578335732103
United Arab Emirates,2011,100.0,100.0,1.42,,0.11,93.19,0.0,0.03,0.032181934,119056.13,5.03,165600.0061,0.005592252,6.928508599,39194.67224,118,83600.0,23.424076,53.847818,United Arab Emirates,United Arab Emirates,High income,"Middle East, North Africa, Afghanistan & Pakistan",12.017336596397932,10.576321617642984,1.1633953779407282,0.76213594589,111.85857895982231
United Arab Emirates,2012,100.0,100.0,1.45,,0.1,99.83,0.0,0.02,0.020030046,123958.766,5.11,175589.9963,0.006188438,4.483791985,40976.49075,118,83600.0,23.424076,53.847818,United Arab Emirates,United Arab Emirates,High income,"Middle East, North Africa, Afghanistan & Pakistan",12.075912684950605,10.620778188829854,1.0620778188829856,0.4483791985,112.80092933632396
United Arab Emirates,2013,100.0,100.0,13.88,,0.1,103.33,0.0,0.08,0.077361956,129486.234,5.13,184470.0012,0.020930015,5.053077855,42412.6395,118,83600.0,23.424076,53.847818,United Arab Emirates,United Arab Emirates,High income,"Middle East, North Africa, Afghanistan & Pakistan",12.125247555041673,10.655225275810853,1.0655225275810853,0.5053077855,113.53382567827846
United Arab Emirates,2014,100.0,100.0,14.75,,0.14,109.26,0.0,0.31,0.28292415,127985.82,5.4,184759.9945,0.07691704,4.41008526,43751.80565,118,83600.0,23.424076,53.847818,United Arab Emirates,United Arab Emirates,High income,"Middle East, North Africa, Afghanistan & Pakistan",12.126818347188639,10.686311018872432,1.4960835426421406,0.6174119364,114.19724319207437
United Arab Emirates,2015,100.0,100.0,14.71,,0.13,119.45,0.0,0.31,0.25885102,137896.34,5.56,195240.0055,0.06952883,5.060334864,38663.4005,118,83600.0,23.424076,53.847818,United Arab Emirates,United Arab Emirates,High income,"Middle East, North Africa, Afghanistan & Pakistan",12.181990000059528,10.56267457194427,1.373147694352755,0.6578435323199999,111.57009411279805
United Arab Emirates,2016,100.0,100.0,15.12,,0.12,121.53,0.0,0.32,0.26261798,142115.27,5.96,201080.0018,0.06702232,2.984216091,38141.86713,118,83600.0,23.424076,53.847818,United Arab Emirates,United Arab Emirates,High income,"Middle East, North Africa, Afghanistan & Pakistan",12.211463099890778,10.549094050162244,1.2658912860194693,0.35810593092,111.28338527916847
United Arab Emirates,2017,100.0,100.0,37.54,,0.19,125.79,0.0,0.75,0.592698,135601.27,4.54,197039.9933,0.15412748,2.373551057,40644.79119,118,83600.0,23.424076,53.847818,United Arab Emirates,United Arab Emirates,High income,"Middle East, North Africa, Afghanistan & Pakistan",12.191167073890117,10.612650571854175,2.0164036086522934,0.45097470082999996,112.62835216027675
United Arab Emirates,2018,100.0,100.0,62.24,,0.32,126.61,0.0,1.32,1.0318142,132789.17,4.11,177119.9951,0.2737676,1.189855642,43839.32449,118,83600.0,23.424076,53.847818,United Arab Emirates,United Arab Emirates,High income,"Middle East, North Africa, Afghanistan & Pakistan",12.084588366151614,10.68830932328246,3.4202589834503874,0.38075380544,114.23995619016677
United Arab Emirates,2019,100.0,100.0,196.4,,0.67,125.85,0.0,3.8,2.930968,134878.39,3.36,188860.0006,0.79182535,3.411538686,42701.44305,118,83600.0,23.424076,53.847818,United Arab Emirates,United Arab Emirates,High income,"Middle East, North Africa, Afghanistan & Pakistan",12.148766576907441,10.662011411865755,7.143547645950057,2.28573091962,113.6784873467556
United Kingdom,2000,100.0,100.0,,,0.96,279.34,85.06,9.98,25.385971,45275.645,4.14,530890.0,1.1345575,3.672369105,28223.06757,281,243610.0,55.378051,-3.435973,United Kingdom,United Kingdom,High income,Europe & Central Asia,13.182312006082995,10.247930352865444,9.838013138750826,3.5254743407999998,105.02007651718085
United Kingdom,2001,100.0,100.0,,,0.85,282.72,90.09,9.56,26.061146,45559.023,4.05,545260.0,1.0856745,2.072656279,27806.44882,281,243610.0,55.378051,-3.435973,United Kingdom,United Kingdom,High income,Europe & Central Asia,13.209019858092383,10.233059206953836,8.69810032591076,1.7617578371499998,104.71550073302268
United Kingdom,2002,100.0,100.0,,,0.97,285.62,87.85,11.13,25.735828,44332.9,3.9,530789.978,1.2876195,2.123222773,30049.89632,281,243610.0,55.378051,-3.435973,United Kingdom,United Kingdom,High income,Europe & Central Asia,13.182123584310057,10.310647767139152,10.001328334124977,2.0595260898100003,106.30945737801157
United Kingdom,2003,100.0,100.0,,,0.93,296.15,88.69,10.62,25.112528,44750.703,3.84,543039.978,1.2342336,3.029889927,34487.46757,281,243610.0,55.378051,-3.435973,United Kingdom,United Kingdom,High income,Europe & Central Asia,13.20494006199868,10.448380273804334,9.716993654638031,2.8177976321100004,109.16865034602353
United Kingdom,2004,100.0,100.0,,,1.14,297.15,80.0,14.14,24.058882,44856.6,3.71,543080.0171,1.6083946,2.355629762,40371.71083,281,243610.0,55.378051,-3.435973,United Kingdom,United Kingdom,High income,Europe & Central Asia,13.205013790548879,10.605909361208603,12.090736671777806,2.6854179286799997,112.48531337817228
United Kingdom,2005,100.0,100.0,,,1.35,296.87,81.62,16.93,24.922867,44937.305,3.62,540919.9829,1.924693,2.59328001,42132.09072,281,243610.0,55.378051,-3.435973,United Kingdom,United Kingdom,High income,Europe & Central Asia,13.201028489675048,10.648588713782358,14.375594763606184,3.5009280135000003,113.39244159529301
United Kingdom,2006,100.0,100.0,,,1.55,299.88,75.45,18.11,23.779991,44057.82,3.47,542059.9976,2.1163092,2.584104677,44654.09692,281,243610.0,55.378051,-3.435973,United Kingdom,United Kingdom,High income,Europe & Central Asia,13.203133815786858,10.706723732533277,16.59542178542658,4.00536224935,114.63393308479131
United Kingdom,2007,100.0,100.0,,,1.84,310.26,63.03,19.69,21.049417,42517.13,3.27,530500.0,2.42211,2.269486875,50653.25691,281,243610.0,55.378051,-3.435973,United Kingdom,United Kingdom,High income,Europe & Central Asia,13.181577122048536,10.832778551752304,19.932312535224238,4.1758558500000005,117.34909115130473
United Kingdom,2008,100.0,100.0,,,2.79,310.5,52.49,21.85,19.317118,41451.902,3.24,515340.0269,2.912039,-0.239638085,47549.34863,281,243610.0,55.378051,-3.435973,United Kingdom,United Kingdom,High income,Europe & Central Asia,13.152584148651377,10.769544399807858,30.047028875463923,-0.66859025715,115.9830865794328
United Kingdom,2009,100.0,100.0,,,3.38,278.73,69.1,25.25,25.289482,39040.56,3.18,466489.9902,3.545405,-4.247356266,38952.21103,281,243610.0,55.378051,-3.435973,United Kingdom,United Kingdom,High income,Europe & Central Asia,13.052993985471021,10.570116487695529,35.72699372841089,-14.356064179079999,111.72736256345287
United Kingdom,2010,100.0,100.0,,,3.67,290.59,62.14,26.18,23.308966,39540.008,3.23,482440.0024,3.6591299,2.131438198,39688.61497,281,243610.0,55.378051,-3.435973,United Kingdom,United Kingdom,High income,Europe & Central Asia,13.08661391746635,10.588844844797832,38.861060580408044,7.82237818666,112.12363514720161
United Kingdom,2011,100.0,100.0,,,4.44,260.88,68.98,35.2,28.537775,37007.074,2.96,445589.9963,4.891127,1.457563391,42284.88449,281,243610.0,55.378051,-3.435973,United Kingdom,United Kingdom,High income,Europe & Central Asia,13.007156761601125,10.652208609344134,47.29580622548796,6.471581456040001,113.46954825698529
United Kingdom,2012,100.0,100.0,,,4.77,249.25,70.4,41.24,30.934633,37292.91,2.99,467779.9988,5.453807,1.469887521,42686.80005,281,243610.0,55.378051,-3.435973,United Kingdom,United Kingdom,High income,Europe & Central Asia,13.055755514094363,10.661668445278194,50.85615848397698,7.01136347517,113.67117403704073
United Kingdom,2013,100.0,100.0,,,6.02,231.56,70.61,53.21,34.84158,36881.977,2.88,453760.0098,6.9547257,1.890018342,43713.81412,281,243610.0,55.378051,-3.435973,United Kingdom,United Kingdom,High income,Europe & Central Asia,13.02532592828887,10.685442319518566,64.32636276350176,11.377910418839999,114.17867756375831
United Kingdom,2014,100.0,100.0,,,7.36,206.94,63.75,64.52,38.265564,34583.77,2.64,415600.0061,8.877189,2.991164814,47787.2413,281,243610.0,55.378051,-3.435973,United Kingdom,United Kingdom,High income,Europe & Central Asia,12.937480959041622,10.774534890309148,79.30057679267533,22.01497303104,116.09060210248917
United Kingdom,2015,100.0,100.0,,,8.61,182.43,70.34,82.57,45.5985,34890.32,2.61,401079.9866,10.976621,2.622596679,45404.56777,281,243610.0,55.378051,-3.435973,United Kingdom,United Kingdom,High income,Europe & Central Asia,12.901918647493218,10.72339001461573,92.32838802584142,22.58055740619,114.99109340556033
United Kingdom,2016,100.0,100.0,,,8.6,181.56,71.73,82.99,46.009277,34296.684,2.53,380809.9976,11.037631,2.263463538,41499.5557,281,243610.0,55.378051,-3.435973,United Kingdom,United Kingdom,High income,Europe & Central Asia,12.850058461734422,10.633462096490586,91.44777402981903,19.465786426799998,113.07051615750197
United Kingdom,2017,100.0,100.0,,,9.7,165.91,70.34,98.85,50.489407,34098.812,2.45,367000.0,12.948246,2.134453093,40857.75558,281,243610.0,55.378051,-3.435973,United Kingdom,United Kingdom,High income,Europe & Central Asia,12.813119851828635,10.61787641220543,102.99340119839266,20.704195002099997,112.73929950486844
United Kingdom,2018,100.0,100.0,,,10.99,155.41,65.06,110.03,52.977306,33771.496,2.41,360730.011,14.526468,1.650925496,43646.95197,281,243610.0,55.378051,-3.435973,United Kingdom,United Kingdom,High income,Europe & Central Asia,12.795887837690074,10.683911640808468,117.41618893248506,18.14367120104,114.14596794860269
United Kingdom,2019,100.0,100.0,,,12.24,144.99,56.18,120.48,54.923054,32893.76,2.3,348920.0134,16.24154,1.671944197,43070.49836,281,243610.0,55.378051,-3.435973,United Kingdom,United Kingdom,High income,Europe & Central Asia,12.762600852933629,10.670616766391259,130.608349220629,20.46459697128,113.86206217519025
United States,2000,100.0,100.0,,,5.43,2697.28,753.89,350.93,29.05815,93999.86,6.73,5775810.0,4.027357,4.127484017,36334.90878,36,9833517.0,37.09024,-95.712891,United States,United States,High income,North America,15.569189237412788,10.50056175388424,57.01805032359142,22.412238212309997,110.26179714713646
United States,2001,100.0,100.0,,,4.68,2678.68,768.83,280.06,28.138706,90772.18,6.54,5748260.0,3.421371,0.998340792,37133.24281,36,9833517.0,37.09024,-95.712891,United States,United States,High income,North America,15.564407932248303,10.522294809697588,49.244339709384704,4.67223490656,110.71868806218879
United States,2002,100.0,100.0,,,4.84,2727.83,780.06,336.34,29.040926,91201.06,6.5,5593029.785,4.0155067,1.741695251,38023.16111,36,9833517.0,37.09024,-95.712891,United States,United States,High income,North America,15.537031877990257,10.545977055345674,51.04252894787306,8.42980501484,111.2176320518774
United States,2003,100.0,100.0,,,5.33,2756.03,763.73,349.18,28.765244,90619.11,6.33,5658990.234,4.1800404,2.861210768,39496.48588,36,9833517.0,37.09024,-95.712891,United States,United States,High income,North America,15.548756207086528,10.583992300255959,56.41267896036426,15.25025339344,112.02089301187743
United States,2004,100.0,100.0,,,5.48,2818.28,788.53,345.14,28.686348,91504.484,6.22,5738290.039,4.1015115,3.798891125,41712.80107,36,9833517.0,37.09024,-95.712891,United States,United States,High income,North America,15.562671995568639,10.638587313942683,58.2994584804059,20.817923365000002,113.17954003638219
United States,2005,100.0,100.0,,,5.84,2899.96,781.99,353.04,28.129686,90654.53,6.04,5753490.234,4.219231,3.513213799,44114.74778,36,9833517.0,37.09024,-95.712891,United States,United States,High income,North America,15.565317399650155,10.694572090209585,62.45630100682397,20.51716858616,114.3738721926898
United States,2006,100.0,100.0,,,6.4,2878.56,787.22,381.16,28.870703,89067.04,5.82,5653080.078,4.6788607,2.854972294,46298.73144,36,9833517.0,37.09024,-95.712891,United States,United States,High income,North America,15.547711278027599,10.742891439625538,68.75450521360345,18.2718226816,115.40971648357966
United States,2007,100.0,100.0,,,6.3,2988.24,806.42,347.91,27.865068,89395.14,5.81,5736319.824,4.3730087,1.876171454,47975.9677,36,9833517.0,37.09024,-95.712891,United States,United States,High income,North America,15.56232859135717,10.778476335146841,67.9044009114251,11.8198801602,116.17555210732048
United States,2008,100.0,100.0,,,6.85,2924.21,806.21,377.11,28.808554,86378.65,5.67,5558379.883,5.0045505,-0.136579803,48382.55845,36,9833517.0,37.09024,-95.712891,United States,United States,High income,North America,15.530817415723929,10.786915333546835,73.89037003479582,-0.9355716505499999,116.35754241310782
United States,2009,100.0,100.0,,,7.35,2725.41,798.85,415.56,30.823996,81376.18,5.53,5156430.176,5.8000064,-2.536757067,47099.98047,36,9833517.0,37.09024,-95.712891,United States,United States,High income,North America,15.455755265611469,10.760049096560667,79.0863608597209,-18.64516444245,115.77865656039603
United States,2010,100.0,100.0,,,7.44,2882.49,806.97,424.48,29.93359,83397.48,5.52,5392109.863,5.8405547,2.56376656,48466.6576,36,9833517.0,37.09024,-95.712891,United States,United States,High income,North America,15.500447492008313,10.788652000871561,80.26757088648442,19.0744232064,116.39501199590994
United States,2011,100.0,100.0,,,8.36,2788.93,790.2,509.74,31.792154,81962.36,5.36,5173600.098,6.8973193,1.550835505,49882.55813,36,9833517.0,37.09024,-95.712891,United States,United States,High income,North America,15.459079541345826,10.81744673105096,90.43385467158602,12.9649848218,117.01715377912511
United States,2012,100.0,100.0,,,8.73,2779.02,769.33,492.32,31.223783,79102.34,5.15,4956060.059,6.886334,2.249545852,51602.93105,36,9833517.0,37.09024,-95.712891,United States,United States,High income,North America,15.416121841873194,10.8513531317074,94.7323128398056,19.63853528796,117.751864789016
United States,2013,100.0,100.0,,,9.08,2746.21,789.02,520.38,32.28614,80556.516,5.15,5092100.098,7.1346164,1.842081071,53106.53677,36,9833517.0,37.09024,-95.712891,United States,United States,High income,North America,15.443201092743566,10.88007413256305,98.7910731236725,16.72609612468,118.37601313006762
United States,2014,100.0,100.0,,,9.22,2752.01,797.17,546.83,32.81242,80725.086,5.08,5107209.961,7.262891,2.525973446,55049.98833,36,9833517.0,37.09024,-95.712891,United States,United States,High income,North America,15.446164012981045,10.916015095304836,100.64565917871059,23.289475172120003,119.15938556092304
United States,2015,100.0,100.0,,,9.03,2730.32,797.18,556.49,33.14577,79317.37,4.88,4990709.961,7.468743,3.07551465,56863.3715,36,9833517.0,37.09024,-95.712891,United States,United States,High income,North America,15.423088934733105,10.94842426406472,98.86427110450441,27.7718972895,119.8679938659611
United States,2016,100.0,100.0,,,9.46,2656.96,805.69,624.91,34.998875,78613.54,4.74,4894500.0,8.285086,1.711426774,58021.4005,36,9833517.0,37.09024,-95.712891,United States,United States,High income,North America,15.403622887994562,10.968584430483782,103.76280871237658,16.19009728204,120.30984440865123
United States,2017,100.0,100.0,,,9.92,2540.17,804.95,707.19,37.315506,78289.01,4.62,4819370.117,9.082049,2.332679395,60109.65573,36,9833517.0,37.09024,-95.712891,United States,United States,High income,North America,15.388154003862903,11.003942404807512,109.15910865569052,23.1401795984,121.08674844832093
United States,2018,100.0,100.0,,,10.12,2661.3,807.08,733.17,36.659092,80583.34,4.61,4975310.059,8.964939,2.996464352,63064.41841,36,9833517.0,37.09024,-95.712891,United States,United States,High income,North America,15.419998451042371,11.05192785408265,111.84550988331642,30.324219242239995,122.14510929184794
United States,2019,100.0,100.0,,,10.42,2588.21,809.41,760.76,37.75918,79489.016,4.51,4817720.215,9.315263,2.161176515,65279.52903,36,9833517.0,37.09024,-95.712891,United States,United States,High income,North America,15.387811597261559,11.086449093618631,115.52079955550613,22.519459286300002,122.90935350539736
Uruguay,2000,97.676865,100.0,466.8,,38.73,0.49,0.0,7.0,93.45795,14601.469,2.7,5460.0,,-1.929930638,6875.025469,20,176215.0,-32.522779,-55.765835,Uruguay,Uruguay,High income,Latin America & Caribbean,8.605387202152153,8.835796070538928,342.21038181197264,-74.74621360974,78.07129220015116
Uruguay,2001,97.78539,100.0,465.99,1310000.0,41.63,0.06,0.0,9.1,99.344986,15946.608,2.47,4950.0,,-3.844129949,6284.45968,20,176215.0,-32.522779,-55.765835,Uruguay,Uruguay,High income,Latin America & Caribbean,8.507344855361422,8.745994257570171,364.0957409426462,-160.03112977687002,76.49241555345041
Uruguay,2002,97.88633,100.0,465.91,,43.25,0.07,0.0,9.44,99.26392,14137.804,2.48,4530.00021,,-7.732007206,4090.891888,20,176215.0,-32.522779,-55.765835,Uruguay,Uruguay,High income,Latin America & Caribbean,8.418697991014522,8.316762706390138,359.69998705137345,-334.40931165949996,69.16854191440181
Uruguay,2003,97.98204,100.0,466.25,23520000.0,43.83,0.08,0.0,8.45,99.06213,14181.147,2.48,4489.999771,,0.805283915,3624.205685,20,176215.0,-32.522779,-55.765835,Uruguay,Uruguay,High income,Latin America & Caribbean,8.409830622096866,8.195666306368738,359.21605420814177,35.295593994449995,67.16894620534778
Uruguay,2004,98.07486,100.0,466.55,,39.31,1.01,0.0,4.77,82.52595,13627.525,2.69,5460.000038,,5.004160334,4120.544205,20,176215.0,-32.522779,-55.765835,Uruguay,Uruguay,High income,Latin America & Caribbean,8.605387209110587,8.323983179159795,327.21577877277156,196.71354272954,69.28869596693521
Uruguay,2005,98.167145,100.0,466.81,0.0,41.32,0.9,0.0,6.66,88.09524,14696.39,2.6,5420.000076,,7.460132138,5226.9441,20,176215.0,-32.522779,-55.765835,Uruguay,Uruguay,High income,Latin America & Caribbean,8.598035593279892,8.561773382261546,353.77247615504706,308.25265994216,73.3039634492023
Uruguay,2006,98.505424,100.0,466.3,0.0,37.6,1.87,0.0,3.6,65.81353,13377.3125,2.7,6329.999924,,4.098577364,5887.845162,20,176215.0,-32.522779,-55.765835,Uruguay,Uruguay,High income,Latin America & Caribbean,8.753213468539704,8.680815189849717,326.3986511383494,154.10650888639998,75.35655236032558
Uruguay,2007,98.692635,100.0,517.34,880000.0,43.2,0.97,0.0,8.31,89.547424,15803.453,2.53,5849.999905,,6.541510842,7026.503055,20,176215.0,-32.522779,-55.765835,Uruguay,Uruguay,High income,Latin America & Caribbean,8.674367849551695,8.857586737501332,382.6477470600576,282.5932683744,78.4568428123595
Uruguay,2008,98.784355,100.0,523.37,,44.09,3.01,0.0,5.5,64.629845,16750.07,3.05,7750.0,,7.176144668,9091.079039,20,176215.0,-32.522779,-55.765835,Uruguay,Uruguay,High income,Latin America & Caribbean,8.955577146281511,9.115158878181457,401.8873549390205,316.39621841212005,83.08612137449025
Uruguay,2009,99.1,100.0,529.67,6770000.0,44.64,2.72,0.0,6.08,69.090904,17655.945,2.89,7670.000076,,4.243494175,9451.932449,20,176215.0,-32.522779,-55.765835,Uruguay,Uruguay,High income,Latin America & Caribbean,8.94520227386674,9.15408028441445,408.63814389626106,189.42957997200003,83.79718585350534
Uruguay,2010,99.3,100.0,540.15,1120000.0,53.29,1.72,0.0,9.31,84.40617,18292.451,2.63,6280.00021,,7.803409666,11992.02377,20,176215.0,-32.522779,-55.765835,Uruguay,Uruguay,High income,Latin America & Caribbean,8.745284515888546,9.39208040721925,500.50396490071387,415.84370110114,88.21117437567172
Uruguay,2011,99.17,100.0,541.79,7770000.0,49.67,2.76,0.0,7.61,73.384766,17861.395,2.71,7610.000134,,5.162133029,14236.715,20,176215.0,-32.522779,-55.765835,Uruguay,Uruguay,High income,Latin America & Caribbean,8.937349865873488,9.563649708607178,475.0264810265186,256.40314755043,91.46339574894216
Uruguay,2012,99.6,100.0,542.91,290700000.0,47.85,3.85,0.0,6.76,63.713478,17839.785,2.79,8520.000458,,3.538178707,15171.58017,20,176215.0,-32.522779,-55.765835,Uruguay,Uruguay,High income,Latin America & Caribbean,9.050289037577514,9.627245141597847,460.663680025457,169.30185112995002,92.68384901641934
Uruguay,2013,99.61181,100.0,593.54,211660000.0,51.87,2.04,0.0,9.41,82.18341,18592.736,2.62,7360.000134,,4.637538641,16973.68924,20,176215.0,-32.522779,-55.765835,Uruguay,Uruguay,High income,Latin America & Caribbean,8.903951090262755,9.739478645337378,505.1867573336498,240.54912930867,94.85744428298281
Uruguay,2014,99.65708,100.0,716.48,275600000.0,56.7,1.64,0.0,11.21,87.23735,19071.291,2.58,6500.0,,3.238791217,16831.94819,20,176215.0,-32.522779,-55.765835,Uruguay,Uruguay,High income,Latin America & Caribbean,8.77971129020447,9.731093446531615,551.7529984183426,183.6394620039,94.69417966513055
Uruguay,2015,99.70948,100.0,827.76,518270000.0,59.4,1.91,0.0,11.7,85.9662,19596.402,2.75,6639.999866,,0.370741265,15613.74597,20,176215.0,-32.522779,-55.765835,Uruguay,Uruguay,High income,Latin America & Caribbean,8.80101781336303,9.655971001253116,573.564677474435,22.022031141,93.2377759770411
Uruguay,2016,99.7,100.0,929.73,69860000.0,60.32,1.34,0.0,12.41,90.25455,19814.26,2.82,6519.999981,,1.689798164,16715.63347,20,176215.0,-32.522779,-55.765835,Uruguay,Uruguay,High income,Latin America & Caribbean,8.78278301447954,9.724159518877528,586.5613021786925,101.92862525248,94.55927834857643
Uruguay,2017,99.8,100.0,1080.97,18290000.0,60.82,1.32,0.0,12.93,90.73684,19084.248,2.71,6099.999905,,1.627753973,18690.89384,20,176215.0,-32.522779,-55.765835,Uruguay,Uruguay,High income,Latin America & Caribbean,8.716207955580634,9.835845224369136,598.2161065461308,98.99999663786,96.74385127774514
Uruguay,2018,99.8,100.0,1078.68,,60.86,1.36,0.0,13.14,90.62069,19538.71,2.79,6539.999962,,0.477907184,18703.86029,20,176215.0,-32.522779,-55.765835,Uruguay,Uruguay,High income,Latin America & Caribbean,8.785845332151704,9.83653867762845,598.6517439204674,29.08543121824,96.75749315648046
Uruguay,2019,99.9,100.0,1077.57,,60.76,1.89,0.0,14.16,88.224304,19985.01,2.77,6489.999771,,0.350447153,17688.01501,20,176215.0,-32.522779,-55.765835,Uruguay,Uruguay,High income,Latin America & Caribbean,8.77817184575385,9.780699104993094,594.2752776193803,21.29316901628,95.6620749824127
Uzbekistan,2000,99.59327,83.6,64.43,,0.72,38.51,0.0,5.82,13.128806,24053.547,28.2,123810.0,2.8995407,3.834999999,558.2268024,79,447400.0,41.377491,64.585262,Uzbekistan,Uzbekistan,Lower middle income,Europe & Central Asia,11.72651148827413,6.326555119670856,4.5551196861630165,2.7611999992799996,40.02529968223352
Uzbekistan,2001,99.630104,83.9,63.56,,0.78,39.05,0.0,5.9,13.125695,23824.65,27.36,125700.0,2.9385922,4.16383825,456.7062895,79,447400.0,41.377491,64.585262,Uzbekistan,Uzbekistan,Lower middle income,Europe & Central Asia,11.741661349996177,6.126227689098938,4.778457597497172,3.2477938350000004,37.53066569868251
Uzbekistan,2002,99.7,84.2,62.76,,1.02,40.55,0.0,6.12,13.11335,24111.441,27.27,129889.9994,2.9276025,3.973488192,383.343068,79,447400.0,41.377491,64.585262,Uzbekistan,Uzbekistan,Lower middle income,Europe & Central Asia,11.774450911574517,5.951535559987902,6.07056627118766,4.05295795584,35.42077552180051
Uzbekistan,2003,99.683365,84.5,62.1,,1.42,39.27,0.0,7.54,16.107668,21826.992,25.32,121910.0037,3.6696591,4.232627382,396.377979,79,447400.0,41.377491,64.585262,Uzbekistan,Uzbekistan,Lower middle income,Europe & Central Asia,11.711046579648096,5.984887915899941,8.498540840577917,6.01033088244,35.81888336588514
Uzbekistan,2004,99.7045,84.6,67.15,220000.0,1.05,38.48,0.0,8.92,18.818565,21485.61,23.29,124839.9963,3.319612,7.449000605,465.1198869,79,447400.0,41.377491,64.585262,Uzbekistan,Uzbekistan,Lower middle income,Europe & Central Asia,11.734796176968059,6.144442869063653,6.451665012516836,7.821450635250001,37.75417817118717
Uzbekistan,2005,99.72508,85.0,64.67,,1.62,38.13,0.0,8.84,18.820522,21171.098,20.58,119190.0024,3.4994836,6.950007197,546.7768502,79,447400.0,41.377491,64.585262,Uzbekistan,Uzbekistan,Lower middle income,Europe & Central Asia,11.688482547542907,6.305867996352227,10.215506154090608,11.25901165914,39.763971187419244
Uzbekistan,2006,99.4901,85.3,63.8,,0.85,39.25,0.0,4.65,10.592255,19566.176,19.78,127360.0006,3.1592808,7.451418476,654.2838373,79,447400.0,41.377491,64.585262,Uzbekistan,Uzbekistan,Lower middle income,Europe & Central Asia,11.754780857517197,6.485068481160168,5.512308208986142,6.3337057046,42.05611320533705
Uzbekistan,2007,99.774536,85.3,62.86,25500000.0,0.9,40.0,0.0,4.61,10.334005,20663.172,17.64,122580.0018,3.2355347,9.473005305,830.4076942,79,447400.0,41.377491,64.585262,Uzbekistan,Uzbekistan,Lower middle income,Europe & Central Asia,11.716527329628288,6.723120281286179,6.0508082531575615,8.5257047745,45.20034631664155
Uzbekistan,2008,99.80875,85.7,63.09,,0.8,35.76,0.0,4.44,11.044776,19085.639,16.65,128880.0049,2.3289878,9.029161017,1082.286025,79,447400.0,41.377491,64.585262,Uzbekistan,Uzbekistan,Lower middle income,Europe & Central Asia,11.766644814996125,6.987754316471376,5.590203453177101,7.2233288136,48.828710387364346
Uzbekistan,2009,99.852905,85.6,62.1,,1.25,38.18,0.0,6.42,14.394619,18643.188,14.07,116529.9988,3.447852,8.050933328,1213.265328,79,447400.0,41.377491,64.585262,Uzbekistan,Uzbekistan,Lower middle income,Europe & Central Asia,11.665912600713963,7.10189450457628,8.87736813072035,10.063666659999999,50.43690555413077
Uzbekistan,2010,99.91289,85.8,62.87,,1.35,41.16,0.0,8.11,16.46032,18563.715,14.22,126239.9979,4.2804823,7.597167961,1742.349256,79,447400.0,41.377491,64.585262,Uzbekistan,Uzbekistan,Lower middle income,Europe & Central Asia,11.745948040832996,7.463563401809952,10.075810592443435,10.25617674735,55.70477865283694
Uzbekistan,2011,99.96144,85.6,61.7,,0.95,44.28,0.0,5.65,11.315842,19236.137,13.59,128630.0049,2.823631,7.525139894,2051.129515,79,447400.0,41.377491,64.585262,Uzbekistan,Uzbekistan,Lower middle income,Europe & Central Asia,11.764703157372184,7.626633320770634,7.245301654732102,7.148882899299999,58.16553580948891
Uzbekistan,2012,99.98982,85.8,61.88,94470000.0,1.34,43.56,0.0,6.59,13.140578,18406.984,11.04,113139.9994,3.2085803,7.102444887,2267.623275,79,447400.0,41.377491,64.585262,Uzbekistan,Uzbekistan,Lower middle income,Europe & Central Asia,11.636390102162004,7.726928439703803,10.354084109203097,9.51727614858,59.70542311230345
Uzbekistan,2013,99.99887,85.5,60.9,196820000.0,1.19,45.97,0.0,5.65,10.945371,18200.295,10.15,111860.0006,3.133465,7.29655037,2419.718703,79,447400.0,41.377491,64.585262,Uzbekistan,Uzbekistan,Lower middle income,Europe & Central Asia,11.62501231344553,7.791819759770246,9.272265514126593,8.6828949403,60.712455168746054
Uzbekistan,2014,100.0,85.5,61.53,,1.4,46.7,0.0,6.01,11.402011,18518.158,8.83,104870.0027,2.9718068,6.873838441,2628.460008,79,447400.0,41.377491,64.585262,Uzbekistan,Uzbekistan,Lower middle income,Europe & Central Asia,11.560486328144426,7.874533783938651,11.024347297514112,9.6233738174,62.008282314391174
Uzbekistan,2015,100.0,85.35,60.83,270000.0,1.71,47.55,0.0,7.0,12.832264,17386.195,7.86,99169.99817,3.0129926,7.218773508,2753.971072,79,447400.0,41.377491,64.585262,Uzbekistan,Uzbekistan,Lower middle income,Europe & Central Asia,11.504600893371022,7.921162221350399,13.545187398509182,12.34410269868,62.74481093694879
Uzbekistan,2016,100.0,85.2,59.88,690000.0,1.61,48.75,0.0,7.25,12.946428,16374.342,7.82,105230.0034,3.567936,5.9321508,2704.677188,79,447400.0,41.377491,64.585262,Uzbekistan,Uzbekistan,Lower middle income,Europe & Central Asia,11.563913244993017,7.903107506714309,12.724003085810038,9.550762788,62.45910826268406
Uzbekistan,2017,100.0,84.9,58.24,60130000.0,1.75,49.71,0.0,8.35,14.381675,16642.676,7.88,109529.9988,3.9722855,4.395274633,1916.764642,79,447400.0,41.377491,64.585262,Uzbekistan,Uzbekistan,Lower middle income,Europe & Central Asia,11.603962882239056,7.558915537799178,13.228102191148562,7.691730607749999,57.137204107581844
Uzbekistan,2018,100.0,84.3,59.09,84130000.0,1.49,53.58,0.0,5.85,9.8435135,16445.74,9.05,112470.0012,2.9270332,5.354996888,1597.068337,79,447400.0,41.377491,64.585262,Uzbekistan,Uzbekistan,Lower middle income,Europe & Central Asia,11.630450700287849,7.376550889491963,10.991060825343025,7.978945363119999,54.41350302526467
Uzbekistan,2019,100.0,84.6,57.96,65940000.0,1.57,53.64,0.0,6.47,10.7636,16212.221,8.37,116709.9991,3.1970327,5.709632222,1784.009816,79,447400.0,41.377491,64.585262,Uzbekistan,Uzbekistan,Lower middle income,Europe & Central Asia,11.667456064904417,7.487179193358283,11.754871333572506,8.96412258854,56.05785227345719
Vanuatu,2000,22.14308,15.9,3.24,,48.65,0.04,0.0,0.0,0.0,1988.2789,3.66,90.0,,5.924809057,1470.63587,25,12189.0,-15.376706,166.959158,Vanuatu,Vanuatu,Lower middle income,East Asia & Pacific,4.51085950651685,7.294129897763675,354.85941952620277,288.24196062305,53.20433096544992
Vanuatu,2001,23.94388,15.7,3.17,,47.42,0.04,0.0,0.0,0.0,2158.8423,3.88,90.0,,-3.397582489,1363.185058,25,12189.0,-15.376706,166.959158,Vanuatu,Vanuatu,Lower middle income,East Asia & Pacific,4.51085950651685,7.218312502221184,342.29237885532854,-161.11336162838,52.104035379722646
Vanuatu,2002,25.737099,15.5,3.09,,51.92,0.04,0.0,0.0,0.0,2008.1954,3.82,79.99999821,,-5.198318759,1354.100243,25,12189.0,-15.376706,166.959158,Vanuatu,Vanuatu,Lower middle income,East Asia & Pacific,4.394449132573673,7.211630710651211,374.4278664970109,-269.89670996728,52.00761750680769
Vanuatu,2003,27.52508,15.35,3.02,,50.45,0.04,0.0,0.0,0.0,2298.1453,3.78,90.00000358,,4.288335117,1580.575634,25,12189.0,-15.376706,166.959158,Vanuatu,Vanuatu,Lower middle income,East Asia & Pacific,4.5108595458575085,7.366176865819678,371.62362288060274,216.34650665265002,54.26056161853701
Vanuatu,2004,29.310175,15.1,2.94,,64.06,0.04,0.0,0.0,0.0,1804.7319,3.03,70.0000003,,3.987392802,1788.122206,25,12189.0,-15.376706,166.959158,Vanuatu,Vanuatu,Lower middle income,East Asia & Pacific,4.262679881266667,7.489480390845927,479.77611383759006,255.43238289612,56.09231652486565
Vanuatu,2005,31.094734,14.7,2.87,,64.26,0.04,0.0,0.0,0.0,1761.5437,2.88,70.0000003,,5.305326473,1887.226576,25,12189.0,-15.376706,166.959158,Vanuatu,Vanuatu,Lower middle income,East Asia & Pacific,4.262679881266667,7.543393347979581,484.7384565411679,340.92027915498005,56.9027832023426
Vanuatu,2006,26.44,14.5,2.8,,63.75,0.04,0.0,0.0,0.0,1595.11,2.48,70.0000003,,8.465159865,2049.532809,25,12189.0,-15.376706,166.959158,Vanuatu,Vanuatu,Lower middle income,East Asia & Pacific,4.262679881266667,7.625854945191794,486.14825275597684,539.6539413937501,58.153663645106136
Vanuatu,2007,33.62462,13.9,2.73,12720000.0,42.26,0.05,0.0,0.0,0.0,2524.6426,3.53,109.9999994,,2.871659844,2352.973255,25,12189.0,-15.376706,166.959158,Vanuatu,Vanuatu,Lower middle income,East Asia & Pacific,4.709530195906929,7.76385992624336,328.10072048304437,121.35634500743998,60.27752095432756
Vanuatu,2008,36.470303,13.5,16.31,30000.0,47.63,0.05,0.0,0.0,0.0,2429.7217,3.33,100.0000015,,5.602991462,2629.053124,25,12189.0,-15.376706,166.959158,Vanuatu,Vanuatu,Lower middle income,East Asia & Pacific,4.615120531692744,7.874759324207352,375.07478661199616,266.87048333506004,62.01183441419062
Vanuatu,2009,33.291115,12.9,18.7,,38.79,0.05,0.0,0.0,0.0,2740.9023,3.71,129.9999952,,3.037246028,2573.889015,25,12189.0,-15.376706,166.959158,Vanuatu,Vanuatu,Lower middle income,East Asia & Pacific,4.87519728655993,7.853561711198089,304.6396587773739,117.81477342612,61.67843155159665
Vanuatu,2010,44.1,12.3,18.23,890000.0,38.4,0.05,0.0,0.0,0.0,2766.5137,3.7,129.9999952,,1.260681797,2839.40634,25,12189.0,-15.376706,166.959158,Vanuatu,Vanuatu,Lower middle income,East Asia & Pacific,4.87519728655993,7.951702398385436,305.3453720980007,48.410181004799995,63.22957103248869
Vanuatu,2011,41.93533,11.5,29.23,,35.99,0.05,0.0,0.01,16.666668,3125.876,3.71,129.9999952,,3.137874086,3173.822022,25,12189.0,-15.376706,166.959158,Vanuatu,Vanuatu,Lower middle income,East Asia & Pacific,4.87519728655993,8.0630068536926,290.1876166643967,112.93208835514001,65.01207952269385
Vanuatu,2012,43.789528,11.0,28.58,3050000.0,39.28,0.05,0.0,0.01,16.666668,2561.162,3.45,119.9999973,,1.010029914,2997.293432,25,12189.0,-15.376706,166.959158,Vanuatu,Vanuatu,Lower middle income,East Asia & Pacific,4.795790523282691,8.005798549790287,314.46776703576245,39.67397502192,64.09281041982426
Vanuatu,2013,31.7,10.6,27.85,4750000.0,41.26,0.05,0.0,0.02,28.571428,2422.6257,3.36,109.9999994,,0.468608459,2954.774511,25,12189.0,-15.376706,166.959158,Vanuatu,Vanuatu,Lower middle income,East Asia & Pacific,4.709530195906929,7.991515997358759,329.7299500510224,19.33478501834,63.86432793604096
Vanuatu,2014,49.057446,10.0,29.8,8540000.0,31.74,0.05,0.0,0.02,28.571428,2701.0388,4.03,159.9999964,,3.12624625,2926.67996,25,12189.0,-15.376706,166.959158,Vanuatu,Vanuatu,Lower middle income,East Asia & Pacific,5.081404342624214,7.981965565828475,253.3475870593958,99.22705597499998,63.711774294071496
Vanuatu,2015,52.2051,9.5,29.45,7260000.0,35.91,0.05,0.0,0.02,28.571428,2484.069,3.61,140.0000006,,0.371578452,2695.666186,25,12189.0,-15.376706,166.959158,Vanuatu,Vanuatu,Lower middle income,East Asia & Pacific,4.948759894633487,7.899771543139665,283.6807961141453,13.343382211319998,62.406390433799245
Vanuatu,2016,57.82,8.8,33.43,,33.4,0.05,0.0,0.02,28.571428,2445.8684,3.71,180.0000072,,4.688677823,2805.66532,25,12189.0,-15.376706,166.959158,Vanuatu,Vanuatu,Lower middle income,East Asia & Pacific,5.19849707104483,7.939752338758171,265.1877281145229,156.60183928819998,63.03966720081585
Vanuatu,2017,62.8,8.4,34.78,17770000.0,36.13,0.05,0.0,0.01,16.666668,2661.3218,3.33,170.0000018,,6.315604199,3082.475083,25,12189.0,-15.376706,166.959158,Vanuatu,Vanuatu,Lower middle income,East Asia & Pacific,5.141663567028975,8.033812513646506,290.2616461180483,228.18277970987,64.5421435044232
Vanuatu,2018,61.754513,8.3,39.14,1780000.0,29.96,0.05,0.0,0.02,28.571428,3346.0903,3.8,209.9999934,,2.900230273,3125.404999,25,12189.0,-15.376706,166.959158,Vanuatu,Vanuatu,Lower middle income,East Asia & Pacific,5.351858102196445,8.04763906081085,241.10726626189307,86.89089897908,64.76449445308853
Vanuatu,2019,64.59019,8.0,38.93,150000.0,31.86,0.05,0.0,0.02,28.571428,3154.4717,3.53,209.9999934,,3.912534737,3116.297759,25,12189.0,-15.376706,166.959158,Vanuatu,Vanuatu,Lower middle income,East Asia & Pacific,5.351858102196445,8.044721802635104,256.3048366319544,124.65335672082,64.7175488817926
Zambia,2000,16.7,13.8,173.03,10000.0,89.98,0.07,0.0,7.69,99.09794,2951.3672,12.77,1810.0,,3.897322943,345.6896207,25,752618.0,-13.133897,27.849332,Zambia,Zambia,Lower middle income,Sub-Saharan Africa,7.501634457883413,5.84842991483298,526.2417237366716,350.68111841114,34.204132468713304
Zambia,2001,20.172386,14.2,168.56,,89.76,0.07,0.0,7.83,99.11392,2997.7124,12.49,1840.0,,5.316868274,382.9410352,25,752618.0,-13.133897,27.849332,Zambia,Zambia,Lower middle income,Sub-Saharan Africa,7.518064181233078,5.950488986630412,534.1158914399458,477.24209627424,35.408319180009826
Zambia,2002,17.4,14.6,164.26,,89.56,0.08,0.0,8.03,99.013565,3006.324,12.29,1919.999957,,4.50601428,382.2419633,25,752618.0,-13.133897,27.849332,Zambia,Zambia,Lower middle income,Sub-Saharan Africa,7.560601140384382,5.948666547669039,532.7625760092392,403.55863891679996,35.386633695356686
Zambia,2003,18.5,15.1,154.77,,89.2,0.08,0.0,8.18,99.03147,3019.908,11.81,2079.999924,,6.944973982,435.4581994,25,752618.0,-13.133897,27.849332,Zambia,Zambia,Lower middle income,Sub-Saharan Africa,7.64060378987273,6.078692607578384,542.2193805959919,619.4916791944,36.9505038174281
Zambia,2004,20.3,15.3,150.84,2550000.0,89.28,0.07,0.0,8.39,99.172585,3012.9995,11.29,2109.999895,,7.032395115,538.591553,25,752618.0,-13.133897,27.849332,Zambia,Zambia,Lower middle income,Sub-Saharan Africa,7.65491699810886,6.290812470022785,561.6437373236342,627.8522358672,39.574321532994176
Zambia,2005,23.321308,15.7,146.95,10300000.0,88.68,0.08,0.0,8.8,99.0991,3068.1736,10.81,2289.999962,,7.235599007,702.7411184,25,752618.0,-13.133897,27.849332,Zambia,Zambia,Lower middle income,Sub-Saharan Africa,7.736743665866852,6.556410558983498,581.4224883706567,641.6529199407601,42.986519417950305
Zambia,2006,24.107258,15.9,143.12,90000.0,89.43,0.08,0.0,9.58,99.171844,3064.4688,10.18,2180.000067,,7.903694445,1047.918843,25,752618.0,-13.133897,27.849332,Zambia,Zambia,Lower middle income,Sub-Saharan Africa,7.687538796921482,6.955515239340472,622.0317278542185,706.8273942163501,48.37919224469754
Zambia,2007,18.5,16.1,134.61,30000.0,90.32,0.06,0.0,9.54,99.37499,2793.334,9.51,1980.000019,,8.352436244,1124.290586,25,752618.0,-13.133897,27.849332,Zambia,Zambia,Lower middle income,Sub-Saharan Africa,7.591357056289667,7.02579657995183,634.5699471012492,754.3920415580799,49.361817582862834
Zambia,2008,25.695429,16.2,133.35,19440000.0,89.36,0.04,0.0,9.45,99.57851,2786.6501,9.06,2190.000057,,7.773895815,1394.0005,25,752618.0,-13.133897,27.849332,Zambia,Zambia,Lower middle income,Sub-Saharan Africa,7.692113365610984,7.240650052678341,647.0244887073366,694.6753300284,52.427013185350866
Zambia,2009,26.50307,16.3,130.26,253950000.0,88.68,0.05,0.0,9.81,99.49291,2734.891,8.47,2490.00001,,9.220348406,1159.907499,25,752618.0,-13.133897,27.849332,Zambia,Zambia,Lower middle income,Sub-Saharan Africa,7.820439519276633,7.056957304966507,625.8109738044299,817.66049664408,49.800646404120144
Zambia,2010,22.0,16.2,142.25,397390000.0,88.59,0.05,0.0,10.36,99.51969,2768.134,7.89,2660.000086,,10.29822332,1489.459087,25,752618.0,-13.133897,27.849332,Zambia,Zambia,Lower middle income,Sub-Saharan Africa,7.886457303296366,7.3068394635632625,647.3129080770694,912.3196039188,53.38990294628547
Zambia,2011,28.15901,15.9,138.01,75360000.0,87.28,0.05,0.0,11.4,99.563324,2998.1587,7.85,3049.999952,,5.564602337,1672.907535,25,752618.0,-13.133897,27.849332,Zambia,Zambia,Lower middle income,Sub-Saharan Africa,8.023224668984122,7.422916013562091,647.8721096636993,485.67849197336,55.099682144396525
Zambia,2012,29.012726,15.5,134.28,10000.0,84.63,0.06,0.0,12.26,99.51299,3116.7373,7.65,4030.00021,,7.597593211,1763.069442,25,752618.0,-13.133897,27.849332,Zambia,Zambia,Lower middle income,Sub-Saharan Africa,8.301769815213419,7.475378602005059,632.6412910876882,642.98431344693,55.88128524331511
Zambia,2013,29.886272,15.1,154.25,1970000.0,84.56,0.05,0.0,13.18,99.62208,3198.5288,7.49,4239.999771,,5.05723174,1878.346811,25,752618.0,-13.133897,27.849332,Zambia,Zambia,Lower middle income,Sub-Saharan Africa,8.35255431547789,7.538679554494954,637.4707431280933,427.6395159344,56.83168942536024
Zambia,2014,27.9,14.6,149.51,233900000.0,83.77,0.35,0.0,14.01,97.562675,3323.3853,7.45,4690.000057,,4.697992363,1762.427817,25,752618.0,-13.133897,27.849332,Zambia,Zambia,Lower middle income,Sub-Saharan Africa,8.453401070479385,7.475014817168408,626.1819912341975,393.55082024851,55.87584651688725
Zambia,2015,31.1,14.0,145.55,1791180000.0,83.09,0.36,0.0,13.0,97.30539,3115.0676,7.41,4960.000038,,2.920375112,1338.290927,25,752618.0,-13.133897,27.849332,Zambia,Zambia,Lower middle income,Sub-Saharan Africa,8.509362619960795,7.199895593935723,598.2393249001193,242.65396805608,51.83849656357504
Zambia,2016,35.425453,13.4,148.58,109510000.0,83.07,0.65,0.0,10.97,94.4062,2846.699,7.33,5320.000172,,3.776679146,1280.806543,25,752618.0,-13.133897,27.849332,Zambia,Zambia,Lower middle income,Sub-Saharan Africa,8.57941656692112,7.156025723597589,594.4510568592516,313.72873665822,51.20870415679039
Zambia,2017,40.3,12.5,144.85,170340000.0,81.89,1.8,0.0,12.64,87.53463,3202.0718,7.44,6809.999943,,3.504336096,1535.196574,25,752618.0,-13.133897,27.849332,Zambia,Zambia,Lower middle income,Sub-Saharan Africa,8.826294222872503,7.337064883383732,600.8322433002938,286.97008290144,53.83252110298274
Zambia,2018,40.31789,11.9,140.76,54110000.0,82.28,2.24,0.0,13.89,86.11284,3494.5369,7.35,7730.000019,,4.034493897,1516.368371,25,752618.0,-13.133897,27.849332,Zambia,Zambia,Lower middle income,Sub-Saharan Africa,8.952993501778113,7.324732778479534,602.6790130132961,331.95815784516,53.65171027613252
Zambia,2019,43.0,11.2,142.11,78570000.0,84.5,2.05,0.0,12.62,86.0259,2983.8816,7.09,6800.000191,,1.441306026,1305.001031,25,752618.0,-13.133897,27.849332,Zambia,Zambia,Lower middle income,Sub-Saharan Africa,8.824824967259744,7.174725099269449,606.2642708882685,121.79035919699999,51.47668025008701
Zimbabwe,2000,33.65489,33.5,61.42,40000.0,69.26,3.3,0.0,3.44,51.038578,4919.5225,9.39,13700.0,,-3.059189762,563.0575041,38,390757.0,-19.015438,29.154857,Zimbabwe,Zimbabwe,Lower middle income,Sub-Saharan Africa,9.525224101853109,6.335156203924847,438.772918683835,-211.87948291612,40.13420412812748
Zimbabwe,2001,34.172844,33.6,61.2,280000.0,71.53,4.33,0.0,3.25,42.875988,4614.9575,9.23,13900.0,,1.439615384,568.3862905,38,390757.0,-19.015438,29.154857,Zimbabwe,Zimbabwe,Lower middle income,Sub-Saharan Africa,9.539716058977092,6.344559097455379,453.82631224098327,102.97568841752,40.25343014110381
Zimbabwe,2002,34.2,33.5,62.72,,74.3,4.12,0.0,4.14,50.121063,4561.243,9.96,12489.99977,,-8.894023633,530.5304463,38,390757.0,-19.015438,29.154857,Zimbabwe,Zimbabwe,Lower middle income,Sub-Saharan Africa,9.432763645552651,6.275760479866658,466.2890036540927,-660.8259559319,39.38516960065619
Zimbabwe,2003,35.18835,32.8,62.58,10000.0,77.83,2.98,0.0,5.56,65.105385,4397.342,11.47,10180.00031,,-16.99507469,478.0076044,38,390757.0,-19.015438,29.154857,Zimbabwe,Zimbabwe,Lower middle income,Sub-Saharan Africa,9.228278547556071,6.171716472859012,480.3446930826169,-1322.7266631226998,38.09008422135929
Zimbabwe,2004,35.6906,32.2,62.38,,81.58,3.63,0.0,5.78,61.42402,4045.2322,11.9,9770.000458,,-5.807538055,482.9984515,38,390757.0,-19.015438,29.154857,Zimbabwe,Zimbabwe,Lower middle income,Sub-Saharan Africa,9.187174140817744,6.182081707331348,504.3342256840914,-473.7789545269,38.21813423612088
Zimbabwe,2005,36.192314,31.7,62.09,500000.0,80.15,3.84,0.0,5.2,57.522125,4160.4126,13.24,10510.00023,,-5.71108368,476.5554025,38,390757.0,-19.015438,29.154857,Zimbabwe,Zimbabwe,Lower middle income,Sub-Saharan Africa,9.260177628705192,6.168680179368279,494.41971637636755,-457.743356952,38.05261515533106
Zimbabwe,2006,37.2,31.4,61.68,,78.59,2.23,0.0,5.45,70.96355,4158.7817,14.09,9829.999924,,-3.461495192,447.8547399,38,390757.0,-19.015438,29.154857,Zimbabwe,Zimbabwe,Lower middle income,Sub-Saharan Africa,9.193295929636276,6.106699316244969,479.92549926369213,-272.03890713928,37.29177653902677
Zimbabwe,2007,37.20401,31.0,61.18,,77.97,1.86,0.0,5.49,74.69388,4036.7202,14.4,9760.000229,,-3.653326859,431.7872587,38,390757.0,-19.015438,29.154857,Zimbabwe,Zimbabwe,Lower middle income,Sub-Saharan Africa,9.186150156635676,6.070246287866027,473.2971030649141,-284.84989519622997,36.84788999535128
Zimbabwe,2008,37.719345,30.5,67.35,,81.86,1.6,0.0,5.79,78.34912,3324.8596,16.34,7599.999905,,-17.66894629,356.6932344,38,390757.0,-19.015438,29.154857,Zimbabwe,Zimbabwe,Lower middle income,Sub-Saharan Africa,8.936035084067685,5.879675731912208,481.3102554143333,-1446.3799432994,34.57058671243736
Zimbabwe,2009,43.369083,30.5,66.6,20000.0,82.09,1.57,0.0,5.54,77.91843,3254.282,15.0,7750.0,,12.01955993,771.5990323,38,390757.0,-19.015438,29.154857,Zimbabwe,Zimbabwe,Lower middle income,Sub-Saharan Africa,8.955577146281511,6.649760197707451,545.8788146298047,986.6856746537001,44.219310687014236
Zimbabwe,2010,38.78255,30.15,65.79,,82.27,2.49,0.0,5.95,70.497635,3592.6724,12.71,9600.000381,,19.67532314,948.331481,38,390757.0,-19.015438,29.154857,Zimbabwe,Zimbabwe,Lower middle income,Sub-Saharan Africa,9.16962257838099,6.8557580326680325,564.023213347599,1618.6888347278,47.00141820249225
Zimbabwe,2011,36.9,30.1,66.2,1080000.0,79.27,3.43,0.0,5.51,61.633114,3860.7898,11.77,11409.99985,,14.19391296,1093.653409,38,390757.0,-19.015438,29.154857,Zimbabwe,Zimbabwe,Lower middle income,Sub-Saharan Africa,9.342333068289468,6.9981930706859234,554.7467647132731,1125.1514803392,48.97470625459648
Zimbabwe,2012,44.0,29.8,65.14,,77.5,3.25,0.0,5.68,63.60582,4106.9497,10.42,12010.00023,,16.66542877,1304.968011,38,390757.0,-19.015438,29.154857,Zimbabwe,Zimbabwe,Lower middle income,Sub-Saharan Africa,9.393578194703604,7.17469981566197,556.0392357138027,1291.570729675,51.47631744485991
Zimbabwe,2013,40.498375,29.8,64.44,319000000.0,78.87,3.9,0.0,5.36,57.88337,4085.332,10.48,12279.99973,,1.989492762,1429.998461,38,390757.0,-19.015438,29.154857,Zimbabwe,Zimbabwe,Lower middle income,Sub-Saharan Africa,9.415808609625204,7.266127704084174,573.0794920211189,156.91129413894,52.79661181205955
Zimbabwe,2014,32.3,29.5,63.38,17830000.0,80.27,3.92,0.0,5.79,59.62925,3940.8862,10.4,12079.99992,,2.376929327,1434.896277,38,390757.0,-19.015438,29.154857,Zimbabwe,Zimbabwe,Lower middle income,Sub-Saharan Africa,9.399389242897595,7.269544516498028,583.5263383392967,190.79611707829,52.84627747734655
Zimbabwe,2015,33.7,29.5,63.54,,80.82,4.02,0.0,5.37,57.188496,3860.9202,10.36,12430.00031,,1.779872703,1445.069702,38,390757.0,-19.015438,29.154857,Zimbabwe,Zimbabwe,Lower middle income,Sub-Saharan Africa,9.42794865672937,7.27660460487647,588.0951841661163,143.84931185646,52.94897457570944
Zimbabwe,2016,42.56173,29.8,62.88,30000.0,81.9,3.5,0.0,3.32,48.68035,3227.6802,10.0,11020.00046,,0.755869251,1464.588957,38,390757.0,-19.015438,29.154857,Zimbabwe,Zimbabwe,Lower middle income,Sub-Saharan Africa,9.30755786443004,7.290012459093444,597.0520203997531,61.905691656900004,53.14428165373764
Zimbabwe,2017,44.178635,29.8,62.33,5570000.0,82.46,3.05,0.0,4.3,58.503407,3068.0115,9.51,10340.00015,,4.709492179,1235.189032,38,390757.0,-19.015438,29.154857,Zimbabwe,Zimbabwe,Lower middle income,Sub-Saharan Africa,9.243871869690341,7.119788564835061,587.0977650562991,388.34472508033997,50.6913892079561
Zimbabwe,2018,45.572647,29.9,82.53,10000.0,80.23,3.73,0.0,5.46,59.412407,3441.9858,9.83,12380.00011,,4.82421054,1254.642265,38,390757.0,-19.015438,29.154857,Zimbabwe,Zimbabwe,Lower middle income,Sub-Saharan Africa,9.423918327305273,7.135402485599107,572.4733414196164,387.0464116242,50.91396863149391
Zimbabwe,2019,46.781475,30.1,81.4,250000.0,81.5,3.66,0.0,4.58,55.582527,3003.6553,10.47,11760.00023,,-6.144236314,1316.740657,38,390757.0,-19.015438,29.154857,Zimbabwe,Zimbabwe,Lower middle income,Sub-Saharan Africa,9.372544271407197,7.183673925594454,585.469424935948,-500.75525959099997,51.60517106926564
